date,url,likes,comments,letter,links,dateObject,month,year,dayOfYear
March-31-2025,https://heathercoxrichardson.substack.com/p/march-31-2025,9004,591,"On April 1, 1861, Secretary of State William Henry Seward wrote an astonishing letter to President Abraham Lincoln. Less than a month after Lincoln had taken office, Seward had little faith in the apparently uneducated president from the raw West and was angry that the Cabinet had overruled him to provision South Carolina’s Fort Sumter rather than evacuating it. Seward was convinced that he, rather than Lincoln, should lead the administration. Seward complained that Lincoln had not yet established “a policy either domestic or foreign” and said he had figured out the solution to the nation’s political crisis, in which seven states—South Carolina, Mississippi, Florida, Alabama, Georgia, Louisiana, and Texas—had seceded from the Union in the weeks after Lincoln was elected president but before he took office. “[W]e must,” Seward wrote, “ Change the question before the Public from one upon Slavery, or about Slavery for a question upon Union or Disunion .” The way to do that, he wrote, was to rally Americans around the flag. To do so, he told Lincoln, “I would demand explanations from Spain and France, categorically, at once. I would seek explanations from Great Britain and Russia, and send agents into Canada, Mexico and Central America, to rouse a vigorous continental spirit of independence on this continent against European intervention. And if satisfactory explanations are not received from Spain and France, Would convene Congress and declare war against them.” Modestly, Seward concluded: “Either the President must do it himself…or Devolve it upon some member of his Cabinet…. It is not in my especial province. But I neither seek to evade nor assume responsibility.” In other words, Seward proposed taking charge of the U.S. government from the elected president, and then bringing Americans together by starting a war with Spain, France, Great Britain, or Russia—who was on the other side really didn’t matter. A crisis could be created with any of them. The point was to quell dissent at home by turning Americans against another country. Lincoln spoke directly to Seward about his letter and then dropped the matter, leaving the secretary of state’s preposterous suggestion on the floor like the lead balloon it was. The two went on to forge a strong relationship, with Lincoln as the head of the administration and without starting a war with another country. But Seward’s missive demonstrated a historical truism: when one country invades another, it usually reflects the problems of the invader’s domestic politics, no matter what the justification for the invasion is. Although President Donald Trump never mentioned taking over Greenland—or Canada, or Panama, or Mexico—during the 2024 campaign, he has made such takeovers a key objective of his administration. On March 6, Trump addressed “the incredible people of Greenland” during a joint session of Congress, telling them that the U.S. needs Greenland “for national security and even international security…. And I think we’re going to get it. One way or the other, we’re going to get it.” On March 29, Trump told Kristen Welker of NBC News: “We’ll get Greenland. Yeah, 100%.” He said that there’s a “good possibility that we could do it without military force” but that “I don’t take anything off the table.” On Friday, Vice President J.D. Vance led a delegation to Greenland, an island of about 56,000 people that is a semiautonomous territory of Denmark. As founding members of both the United Nations in 1945 and the North Atlantic Treaty Organization (NATO) in 1949, Denmark and the United States are allies of long standing. Immediately after World War II, the American military maintained 17 bases and installations in Greenland, with thousands of soldiers, but now it maintains only the Pituffik Space Base on Greenland’s northwest coast with about 200 soldiers. It was there that Vance landed with his wife, as well as disgraced national security advisor Mike Waltz, Secretary of Energy Chris Wright, and Senator Mike Lee (R-UT) on Friday after Greenlanders and Danes opposed a more extended itinerary. Vance told Denmark it had “underinvested in the people of Greenland, and you have underinvested in the security architecture of this incredible, beautiful landmass filled with incredible people. That has to change.” Danish Prime Minister Mette Fredriksen dismissed Vance’s assertion, saying that Denmark is “a good and strong ally.” Danish foreign minister Løkke Rasmussen noted that a 1951 agreement between the U.S. and Denmark “offers ample opportunity for the United States to have a much stronger military presence in Greenland. If that is what you wish, then let us discuss it.” Greenland sits between the United States, Europe, and Russia on the Arctic Circle, where melting ice is making the seas more navigable. Climate change also offers access to Greenland’s rare earth minerals that are of strategic importance for modern economies, as well as oil and gas reserves. The Trump regime wants those resources, but perhaps even more to the point, the U.S. invading another country—any other country, but particularly an ally—demolishes a key founding principle of the post–World War II order: that countries will respect each other’s borders and sovereignty. In seizing Greenland from Denmark, the U.S. would justify Russia’s seizure of Ukrainian territory. That the United States is even talking about this is bonkers. Leaders from Greenland and Denmark have said the island is not for sale. National security scholar Tom Nichols posted: “The President of the United States just implied he would use force against an ally in an unprovoked war of aggression and conquest—and the entire world is so used to ignoring him like a crazy grandpa in the attic that it’s not the biggest story on the planet.” A Fox News poll conducted from March 14 to March 17 showed that only 26% of Americans like the idea of taking over Greenland. Americans also aren’t keen about the regime sweeping up legal U.S. residents in its deportation programs. A CBS News/YouGov survey from March 27–28 showed that 71% of Americans thought it was “not acceptable” for immigration authorities to mistakenly detain legal U.S. residents as part of the regime’s larger deportation program, while only 29% thought it would be acceptable. And yet, today Nick Miroff of The Atlantic reported that Trump administration attorneys admitted in a court filing that officials from Immigration and Customs Enforcement had seized and deported Kilmar Abrego Garcia by accident. Abrego Garcia fled gang threats in El Salvador when he was 16, and came to the U.S. He has no criminal record, works full time as a union sheet metal apprentice, is married to an American citizen, and is the father of a disabled U.S. citizen. He had been granted legal protected status from return to El Salvador after a judge found he was likely to be targeted by gangs if he was sent back. The U.S. government did not charge Abrego Garcia with a crime but deported him to El Salvador’s Terrorism Confinement Center (CECOT) because of an administrative error. “This was an oversight,” the government told the court. But, because he is no longer in U.S. custody, the government said it is beyond the reach of U.S. courts to get him back. Abrego Garcia’s attorney, Simon Sandoval-Moshenberg, told Miroff he had never seen a case where the government ignored protective legal status and deported someone. “They claim that the court is powerless to order any relief,’’ he told Miroff. “If that’s true, the immigration laws are meaningless—all of them—because the government can deport whoever they want, wherever they want, whenever they want, and no court can do anything about it once it’s done.” Tomorrow, voters will have a chance to weigh in on the government when elections take place in two Florida districts to fill seats vacated by the resignations of Mike Waltz, now national security advisor, and Matt Gaetz. Wisconsin, too, will hold an election, for a ten-year term on the state supreme court. That position will likely determine whether Wisconsin’s congressional maps remain gerrymandered in favor of Republicans, permitting them to pick up more seats than they have earned. Such skewing has made it possible for Republicans to retain control of the House of Representatives, and candidate Susan Crawford is likely to vote in favor of fair maps to replace the gerrymandered ones. While it is supposed to be a nonpartisan election, President Trump has thrown his weight behind candidate Brad Schimel. Billionaire Elon Musk has thrown his checkbook, putting almost $20 million behind Schimel. On Sunday Musk traveled to Wisconsin, where he said the election could determine “the future of America and Western Civilization,” warning that a court with Crawford on it would redraw the gerrymandered districts and “add seats for Democrats.” On Sunday, Musk gave away two checks for $1 million each to individuals who attended his rally for Schimel and signed a petition against “activist judges”. Musk got around the Wisconsin law against exchanging an item of value to get someone to vote or not to vote by claiming the checks were for “spokesperson agreements.” But the video recorded by one of the recipients linked her vote to Musk’s check, saying, “I did exactly what Elon Musk told everyone to do: sign the petition, refer friends and family, vote, and now I have a million dollars.” The other check for a million dollars went to the chair of the Wisconsin College Republicans, who has worked for Republican campaigns. “Let me talk for a minute or two about my opponent, Elon Musk,” Crawford told supporters on Monday. She announced her candidacy for the race before Trump was elected, and according to Scott Bauer of the Associated Press, she said she never imagined she would be fighting against “the richest man in the world.” Wisconsin Democratic Party chair Ben Wikler said he thought “people do not want to see Elon Musk buying election after election after election. If it works here, he’s going to do it all over the country.” Meanwhile Senator Cory Booker (D-NJ) has been speaking on the floor of the Senate since 7:00 tonight because, he said, “I believe sincerely that our country is in crisis.” “These are not normal times in America. And they should not be treated as such in the United States Senate.” — Notes: William Henry Seward to Abraham Lincoln, April 1, 1861, Library of Congress, available at: https://www.loc.gov/resource/mal.0866000/?sp=1&st=image Lincoln to William Henry Seward, April 1, 1861, Library of Congress, available at: https://www.loc.gov/resource/mal.0860800/?st=text&r=-0.083,0.179,1.112,1.26,0 https://www.nbcnews.com/politics/donald-trump/trump-says-couldnt-care-less-automakers-raise-prices-tariffs-rcna198731 https://apnews.com/article/greenland-future-trump-arctic-independence-denmark-minerals-4711a83c4490de99638db32029b668c9 https://www.whitehouse.gov/remarks/2025/03/remarks-by-president-trump-in-joint-address-to-congress/ https://apnews.com/article/greenland-trump-climate-change-minerals-trade-bab5bb60ba52f6073f056fb271c43215 https://www.cnn.com/2025/03/29/europe/denmark-lars-lokke-rasmussen-trump-administration-intl/index.html https://www.yahoo.com/news/heres-why-us-picking-fight-223528197.html https://www.politico.eu/article/usa-donald-trump-military-intervention-greenland-again-denmark/ https://www.npr.org/2025/03/30/nx-s1-5344942/trump-military-force-not-off-the-table-for-greenland https://www.cbsnews.com/news/danish-foreign-minister-scolds-trump-administration-jd-vance-greenland/ https://www.abc.net.au/news/2025-03-28/why-trump-wants-greenland-explainer/104937608 https://www.newsweek.com/donald-trump-greenland-takeover-idea-unpopular-what-polls-show-2052581 https://www.nytimes.com/article/trump-greenland-why.html https://www.cbsnews.com/news/opinion-poll-trump-economy-tariffs-deportation-immigration/ https://www.politico.eu/article/usa-donald-trump-military-intervention-greenland-again-denmark/ https://storage.courtlistener.com/recap/gov.uscourts.mdd.578815/gov.uscourts.mdd.578815.11.0.pdf https://www.theatlantic.com/politics/archive/2025/03/an-administrative-error-sends-a-man-to-a-salvadoran-prison/682254/ https://abcnews.go.com/Politics/wisconsin-supreme-court-race-passes-90-million-spending/story?id=120343103 https://www.jsonline.com/story/news/politics/elections/2025/03/31/who-were-the-wisconsinites-that-received-1-million-from-elon-musk/82742351007/ https://thehill.com/homenews/campaign/5222723-musk-wisconsin-supreme-court-race-might-decide-the-future-of-america-and-western-civilization/ https://abcnews.go.com/US/wisconsin-supreme-court-rejects-effort-block-musks-1m/story?id=120319945 https://thehill.com/homenews/campaign/5223074-trump-schimel-wisconsin-supreme-court/ https://www.jsonline.com/story/news/politics/elections/2025/03/31/who-were-the-wisconsinites-that-received-1-million-from-elon-musk/82742351007/ https://apnews.com/article/wisconsin-supreme-court-elon-musk-trump-acc4066ecd0e5222c4ecb9ddcb880df5 https://apnews.com/article/wisconsin-supreme-court-elon-musk-trump-8fe006c7f8fa40b663eccd6751bada98 https://www.cnn.com/2025/03/31/politics/booker-senate-floor-speech-trump-protest/index.html Bluesky: patriottakes.bsky.social/post/3llojyy5gjc2e X: radiofreetom/status/1906188526460318167 Share",,2025-03-31,3,2025,90
February-28-2020,https://heathercoxrichardson.substack.com/p/february-28-2020,194,0,"Today, Trump and his supporters doubled down on the idea that the coronavirus is a “hoax,” as Trump said, perpetrated by Democrats eager to tank his presidency. That would explain the dramatic drop of the stock market this week as nothing but an emotional reaction to “fake news.” It would mean that the strong economy Trump has hyped as his major contribution to the country—he denies that his predecessor Barack Obama had anything to do with it, although economic numbers under Obama were as good or better than today’s—remains intact, so long as people will ignore those dastardly Democrats... the Democrats that Donald Trump, Jr. says are hoping the coronavirus “comes here and kills millions of people so that they can end Donald Trump’s streak of winning.” This is one heck of a gamble, and it reveals the corner into which the administration’s reliance on a false narrative has painted it. Under Trump, the country is great again… so the virus can’t be a problem. The rising stock market has proved that the economy is brilliant and Trump gets all the credit for it… so the falling stock market must be fake, or else the fault of jealous Democrats. But the virus isn’t playing Trump’s game. It is spreading. Today, after we learned there are more than 85,000 known cases in the world and more than 2,900 known deaths, the director of the World Health Organization’s health emergencies program warned “every government on the planet” to “wake up. Get ready. You have a duty to your citizens. You have a duty to the world to be ready.” The WHO raised its risk assessment of the virus to “very high,” and just tonight, we have learned that the United States has its third case of coronavirus in a patient who has had no known contact with the infection, which indicates the virus is spreading within the community. Since we have not yet tested extensively, how far it has spread is unclear. The stock market isn’t buying Trump’s rosy assessment, either. It has slid for seven days, shedding more than 13% of its value, taking $4 trillion from global stock values. Worried, White House officials are talking of tax cuts to boost consumer confidence, but consumer confidence cannot address the fact that the virus has interrupted supply chains; cut into air travel, tourism, and entertainment; and hobbled economies as people stay home. Fears of infection are starting to slow down air travel within the U.S., too, as companies are calling off conferences and Americans stop traveling for vacations. Reports tonight suggest that China’s draconian quarantine measures actually worked, slowing the spread of the virus to enable health-care facilities to manage cases, but those measures also slowed economic production. Trump is depending on a strong economy to be reelected this fall. So, rather than encouraging us to take the simple precautions that would slow the virus enough to stagger our dangerous cases so healthcare facilities can manage them, Trump is urging his followers to adopt a religious view of coronavirus: “It’s going to disappear. One day it’s like a miracle, it will disappear.” To make sure the administration’s message cannot contradict him, government scientists may not speak directly to the media; all news about the virus must be cleared through Katie Miller (who recently married White House advisor Stephen Miller) at Vice President Pence’s office. Trump’s increasing insistence on ignoring the coronavirus reminds me of Nixon’s increasing paranoia when he became convinced “enemies” were working against his reelection in 1972 (and, of course, Roger Stone is a common denominator between these two presidents and their reelection campaigns). Nixon hunkered down with his own men around him and turned more and more toxic toward those he thought were working against him. Today, Trump announced he would nominate Texas Republican congressman John Ratcliffe to be his permanent Director of National Intelligence, despite the fact that when he tried to insert Ratcliffe before into the position to replace Dan Coats, lawmakers of both parties expressed concern about his lack of qualifications and his role as one of Trump’s key partisans in Congress. Since the DNI will be in charge of protecting the 2020 election against Russian interference, Trump’s insistence on reintroducing Ratcliffe into that role now suggests Trump is worried about his reelection, and is less interested in protecting our nation than in having a loyalist in a position key for the upcoming election. People are asking me a lot about that election, especially about whether or not Trump will call it off, or whether he will refuse to leave the White House even if he loses. My take on it is that I think it’s way too early to worry about either of those things. So much is happening in America these days we cannot predict even what will happen next week, and that election is more than eight months out. Want proof of how fast things are moving? The Ukraine Scandal broke slightly more than five months ago. And I looked back over these Letters to see when I first dedicated one to the coronavirus. It was forever ago, right? It was Tuesday. We could all use a break. Aside from everything else, tonight’s big takeaway is: wash your hands a LOT, don’t touch your face, eat right, get enough sleep (I know, I know…), read reputable sources about how best to handle public health... And we will ride this out together. —— Notes: Trump “hoax”: Aaron Rupar @atrupar Here’s Trump at his rally tonight in South Carolina dismissing worries about the coronavirus as the “new hoax” 1:52 AM ∙ Feb 29, 2020 3,148 Likes 1,619 Retweets Mulvaney, hoax: https://talkingpointsmemo.com/news/mick-mulvaney-accuse-media-harm-trump-coronavirus Don, Jr.: https://www.businessinsider.com/don-jr-dems-want-coronavirus-to-end-dads-streak-winning-2020-2?fbclid=IwAR3kQA5fDNtG-1Yv6j-I-fWVcs53UiB4S1yUV0ONE7y-4I0pKJUWrgVSfoE https://www.politico.com/news/2020/02/28/trump-south-carolina-rally-coronavirus-118269 https://www.washingtonpost.com/world/2020/02/28/coronavirus-live-updates/ stock markets: https://www.washingtonpost.com/us-policy/2020/02/28/stock-markets-tumble-because-coronavirus-this-time-feels-different/ https://www.washingtonpost.com/business/2020/02/28/coronavirus-cancel-travel/ miracle: https://www.cnn.com/2020/02/28/politics/donald-trump-coronavirus-miracle-stock-markets/index.html numbers: Ted Lieu @tedlieu If you believe @realDonaldTrump ’s words about the “new hoax,” then you are really stupid. Just today new #coronavirus cases were identified in Santa Clara County, CA and in Oregon. 

There are now over 85,000 cases worldwide & over 2,900 deaths. Don’t be stupid. Aaron Rupar @atrupar Here’s Trump at his rally tonight in South Carolina dismissing worries about the coronavirus as the “new hoax” https://t.co/Q58d7dI1cb 3:40 AM ∙ Feb 29, 2020 10,300 Likes 3,475 Retweets Ratcliffe: https://www.cnn.com/2020/02/28/politics/john-ratcliffe-dni-nominate/index.html Wake up: NBC News @NBCNews WATCH: Director of WHO's health emergencies program: ""This is a reality check for every government on the planet. Wake up. Get ready ... You have a duty to your citizens. You have a duty to the world to be ready."" 

Latest: nbcnews.to/2voQMHl 6:22 PM ∙ Feb 28, 2020 3,624 Likes 2,155 Retweets China’s measures worked: https://www.cbc.ca/news/health/covid-19-china-epicurve-1.5479983 https://www.cnn.com/2020/02/27/politics/pence-messaging-coronavirus/index.html",,2020-02-28,2,2020,59
October-24-2020,https://heathercoxrichardson.substack.com/p/october-24-2020,1613,153,"Too many late nights this week. I have to check out early tonight. The next two weeks are going to be stressful, so take a breath while you can. This, too, shall pass... and we'll get through it together. [Photo by Buddy Poland] Share",,2020-10-24,10,2020,298
January-27-2020,https://heathercoxrichardson.substack.com/p/january-27-2020,355,0,"Last night, news dropped that in his forthcoming book, Trump’s former National Security advisor John Bolton alleges that Trump told him directly that he was withholding congressionally appropriated funds to help Ukraine fight off Russian incursions until Ukraine agreed to announce an investigation into the Bidens. Republicans have insisted that there was no direct evidence that Trump himself directed the hold, and that, therefore, there was no evidence that the president had abused his power, as the first article of impeachment charges. The leaks from Bolton’s book, cheekily named The Room Where It Happened (this is a reference to a song from the wildly popular musical, Hamilton), demolish that argument. A key player is willing to testify to direct conversations about the issue that place it firmly in Trump’s lap. Shortly after midnight Sunday, in the wee hours of Monday morning, Trump tweeted: “I NEVER told John Bolton that the aid to Ukraine was tied to investigations into Democrats, including the Bidens. In fact, he never complained about this at the time of his very public termination. If John Bolton said this, it was only to sell a book.” The tweet was unfortunate, since if Bolton is lying, Trump should want him to testify under oath. Also, tweeting about the issue likely destroys Trump’s chances to protect the conversation under executive privilege. (Instead, the White House has floated the idea of going to court to get a restraining order against Bolton to stop him from speaking. This would tie the issue up in legal fights until the Senate finishes the trial.) The media chewed over the issue all day today, with New York Times reporter Maggie Haberman, who broke the story, saying that Republican Senators felt blindsided by the news and wanted to know who had had access to the manuscript. Fox News Channel personality Lou Dobbs called staunch Republican John Bolton “A Tool For The Left,” (which is hilarious, despite the deadly seriousness of all this). Trump supporters, including Representative Mark Meadows (R-NC), one of Trump’s closest allies, warned that Republicans breaking with Trump over impeachment could face “political repercussions.” But while senators do not want to buck Trump, they also don’t want to acquit the president only to have more damning information appear. Lindsey Graham (R-SC) and Senator James Langford (R-OK) tried to avoid asking for witnesses but still get some security, saying that the Senate should be allowed to see the manuscript. But the lawyers charged with defending Trump in the Senate today didn’t mention the new information at all until Alan Dershowitz mentioned it tonight only to say that even if Bolton’s accusations were true, they are not an impeachable offense. (Dershowitz is virtually the only constitutional scholar trying to make this argument.) Indeed, Jay Sekulow went so far as to say that “not a single witness” testified that they heard from Trump himself that the aid was linked to investigations… even as a direct witness has offered to testify, but is being blocked. Clearly Trump’s defenders are not trying to defend him against the charges brought by the House. So what are they doing? Today was a constant stream of attacks on Joe and Hunter Biden, in which Trump’s lawyers insisted that Trump’s focus on the announcement of an investigation into Burisma, the company on whose board Hunter Biden sat, was because he cared so deeply about corruption in Ukraine. (A quick recap of the actual facts, established in the impeachment hearings, among other places, might be in order: In 2006, George W. Bush named Hunter Biden to the board of directors of Amtrak; he resigned in 2009 to start an international consulting firm. In 2014, Biden joined the board of Burisma to lend credibility to the idea it was leaving behind its corrupt past—US Ambassador to Ukraine Marie Yovanovitch testified that putting Americans on boards to suggest they are clean is a common practice in Ukraine. Burisma is owned by an oligarch, Mykola Zlochevsky; Hunter Biden had just been discharged from the Navy Reserve after testing positive for cocaine. In 2015, Viktor Shokin became Ukraine’s prosecutor general. He vowed to investigate Burisma but did not follow through. Shokin was widely perceived as corrupt, and in fall 2015, Vice President Joe Biden, who was overseeing American policy toward Ukraine, led a number of western officials—including Republican politicians-- in calling for Shokin’s removal. He was fired in March 2016, and a new prosecutor cleared Zlochevsky.) Focusing so tightly on the Bidens actually weakens their argument that Trump cared more generally about corruption, so what are they up to? They are doing precisely what Ukraine President Volodymyr Zelensky refused to do: they are smearing the Bidens to help Trump in 2020. Tonight, Iowa Senator Joni Ernst laid it out: “Okay, Iowa caucuses, folks, Iowa caucuses are this next Monday evening. And I’m really interested to see how this discussion today informs and influences the Iowa caucus voters. Those Democratic caucus-goers. Will they be supporting Vice President Biden at this point? Not so certain about that.” The Trump team is also deliberately gas lighting Americans. To Pam Bondi they gave the argument about corruption and the improper use of political connections. As Florida’s attorney general, Bondi declined to pursue fraud charges against Trump University after Trump wrote her a campaign committee a $25,000 check (for which he was later fined). Until recently Bondi was a lobbyist for Ballard Partners, a firm boasting of its ties to the Trump administration to represent Qatar and Kuwait. Lev Parnas’s notes suggested hiring Ballard to lobby for indicted Ukraine oligarch Dmitry Firtash. To Ken Starr they gave the argument about lowering the standards of impeachment and using it as a political tool. Ken Starr, of course, was the man who pursued President Bill Clinton for years through a number of investigations that turned up nothing, only to corner him finally on charges that he had lied under oath about an extramarital affair. The House, controlled by Republicans, impeached Clinton, although many of the people insisting that it was a “character issue” that required his removal from office were themselves having extramarital affairs, including Speaker of the House Newt Gingrich (R-GA). Even Josh Marshall, the editor of Talking Points Memo , said it was so exhausting to watch the perpetrators bemoan the crimes that he had to stop listening. That is, of course, the plan. Still, news continues to drop. Today, Secretary of State Mike Pompeo continued his attacks on NPR. After accusing NPR reporter Mary Louise Kelly of lying only to be exposed by emails as the liar himself, Pompeo had another NPR correspondent, who on this trip was the representative for all radio reporters, banned from his plane on his upcoming trip to London and Kyiv. This means that the State Department— the government—is retaliating against the media for coverage the Secretary of State didn’t like. Tonight Rachel Maddow reported that Bolton’s lawyer delivered a single copy of the manuscript to the White House, but that the White House made copies. Standard procedure—to which Bolton’s lawyer specifically called the attention of the White House lawyers—meant that the only people who should’ve seen the manuscript were those whose job was to make sure it did not reveal classified information. It seems that the White House ignored that rule and distributed the manuscript more widely. Also tonight, the New York Times ran more information from Bolton’s manuscript, saying that Bolton privately told Attorney General William Barr last year that he was concerned that Trump was granting personal favors to the autocratic leaders of Turkey and China. (Back in October, Rolling Stone’s Ryan Bort did a good story on Trump’s attempts to help Turkish President Recep Tayyip Erdogan which likely covers some of the same territory Bolton’s book will.) At the Washington Post , Michael Gerson notes that Trump might finally have met his match in John Bolton. While the other people on whom Trump has turned beg for forgiveness and return to the fold, Bolton is taking the fight back to Trump. —— A note on notes: A number of people are complaining that they are not getting their Letters and I suspect it’s because servers are reading the more and more copious notes as signs of spam. I’m going to try a few Letters without notes and see if that solves the problem. If you are interested, the notes are still posted over at my professional Facebook page: Heather Cox Richardson.",,2020-01-27,1,2020,27
May-21-2020,https://heathercoxrichardson.substack.com/p/may-21-2020,281,0,"Two stories caught my attention today. First, the day after Trump removed the State Department Inspector General, he removed yet another Inspector General, this one from the Department of Transportation. Career public servant Mitch Behm was serving as the Acting Inspector General of the Department of Transportation. He is to be replaced by Howard R. Elliott, who is the Administrator of the Pipeline and Hazardous Materials Safety Administration (PHMSA) and who will continue to hold that office while also serving as the DOT IG. The kicker of this arrangement is that in his position as the administrator of PHMSA, Elliott reports to Elaine Chao, the Secretary of Transportation. So, rather than being independent, the Inspector General would actually report to the head of the department he is supposed to be inspecting. It appears that Inspector General Behm was on the chopping block because he was investigating Secretary Chao’s conflicts of interest. Chao is married to Senator Majority Leader Mitch McConnell (R-KY). Reports had surfaced that the Department of Transportation was steering contracts to Kentucky, where McConnell is running for reelection. The House Committee on Oversight and Reform, Committee on Transportation and Infrastructure, and Subcommittee on Government Operations, have all protested the firing and demanded documents relating to it. Second, Trump has announced that the United States is leaving the Open Skies Treaty. This treaty permitted signatories to it to monitor each other’s military activity by plane, enabling them to keep tabs on what each other was up to and thus, theoretically, making war less likely. Trump has argued that Russia is violating the treaty by limiting flights over critical areas, and is using that as a reason to abandon the treaty. But leaving the treaty means the U.S. and its allies will have less information on Russian military activity, including—crucially-- that on the border of Ukraine, enabling Russia to increase its pressure there. Retired four-star general and former Director of the National Security Agency General Michael Hayden tweeted “This is insane. I was the director of the CIA.” Russia expert Tom Nichols replied “The Russians can’t believe it’s all gotten this easy.” Representative Eliot L. Engel (D-NY), who chairs the House Foreign Affairs Committee, notes that the 2019 National Defense Authorization Act—a law Trump signed-- requires the president to give Congress 120 days’ notice before beginning the process of withdrawal. That’s it for tonight, folks, because I cannot hold my eyes open. See you on the flip side. —- Notes: https://www.reuters.com/article/us-usa-russia-openskies/u-s-says-pulling-out-of-open-skies-treaty-citing-russian-violations-idUSKBN22X1TK Hayden: Gen Michael Hayden @GenMhayden @RadioFreeTom This is insane.   I was the director of CIA. 2:51 PM ∙ May 21, 2020 18,441 Likes 4,860 Retweets Nichols: Tom Nichols @RadioFreeTom @TheRickWilson @GenMhayden The Russians can't believe it's all gotten this easy. 4:42 PM ∙ May 21, 2020 3,814 Likes 503 Retweets House complaint about DOT: https://oversight.house.gov/sites/democrats.oversight.house.gov/files/2020-05-19.CBM%20DeFazio%20GEC%20to%20Chao-DOT%20re%20Removal%20of%20Acting%20DOT%20IG.pdf DOT IG: https://www.politico.com/news/2020/05/19/democrats-blast-removal-of-acting-dot-inspector-general-268611",,2020-05-21,5,2020,142
May-16-2020,https://heathercoxrichardson.substack.com/p/may-16-2020,481,0,"Today former President Barack Obama gave two virtual graduation speeches. Midday, he spoke to the graduates of Historically Black Colleges and Universities (HBCUs), and in the evening, he spoke to the high school graduates of 2020 in an event called Graduate Together. Both speeches were a striking contrast to the language we have become accustomed to hearing from today’s White House. And while they were directed at this year’s graduates, they mapped out more generally a new direction for America than the one we have taken since 2017. The former president noted that we are in a frightening moment, when we are coping with a deadly pandemic and a terrible recession. But he also heralded the enormous possibilities of a time when all the cards have been thrown up into the air, waiting to be gathered up into new patterns. Obama noted that the pandemic had “fully, finally torn back the curtain on the idea that the folks in charge know what they’re doing. A lot of them aren’t even pretending to be in charge.” “Turns out that they don’t have all the answers. A lot of them aren’t even asking the right questions.” He called for today’s youth to honor “honesty, hard work, responsibility, fairness, generosity, respect for others.” He rejected the aggressive individualism that has defined America since the Reagan years. “[I]t doesn’t matter how much money you make if everyone around you is hungry and sick…. [O]ur society and democracy only works when we think not just about ourselves, but about each other.” He placed America’s strength in community. “No one does big things by themselves. Right now, when people are scared, it’s easy to be cynical and say let me just look out for myself, or my family, or people who look or think or pray like me. But if we’re going to get through these difficult times; if we’re going to create a world where everybody has the opportunity to find a job, and afford college; if we’re going to save the environment and defeat future pandemics, then we’re going to have to do it together. So be alive to one another’s struggles. Stand up for one another’s rights. Leave behind all the old ways of thinking that divide us — sexism, racial prejudice, status, greed — and set the world on a different path.” He urged young people to change the world. “If the world’s going to get better, it’s going to be up to you. With everything suddenly feeling like it’s up for grabs, this is your time to seize the initiative. Nobody can tell you anymore that you should be waiting your turn. Nobody can tell you anymore 'this is how it’s always been done.'"" ""More than ever,"" the former president said, ""this is your moment—your generation’s world to shape.” [Photo: Children's driftwood fort, 2018] —- Notes: https://www.axios.com/read-obama-delivers-hbcu-commencement-speech-ab461eec-7ee4-42ff-ad52-a7373afaa4f1.html https://www.nytimes.com/2020/05/16/us/obama-graduation-speech-transcript.html",,2020-05-16,5,2020,137
April-16-2025,https://heathercoxrichardson.substack.com/p/april-16-2025,6469,687,"In El Salvador today, authorities denied Senator Chris Van Hollen (D-MD) a meeting or a phone call with Kilmar Abrego Garcia, the man the Trump regime sent by “administrative error” to the terrorist prison CECOT. Abrego Garcia is Van Hollen’s constituent, and the senator promised his family to try to get him released. That Salvadoran officials cannot or will not produce him raises concerns about his well-being. Senator Van Hollen had hoped to meet with El Salvador’s president, Nayib Bukele, but met instead with Vice President Félix Ulloa. Ulloa at first told Van Hollen there had not been enough time to arrange a meeting with Abrego Garcia, but when the senator offered to come back next week, Ulloa allowed as how a meeting might not be possible at all. Van Hollen reported that when he asked Ulloa why El Salvador was continuing to imprison Abrego Garcia when it had no evidence that he was a gang member, Ulloa answered that the Trump administration is paying El Salvador to hold him. Evidently, President Donald Trump thinks what he is doing to Abrego Garcia and the optics of CECOT play well to his base. Jordain Carney and Nicholas Wu of Politico reported today that the White House has “heavily encouraged” Republican lawmakers to lean into the idea of Abrego Garcia—who has no criminal record—as an example of the dangerous criminals they insist Democrats want to bring to the U.S. Yesterday, out of the blue and with absolutely no evidence, White House press secretary Karoline Leavitt claimed that Abrego Garcia engaged in human trafficking. At least a dozen Republicans have followed the president’s lead. Congressional reporter Craig Caplan reported that yesterday, House Ways and Means committee chair Jason Smith (R-MO) led a delegation of Republican House members to tour CECOT. The delegation included representatives Ron Estes (KS), Kevin Hern (OK), Mike Kennedy (UT), Carol Miller (WV), Riley Moore (WV), and Claudia Tenney (NY). At least some of the representatives had photographs taken of them in CECOT, standing in front of the caged men. The delegation also met with U.S. Ambassador to El Salvador William Duncan, who posted on social media that “[t]he delegation is visiting the country to strengthen bilateral ties and discuss initiatives that promote economic development and mutual cooperation.” Two days ago, Bukele posted a picture of himself and Trump with their arms around each other with the comment: “Friends.” Ron Filipkowski of MeidasNews wrote: “We traded Europe for a guy that builds concentration camps for profit.” Trump is likely pushing his narrative about criminal undocumented immigrants—although Bloomberg has reported that 90% of the men he has sent to El Salvador have no criminal record—in part because that rendition is stirring up opposition. In addition to popular protests, judges are pushing back. Today, U.S. District Judge James Boasberg issued an opinion saying that the administration’s “hurried removal” of the men to El Salvador after Boasberg had issued a temporary restraining order (TRO) prohibiting them from doing so, demonstrated “a wilful disregard for its Order, sufficient for the Court to conclude that probable cause exists to find the Government in criminal contempt.” “The Constitution does not tolerate willful disobedience of judicial orders—especially by officials of a coordinate branch who have sworn an oath to uphold it,” Boasberg wrote. Quoting Chief Justice John Marshall, who laid down the foundations of much of America law, Boasberg wrote: “To permit such officials to freely ‘annul the judgments of the courts of the United States’ would not just ‘destroy the rights acquired under those judgments’; it would make ‘a solemn mockery’ of ‘the constitution itself.’” If the government decides not to try to repair its contempt, Boasberg says the court will use declarations, hearings, or depositions to identify the individuals responsible for making the judgment to ignore the court. Then he will ask the government to prosecute the contempt, but if—as is likely—it refuses, Boasberg says he will appoint a private prosecutor to move the case along. As legal analyst Joyce White Vance puts it: “These cases are about making sure that, American citizen or not, criminal or not, peoples’ right to have the day in court that the Constitution guarantees them is honored. That’s all. But it’s everything.” Trump is also likely playing to his base because Americans are terribly concerned about what’s happening to the economy on his watch. Stocks fell again today after Trump’s administration said it would put limits on chip sales to China and after Federal Reserve chair Jerome Powell told the Economic Club of Chicago that Trump’s tariffs will have “significantly larger than anticipated…economic effects, which will include higher inflation and slower growth.” The Dow Jones Industrial Average fell 700 points or 1.73%, the S&P 500 fell 2.24%, and the Nasdaq Composite fell 3.07%. Danielle Kaye of the New York Times reports on a recent Bank of America survey that shows global investors have dumped a record amount of U.S. stocks in the past two months. Trump insists that the U.S. has been bringing in $2 billion a day in tariffs, some of which he claims comes from his new levies, but, in fact, Lori Ann LaRocco of CNBC reported today that U.S. Customs and Border Protection says the U.S. is taking in only $250 million a day. Leila Fadel of NPR reports that China used to buy more than half the U.S. crop of soybeans and now soybean farmers are gravely concerned they’re going to lose that market. At the same time, we are heading in the prime months for the U.S. tourism industry, and Bloomberg reports that a worst-case scenario by the Goldman Sachs Group Inc. estimates that the U.S. could lose almost $90 billion as foreign tourists stay away from the U.S. and boycott American products. So Trump is hitting his MAGA themes hard. Today he escalated his attacks on Maine governor Janet Mills. Trump has demanded that Mills prohibit transgender girls in the public schools from participating in girls’ sports. Mills, who was Maine’s attorney general before she became governor, maintains she is bound by the 2021 state law that explicitly protects against discrimination on the basis of gender identity. As Jeremy Roebuck and Joanna Slater of the Washington Post note, Mills has said that law is “worthy of debate” but that Trump cannot change it by decree. On February 21, Trump threatened to withhold federal education funding for Maine unless Mills promised to comply with his ban. When she reiterated that “I’m complying with state and federal laws,” and that “We’re going to follow the law,” he warned: “You’d better comply because otherwise you’re not getting any federal funding.” Mills answered: “See you in court.” Since then, the administration has attacked the state, opening investigations, cutting and then restoring Social Security Administration contracts, and taunting Mills on social media. On Friday the Department of Education said it would pull all federal funding for education in Maine unless the state agreed to ban the state’s two transgender girls from playing on girls sports teams. Today the Justice Department sued Maine’s Department of Education, and Attorney General Pam Bondi threatened to pull past funding retroactively. Mills said the administration is trying “to pressure the State of Maine to ignore the Constitution and abandon the rule of law.” “For nearly two months, Maine has endured recriminations from the Federal government that have targeted hungry school kids, hardworking fishermen, senior citizens, new parents, and countless Maine people,” Mills said. “We have been subject to politically motivated investigations that opened and closed without discussion, leaving little doubt that their outcomes were predetermined. Let today serve as warning to all states: Maine might be among the first to draw the ire of the Federal government in this way, but we will not be the last.” Trump is also keeping his attack on Harvard in the news. Yesterday, after Harvard defied the regime’s attempt to take over the school, Trump posted “Perhaps Harvard should lose its Tax Exempt Status and be Taxed as a Political Entity if it keeps pushing political, ideological, and terrorist inspired/supporting ‘Sickness?’ Remember, Tax Exempt Status is totally contingent on acting in the PUBLIC INTEREST!” Today, Evan Perez, Alayna Treene, and Marshall Cohen of CNN reported that the Internal Revenue Service (IRS) is planning to take away Harvard University’s tax-exempt status. Law professor Sam Brunson noted that this is illegal. “In 1998,” he wrote, “Congress explicitly provided that the President could not, directly or indirectly, request that the IRS start or end an audit or other investigation of a taxpayer.” Brunson also noted that the move was “dumb.” “Unless Trump has super-secret information, Harvard hasn't done anything to violate its tax-exempt status.” Brunson added: “there's not a single competent attorney left in the Administration.” The Wall Street Journal editorial board helpfully noted that the Supreme Court “has repeatedly held that the government may not use federal benefits or funds to coerce parties to surrender their constitutional rights. This is what the Administration is doing” with its demands on Harvard. Sarah Longwell of The Bulwark reposted a clip of then-senator J.D. Vance (R-OH) on the Fox News Channel when a right-wing group falsely alleged the IRS was targeting them. ""This is about whether we have functional constitutional government in this country,” Vance told host Laura Ingraham. “If the IRS can go after you because of what you think or what you believe or what you do, we'd no longer live in a free country.“ — Notes: https://www.cbsnews.com/baltimore/news/kilmar-abrego-garcia-el-salvador-maryland-man-deported/ https://www.politico.com/news/2025/04/16/kilmar-abrego-garcia-congress-el-salvador-00295147 https://www.federalreserve.gov/newsevents/speech/powell20250416a.htm https://www.bloomberg.com/news/articles/2025-04-15/us-economy-is-set-to-lose-billions-as-foreign-tourists-stay-away https://www.nytimes.com/2025/04/16/business/stocks-trump-tariffs.html https://www.cnbc.com/2025/04/16/us-customs-tariffs-revenue-generated-since-april-5.html https://www.npr.org/2025/04/14/nx-s1-5361357/u-s-soybean-farmers-urge-trump-to-ease-tariffs-on-china-to-protect-their-industry https://www.washingtonpost.com/politics/2025/04/11/maine-education-trump-janet-mills/ https://www.washingtonpost.com/national-security/2025/04/16/justice-department-maine-transgender-athletes/ https://www.cnn.com/2025/04/16/politics/irs-harvard-tax-exempt-status/index.html https://www.wsj.com/opinion/donald-trump-harvard-funding-conditions-constitution-congress-c26040f8 https://www.bloomberg.com/news/articles/2025-04-09/about-90-of-migrants-sent-to-salvador-lacked-us-criminal-record https://ecf.dcd.uscourts.gov/cgi-bin/show_public_doc?2025cv0766-81 https://thehill.com/regulation/court-battles/5249835-abrego-garcia-deportation-el-salvador/ https://www.cnn.com/2025/04/16/investing/us-stock-market/index.html https://thehill.com/regulation/court-battles/5249835-abrego-garcia-deportation-el-salvador/ Youtube: watch?v=gu30vxluOe4&t=3362s Mills-Trump exchange at about 56:00. ​​ X: CraigCaplan/status/1912577886529147002 Bluesky: marisakabas.bsky.social/post/3lmx3342lsc2u ronfilipkowski.bsky.social/post/3lmsliutwkk2u sarahlongwell25.bsky.social/post/3lmxkthtxb22b smbrnsn.bsky.social/post/3lmxlgx4pok2o macfarlanenews.bsky.social/post/3lmx6wnmea22a Share",,2025-04-16,4,2025,106
March-7-2020,https://heathercoxrichardson.substack.com/p/march-7-2020,608,0,"Home late tonight, but have a little, anyway, to say. As I hiked this week, I thought about how the Trump administration’s muddled and inadequate response to the novel coronavirus fits in the larger pattern of the historical tensions in American government. It seems to me that, historically, we have swung between two extremes. When our lack of government oversight of the economy leads to the rise of extremely wealthy people who take over our political system and use it to promote their own interests, a crisis lays bare the misuse of the government for the rich. Americans then rise up and insist on an active government that protects the equality of opportunity on which our democracy depends. Three times before now, we have played out this pattern. In our history, equality and the protection of property have always struggled. In 1776, the Framers launched the idea of a government based on equality before the law for all white men. But almost as soon as the new nation won independence from England, its inhabitants discovered that there was no guarantee of equality in a land based on property ownership. In the 1790s, in the new frontier region of Kentucky, wealthy slave holders monopolized the best land, dominated the government, and then wrote laws that benefited themselves at the expense of poorer men. So many of the same men who had framed the Declaration of Independence put the Northwest Ordinance into effect in 1787: by outlawing primogeniture and enslavement in the western lands to the north of the Ohio River, it would, they hoped, prevent the concentration of wealth and subsequent consolidation of power in the hands of a few rich men. Then, in 1788, when they ratified the framework for that body of laws on which this nation would rest—our Constitution—they focused on the protection of property. The tension between equality and property has dominated our politics ever since. Three times in our history, we have had to adjust our government when a crisis revealed that the full-throated protection of property at the expense of all else was destroying the equality that underpins democracy. In the 1850s, Americans had to figure out how to absorb the crisis of westward expansion. When the 1848 Treaty of Guadalupe Hidalgo gave the vast American West to the United States, large slave owners tried to monopolize those new lands and plant there the human enslavement that brought extraordinary wealth into their own pockets. The spread of their system would enable them eventually to overawe the free states of the North and make enslavement national. Poor white men would not be able to compete in a land dominated by the very wealthy, but the slaveowners who dominated the government insisted that the government’s only role was to protect property. Wealth moved upward, and democracy was on the ropes. In response to the crisis sparked by westward expansion, the Republicans under Abraham Lincoln used the government to promote equality of opportunity to poor men on the make. They separated the national finances from the wealthy and rested them instead on ordinary Americans through national taxation—including an income tax—and offered land and an education to men whose fathers could not provide those things. Americans loved the new, active government, and after it won the Civil War, thought the new system was here to stay. But their very confidence proved to be the undoing of the new system, which fell apart as opponents insisted that an active government stole tax dollars from hardworking white men and redistributed them to those too lazy to work—often people of color. By the 1890s, the cycle had begun again. The government focused on protection of property alone. The rise of national corporations had concentrated wealth in the hands of a few wealthy men who, in turn, dominated politics. Leaders wrote laws to protect the J. D. Rockefellers and Andrew Carnegies of the nation, while ordinary men fell increasingly behind in a world in which they could not push back against their rich employers. Industrialization seemed to destroy the equality that underpinned democracy. To adjust to this new crisis on American democracy, voters backed government regulation of business along with government intervention in society to guarantee equality of opportunity to ordinary men and their children. Under Republican Theodore Roosevelt, the government began to regulate the actions of the so-called “Robber Barons,” trying to curb their exploitation of their workers and to get them to contribute to the urban societies in which they thrived. Congress also tried to limit child labor, so children could go to school, and to create an environment in which poor citizens could rise. Roosevelt recognized that, in order for an individual to thrive, government must grow stronger so it could level the playing field between the rich and the hardworking poor. And, as the Progressive Era began to file down the sharp edges of industrialization to restore the equality that underpinned democracy, Americans once again stopped paying attention, and a backlash unwound the laws of the progressives. In the 1920s, once again, the cycle began again. Men determined to protect their right to accumulate wealth insisted that the government had no role in regulation or social welfare, and must only protect property. They slashed taxes and regulation. Once again, wealth moved upward and, as rich men dominated the government, democracy was on the ropes. In the 1930s, Americans had to figure out how to adjust the government to an international world. The Great Crash of 1929 ushered in a worldwide depression and Democratic President Franklin Delano Roosevelt and congressional Democrats used the government to regulate business, provide a basic social safety net, and promote infrastructure to enable ordinary men to make a living. With the outbreak of World War Two, they used their new active government to defeat fascism and strengthen U.S. democracy. Their New Deal government was so popular most Americans assumed it was here to stay, and simply stopped thinking about it. And, once again, a backlash spearheaded by those who wanted the government simply to protect property erased much of the newly active government, and set out to erase more. When Republican Ronald Reagan took office in 1981, they began the process of dismantling the active post-WWII government. And, once again, wealth moved upward. As the wealthy gained more and more power, the legislation they backed endangered the equality on which democracy depends. Now, we are in the midst of another cycle. The rise of multi-national billionaires and international mobsters who are seeking to control western democracies by cyberwarfare illustrates that we are in yet another profound crisis. But our stripped-down government cannot handle this modern world. Trump’s response to the novel coronavirus shows just how unable our government is to answer the great problems of the day. In the past, similar times of crisis highlighted that the government's focus on the protection of property alone put the equality that underpins our democracy at risk. When that happened, Americans rose up and demanded a government that regulated the accumulation of wealth and promoted equality of opportunity for all, working for ordinary Americans rather than a small elite. It sure feels like we are in the midst of a sea change.",,2020-03-07,3,2020,67
January-17-2021,https://heathercoxrichardson.substack.com/p/january-17-2021,2313,237,"There is news today, but nothing that cannot wait. I'm going to fall into bed to get ready for whatever this week decides to bring. One thing, though, before I fall into oblivion: This is a traumatic time in so many profound ways, and we are all exhausted. But for all the trauma around us, there is reason to be at least a little excited. We are so very close to a new era.... I'll see you tomorrow. [Photo, Azimuth, by Peter Ralston] Share",,2021-01-17,1,2021,17
February-16-2025,https://heathercoxrichardson.substack.com/p/february-16-2025,6834,1017,"The sixty-first Munich Security Conference, the world’s leading forum for talking about international security policy, took place from February 14 to February 16 this year. Begun in 1963, it was designed to be an independent venue for experts and policymakers to discuss the most pressing security issues around the globe. At the conference on Friday, February 14, Vice President J.D. Vance launched what The Guardian’s Patrick Wintour called “a brutal ideological assault” against Europe, attacking the values the United States used to share with Europe but which Vance and the other members of the Trump administration are now working to destroy. Vance and MAGA Christian nationalists reject the principles of secular democracy and instead align with leaders like Hungarian prime minister Viktor Orbán. They claim that the equal rights central to democracy undermine nations by treating women and racial, religious, and gender minorities as equal to white Christian men. They want to see an end to the immigration that they believe weakens a nation's people, and for government to reinforce traditional religious and patriarchal values. Vance attacked current European values and warned that the crisis for the region was not external actors like Russia or China, but rather “the threat from within.” He accused Europe of censoring free speech, but it was clear—especially coming from the representative of a regime that has erased great swaths of public knowledge because it objects to words like “gender”—that what he really objected to was restrictions on the speech of far-right ideologues. After the rise and fall of German dictator Adolf Hitler, Germany banned Nazi propaganda and set limits on hate speech, banning attacks on people based on racial, national, religious, or ethnic background, as these forms of speech are central to fascism and similar ideologies. That hampers the ability of Germany’s far-right party Alternative for Germany, or AfD, to recruit before upcoming elections on February 23. After calling for Europe to “change course and take our shared civilization in a new direction,” Vance threw his weight behind AfD. He broke protocol to refuse a meeting with current German chancellor, Olaf Scholz, and instead broke a taboo in German politics by meeting with the leader of AfD Trump called Vance’s speech “very brilliant.” Bill Kristol of The Bulwark posted: “It's heartening that today the leaders of the two major parties in Germany are unequivocally anti-Nazi and anti-fascist. It's horrifying that today the president and vice-president of the United States of America are not.” German defense minister Boris Pistorius called Vance’s speech “unacceptable,” and on Saturday, Scholz said: “Never again fascism, never again, racism, never again aggressive war…. [T]oday’s democracies in Germany and Europe are founded on the historic awareness and realization that democracies can be destroyed by radical anti-democrats.” Vance and the Trump administration have the support of billionaire Elon Musk in their attempt to shift the globe toward the rejection of democracy in favor of far-right authoritarianism. David Ingram and Bruna Horvath of NBC News reported today that Musk has “encouraged right-wing political movements, policies and administrations in at least 18 countries in a global push to slash immigration and curtail regulation of business.” Musk, who cast apparent Nazi salutes before crowds on the day of President Donald Trump’s inauguration, wrote an op-ed in favor of AfD and recently spoke by video at an AfD rally, calling it “the best hope for Germany.” In addition to his support for Germany’s AfD, Ingram and Horvath identified Musk’s support for far-right movements in Brazil, Ireland, Argentina, Italy, New Zealand, South Africa, the Netherlands, and other countries. Last month, before Trump took office, French president Emmanuel Macron accused Musk of backing a global reactionary movement and of intervening directly in elections, including Germany’s. Musk’s involvement in international politics appears to have coincided with his purchase of Twitter in 2022. And indeed, social media has been key to the project of undermining democracy. Russian operatives are now pushing the rise of the far-right in Europe through social media as they did in the United States. Russian president Vladimir Putin has long sought to weaken the democratic alliances of the United States and Europe to enable Russia to take at least parts of Ukraine and possibly other neighboring countries without the formidable resistance that the North Atlantic Treaty Organization (NATO) would present. Russian state television praised Vance’s speech. One headline read: “Humiliated Europe out for the count. Its American master flogged its old vassals.” Russian pundits recognized that Vance’s turn away from Europe meant a victory for Russia. Vance’s speech came after Defense Secretary Pete Hegseth told other countries’ defense ministers on Wednesday, February 12, that he wanted to “directly and unambiguously express that stark strategic realities prevent the United States of America from being primarily focused on the security of Europe.” Since 1949, the United States has stood firmly behind the North Atlantic Treaty Organization (NATO) that said any attack on one of the signatories to that agreement would be an attack on all. Now, it appears, the U.S. is backing away. In that speech, Hegseth seemed to move the U.S. toward the ideology of Russian president Vladimir Putin that larger countries can scoop up their smaller neighbors. He echoed Putin’s demands for ending its war against Ukraine, saying that “returning to Ukraine’s pre-2014 borders is an unrealistic objective” and that the U.S. will not support NATO membership for Ukraine, thus conceding to Russia two key issues without apparently getting anything in return. He also said that Europe must take over assistance for Ukraine as the U.S. focuses on its own borders. On Wednesday, Trump spoke to Putin for nearly an hour and a half and came out echoing Putin’s rationale for his attack on Ukraine. Trump’s social media account posted that the call had been “highly productive,” and said the two leaders would visit each other’s countries, offering a White House visit to Putin, who has been isolated from other nations since his attacks on Ukraine. Also on Wednesday, Treasury Secretary Scott Bessent met with Ukraine president Volodymyr Zelensky and offered U.S. support for Ukraine in exchange for half the country’s mineral resources, although it was unclear if the deal the U.S. offered meant future support or only payment for past support. The offer did not, apparently, contain guarantees for future support, and Zelensky rejected it. On Saturday, while the Munich conference was still underway, the Trump administration announced it was sending a delegation to Saudi Arabia to begin peace talks with Russia. Ukrainian officials said they had not been informed and had no plans to attend. European negotiators have not been invited either. While the talks are being billed as “early-stage,” the United States is sending Secretary of State Marco Rubio and national security advisor Michael Waltz, suggesting haste. After Rubio and Russian foreign minister Sergei Lavrov spoke on Saturday, the Russian readout of the call suggested that Russia urgently needs relief from the economic sanctions that are crushing the Russian economy. It said the call had focused on “removing unilateral barriers inherited from the previous U.S. administration, aiming to restore mutually beneficial trade, economic, and investment cooperation.” On Friday, Russia’s central bank warned that the economy is faltering, while Orbán, an ally of both Putin and Trump, assured Hungarian state radio on Friday that Russia will be “reintegrated” into the world economy and the European energy system as soon as “the U.S. president comes and creates peace.” But the U.S. is not speaking with one voice. Republican leaders who support Ukraine are trying to smooth over Trump’s apparent coziness with Russia. Senate Armed Services Chair Roger Wicker (R-MS) called out Defense Secretary Pete Hegseth’s “rookie mistake” when he offered that the U.S. would not support Ukraine’s membership in NATO and that it was “unrealistic” for Ukraine to demand a return to its borders before Russia invaded in 2014, essentially offering to let Russia keep Crimea. Wicker said he was “puzzled” and “disturbed” by Hegseth’s comments and added: “I don’t know who wrote the speech—it is the kind of thing Tucker Carlson could have written, and Carlson is a fool.” Carlson, a former Fox News Channel personality, has expressed admiration for Orbán and Putin. “There are good guys and bad guys in this war, and the Russians are the bad guys,” Wicker said. “They invaded, contrary to almost every international law, and they should be defeated. And Ukraine is entitled to the promises that the world made to it.” Today on Face the Nation , Representative Dan Crenshaw (R-TX) said: “There is absolutely no way that Donald Trump will be seen—he will not let himself go down in history as having sold out to Putin. He will not let that happen.” Sarah Longwell of The Bulwark said: “I guess Republicans think this is how they manipulate Trump into doing the right thing. But Trump’s been selling out to Putin since Helsinki when he publicly sided with Putin over America’s intelligence community. And he hasn’t stopped selling out since. And the [Republican Party] lets him.” European leaders reported being blindsided by Trump’s announcement. German leader Scholz on Friday asked Germany’s parliament to declare a state of emergency to support Ukraine, and on Sunday, European leaders met for an impromptu breakfast to discuss European security and Ukraine. Macron invited leaders to Paris on Monday to continue discussions. Representatives of Germany, Britain, Italy, Poland, Spain, the Netherlands, and Denmark will attend, as will the secretary-general of NATO and the presidents of the European Council and the European Commission. After the Munich conference, in Writing from London , British journalist Nick Cohen wrote that those Americans trying to find an excuse for the betrayal of Ukraine are deluding themselves. He wrote: “[t]he radical right in the US is not engaged in a grand geopolitical strategy. It is pursuing an ideological campaign against its true enemy, which is not China or Russia but liberalism. The US culture war has gone global. The Trump administration hates liberals at home and liberal democracies abroad.” Proving his point, on Saturday after Vance’s speech, Trump’s social media account posted: “He who saves his Country does not violate any Law.” This message, attributed to French dictator Napoleon Bonaparte, not only claims that the president is above all laws, but also signals to supporters that they should support Trump with violence. And that is how they took it. Right-wing activist Jack Posobiec responded, “America will be saved[.] What must be done will be done,” to which Elon Musk responded: “Yes[.]” Political scientist Stathis Kalyvas posted: “There is now total clarity, no matter how unimaginable things might seem. And they amount to this: The U.S. government has been taken over by a clique of extremists who have embarked on a process of regime change in the world’s oldest democracy…. The arrogance on display is staggering. They think their actions will increase U.S. power, but they are in fact wrecking their own country and, in the process everyone else.” He continued: “The only hope lies in the sheer enormity of the threat: it might awake us out of our slumber before it is too late.” A year ago today, on February 16, 2024, Russian opposition leader Alexei Navalny died at the hands of Russian authorities in the prison where he was being held on trumped-up charges. — Notes: https://apnews.com/article/trump-gender-ideology-sex-pronouns-order-transgender-2d7e54837f5d0651ed0cefa5ea0d6301 https://www.theguardian.com/us-news/2025/feb/14/jd-vance-stuns-munich-conference-with-blistering-attack-on-europes-leaders https://www.pbs.org/wgbh/frontline/article/germanys-laws-antisemitic-hate-speech-nazi-propaganda-holocaust-denial/ https://www.theguardian.com/us-news/2025/feb/14/jd-vance-alice-weidel-meeting-germany-far-right https://www.nbcnews.com/news/world/elon-musk-far-right-germans-proud-past-sins-rcna189281 https://www.politico.eu/article/emmanuel-macron-elon-musk-new-international-reactionary-movement/ https://www.nbcnews.com/tech/elon-musk/elon-musk-boosting-far-right-politics-globe-rcna189505 https://thehill.com/policy/international/5147425-german-officials-jd-vance-censorship-munich-speech/ https://www.defense.gov/News/Speeches/Speech/Article/4064113/opening-remarks-by-secretary-of-defense-pete-hegseth-at-ukraine-defense-contact/ https://www.nytimes.com/2025/02/15/world/europe/ukraine-minerals-us-deal-rejected.html https://www.politico.eu/article/trump-team-to-start-russia-ukraine-peace-talks-saudi-arabia-putin-zelenskyy/ https://www.washingtonpost.com/national-security/2025/02/16/us-russia-ukraine-war-talks-saudi-arabia/ https://www.bbc.com/news/articles/cx242lw21jwo https://www.newsweek.com/russia-inflation-gdp-growth-2031744 https://www.reuters.com/world/europe/russia-be-reintegrated-into-world-economy-if-war-ukraine-ends-orban-says-2025-02-14/ https://www.nytimes.com/2025/02/14/us/politics/hegseths-wicker-ukraine.html https://www.politico.eu/article/france-macron-emergency-european-summit-trump-defense-crisis-war-trump-putin-paris/ https://www.msn.com/en-ie/news/world/trump-s-ukraine-gamble-forces-germany-into-emergency-action/ar-AA1z2awF https://www.politico.eu/article/senate-armed-services-chair-roger-wicker-pete-hegseth-war-in-ukraine-russia/ https://www.cnn.com/2025/02/16/world/alexey-navalny-death-anniversary-yulia-navalnaya-intl/index.html Bluesky: atrupar.com/post/3lhynjo6lyc2p ronfilipkowski.bsky.social/post/3liavmn7zn22n gtconway.bsky.social/post/3lid4tbh6jk2l Threads: @norwaygirlaroundtheworld/post/DGJnOXPhwhl X: SarahLongwell25/status/1891172059931168783 rpsagainsttrump/status/1890874015599776189 billkristol/status/1890869328951566553 tvietor08/status/1890899551386517984 goangelo/status/1890943362364035562 p_kallioniemi/status/1891068538917417002 Share",,2025-02-16,2,2025,47
November-30-2021,https://heathercoxrichardson.substack.com/p/november-30-2021,820,275,"The U.S. economy is booming. Federal Reserve Chair Jerome Powell testified today before the Senate Committee on Banking, Housing, and Urban Affairs, saying that although the rise in COVID cases due to the Delta variant had slowed recovery, the gross domestic product is still on track to grow about 5% in 2021. According to Christine Romans, CNN’s chief business correspondent, the last time we had that kind of growth was under the Reagan administration forty years ago. Unemployment is also down. The economy added 531,000 jobs in October, dropping the unemployment rate to 4.6 percent, the lowest rate since November 1969. The recovery is not even, though, with jobs harder to find for Black and Brown Americans than for White Americans. Meanwhile, the American Rescue Plan is restoring the nation’s basic social safety net. According to Treasury Secretary Janet Yellen, food insecurity dropped 24% for families as a result of Biden’s Child Tax Credit, creating “a profound economic and moral victory for the country.” Powell also noted that inflation is up, from the 2% level for which administrations aim to about 5%. He predicted that inflation will ease as supply chains smooth out and as the administration takes measures at its disposal. In illustration of what sort of measures those might be, Biden released 50 million barrels of the nation’s oil reserves to combat the rising gas prices that have grabbed headlines. Other nations, including India, the United Kingdom, and China, released some of theirs as well, and the price of WTI Crude has dropped back to what it was in early September. That fix may very well be temporary as economic growth puts pressure on oil supplies. The success of the Democrats’ measures illustrates the effectiveness of the “liberal consensus” of the years between World War II and the Reagan Revolution, when members of both parties believed the government should promote economic growth by supporting those at the demand side of the economy. That meant giving those just starting out access to resources which they would, in turn, reinvest in the economy, helping all to rise. The Reagan years reversed this popular understanding as lawmakers claimed instead that the best way to nurture the economy was to focus on the “supply side”—those wealthy people who, officials argued, would invest their money in the economy and create jobs. To free up capital for those people, Republicans focused on cutting taxes. But while that system never worked as promised, Republicans have come to believe that tax cuts are the most important way to expand the economy. With the American Rescue Plan helping the U.S. to recover from the economic crunch of the pandemic faster than other nations, and with the extraordinary numbers we’re now seeing, Biden’s plan has once again illustrated the power of supporting ordinary Americans. And such legislation is popular, so popular that, right on cue, Republicans who voted against the American Rescue Plan and the bipartisan infrastructure bill are advertising its benefits to their constituents as if they were responsible for it. Representative Rob Wittman (R-VA) has a new ad out boasting that “Congressman Rob Wittman is Bringing Broadband to the Northern Neck.” “It’s the future,” the ad reads, and Wittman “has helped bring broadband to thousands of homes and businesses. And he will not stop until every Virginian is given an equal opportunity to connect to the future.” Wittman voted against the bipartisan infrastructure bill. The headline-grabbing news today, though, came from investigations into the events surrounding the January 6 insurrection. Early this morning, Hugo Lowell of The Guardian reported that multiple sources told him that Trump had called the “war room” at the Willard Hotel several times on January 5 to talk about how they could stop Congress from counting the certified ballots that would make Joe Biden president. The team at the Willard was led by lawyers Rudy Giuliani, John Eastman, and Boris Epshteyn and Trump loyalist Steve Bannon. Trump called the lawyers separately from the others, trying to keep from jeopardizing claims of attorney-client privilege. Although those at the war room have maintained that they were acting only on the wishes of state legislators who worried about voter fraud, reports of phone calls from the president challenge that position. Lowell wrote: “Trump’s remarks reveal a direct line from the White House and the command center at the Willard. The conversations also show Trump’s thoughts appear to be in line with the motivations of the pro-Trump mob that carried out the Capitol attack and halted Biden’s certification, until it was later ratified by Congress.” After the story came out, Trump’s spokesperson said, “This is totally false,” but offered no more information. The House Select Committee to Investigate the January 6th Attack on the U.S. Capitol is looking into the Willard meetings. Today, though, it interviewed Georgia secretary of state Brad Raffensperger, the man who recorded a phone call with Trump as the then-president tried to get him to overturn the results of the election. Raffensperger testified for five hours. Also today, Trump’s former chief of staff, Mark Meadows, dropped his refusal to answer the January 6th committee’s subpoena and has begun to cooperate, providing records and agreeing to be interviewed. Meadows had refused to participate in the process, citing Trump’s order that he stay silent. But after a grand jury found Trump adviser Steve Bannon in contempt of Congress, and as the House considers charging former Justice Department lawyer Jeffrey Clark, who came up with a scheme to overturn the election and who has also refused to answer a subpoena, with criminal contempt of Congress, Meadows has apparently reconsidered his position. Former federal prosecutor and legal analyst Renato Mariotti notes that this is a good move on Meadows’s part because it means that any future refusals will go to court, not criminal prosecution. Meadows is the highest-ranking official to testify before the committee and has made it clear he continues to expect to keep mum about what he considers sensitive material. Still, his participation will indicate to others that they should tell their stories before someone else’s testimony makes their information worthless as a bargaining chip. The House committee today voted to hold Clark in contempt of Congress and passed the resolution on to the full House. The committee wrote: “The Select Committee believes that Mr. Clark had conversations with others in the Federal Government, including Members of Congress, regarding efforts to delegitimize, disrupt, or overturn the election results in the weeks leading up to January 6th,” and it expects him to comply with the subpoena. It rejects Clark’s contention that his conversations with Trump were a “sacred trust” and wrote that Trump had not, in fact, tried to assert executive privilege over Clark’s testimony. The committee noted that “the willful refusal to comply with a congressional subpoena is punishable by a fine of up to $100,000 and imprisonment for up to 1 year.” — Notes: Jeff Stein @JStein_WaPo Yellen: Food insecurity dropping 24 percent for families after Biden's Child Tax Credit ""a profound economic and moral victory for the country"" 3:21 PM ∙ Nov 30, 2021 14,295 Likes 3,004 Retweets Brian Tyler Cohen @briantylercohen So every news anchor on every network practically needs smelling salts to come back from their fainting spells over high gas prices. Biden strategically releases oil reserves with other countries to drive prices down. It works.

And not a word from the Very Concerned Media. 1:58 AM ∙ Nov 30, 2021 8,860 Likes 2,220 Retweets Renato Mariotti @renato_mariotti This is a smart move by Meadows.  Even if he refuses to answer certain questions, or turn over certain documents, that would likely result in a court fight, not a criminal prosecution. Annie Grayer @AnnieGrayerCNN EXCLUSIVE: Mark Meadows has begun cooperating with 1/6 committee by providing records & agreeing to appear for an initial interview,  a critical shift in the relationship between the top Trump ally and the panel. W/@ZcohenCNN @jamiegangel @ryanobles 
https://t.co/JVAY2zbDtn 7:09 PM ∙ Nov 30, 2021 489 Likes 105 Retweets https://airwars.org/conflict-data https://www.nytimes.com/2021/11/29/us/politics/jeffrey-clark-capitol-riot.html ​​ https://www.nytimes.com/2021/11/30/us/politics/capitol-riot-investigation-meadows.html https://www.businessinsider.com/treasury-secretary-yellen-warns-congress-to-raise-debt-ceiling-2021-11 https://www.businessinsider.com/trump-debt-ceiling-mcconnell-government-default-biden-agenda-economic-risk-2021-11 https://docs.house.gov/meetings/IJ/IJ00/20211201/114281/HRPT-117-NA.pdf Kamala Harris @KamalaHarris Unemployment claims fell to their lowest level in more than 50 years. President @JoeBiden ’s economic plan is working. 1:27 AM ∙ Nov 30, 2021 38,614 Likes 5,227 Retweets https://finance.yahoo.com/news/the-best-and-worst-states-for-jobs-as-new-unemployment-claims-fall-to-52-year-low-171331472.html https://www.federalreserve.gov/newsevents/testimony/powell20211130a.htm https://apnews.com/article/biden-oil-strategic-reserve-gas-prices-a7e0802b299cd627c7ffdeeb0e50bd2c https://www.theguardian.com/us-news/2021/nov/30/donald-trump-called-top-aides-capitol-riot-biden Share",,2021-11-30,11,2021,334
January-25-2022,https://heathercoxrichardson.substack.com/p/january-25-2022,793,391,"Tonight is not an imperative read, if you need a break from politics. It’s just more details emerging in ongoing stories. Today, the White House told reporters that it is preparing severe economic reprisals for any new Russian movement into Ukraine. Deputy Treasury Secretary Wally Adeyemo told Bloomberg Television that the sanctions are prepared; he did not deny that Russia might be expelled from the Society for Worldwide Interbank Financial Telecommunication (SWIFT), a system that facilitates international money transfers. The White House is also working with energy-producing nations in the Middle East, North Africa, and Asia to see if it will be possible to ease shortages of liquefied natural gas in Europe if Russia invades Ukraine and sanctions fall into place. Administration officials noted that the Russian economy is already taking a hit from the threatened economic sanctions. Indeed, Russian stocks sank 8% today, and the ruble has dropped to a 14-month low. Today the JPMorgan Chase bank stopped handling the ruble. It closed all its positions in Russian currency, saying that the buildup of troops made the currency too risky. The Moscow Times today reported that Russian businesses are preparing for heavy losses. When a reporter today asked President Biden if he would consider placing sanctions on Russian president Vladimir Putin himself if he invaded Ukraine, Biden responded: “Yes. I would see that.” There was a sign today that Putin’s position at home is not as strong as his military stance is designed to project. Russian authorities are cracking down on opposition to Putin’s leadership, and now they have added Alexei Navalny and some of his allies to a registry of terrorists. Putin had Navalny poisoned and then, when he survived to return to Russia, had him imprisoned. And yet, despite his removal from active politicking, Putin appears still to consider him a threat. Another major story developing today is the story of the attempt to overturn the results of the 2020 election. Georgia District Attorney Fani Willis last week asked for a special grand jury to investigate former president Donald Trump’s attempt to overturn the 2020 election. Willis has said she needs the grand jury because a number of potential witnesses for Trump’s actions refuse to testify without subpoenas, which the grand jury can provide. The judges on Fulton County’s Superior Court agreed to a grand jury to be impaneled May 2. This is the only investigation we know of that is focusing directly on Trump himself and his part in trying to steal the election. Observers say that he is at risk of being charged with racketeering or conspiracy; Willis hired an outside expert in state racketeering back in March. Trump was recorded on January 2, 2021, trying to bully Georgia Secretary of State Brad Raffensperger, asking him to “find 11,780 votes” to override the will of the voters and deliver the state to Trump. A number of people joined then-president Trump on the call, including then–White House Chief of Staff Mark Meadows and several lawyers, among them longtime right-wing attorney Cleta Mitchell, whose law firm distanced itself from her after Raffensperger made the call public (when she resigned days later, she blamed “left-wing pressure groups” for the need to resign). Curiously, Trump released a statement blasting the Georgia investigation and complaining that he is being investigated for “asking an Attorney General…to look for corruption.” But, so far as we know, he was being investigated for pressuring Georgia’s secretary of state. They are two different positions, two different men. Was Trump just confused when he issued the written statement, or was there another conversation? The House Select Committee to Investigate the January 6th Attack on the U.S. Capitol is also in the news. On Sunday, committee member Representative Zoe Lofgren (D-CA) told CNN’s Jim Acosta that Trump’s attorney general William Barr had appeared voluntarily before staff attorneys for the January 6 committee. Trump announced Barr’s resignation on Twitter on December 15, 2020, minutes after Congress counted in the Electoral College ballots certifying Biden as president. On December 14, false electors had met in seven states to declare for Trump; the plan to use those false votes to throw out the real ones may have been connected to Barr’s sudden removal. Also on Sunday, on the Fox News Channel , former Republican representative from Georgia Newt Gingrich attacked the January 6 committee as a lawbreaking lynch mob and said that when the Republicans retake the house and the Senate in fall 2022, the committee’s members will face “a real risk of jail.” And yet, today a federal judge in California strongly rejected the argument that the committee is not legitimate, an argument Trump loyalists have made as they have ignored subpoenas. At issue was the attempt of lawyer John Eastman, who wrote the infamous memo outlining how then–vice president Mike Pence could steal the election for Trump, to keep his former employer from turning documents over to the committee. Eastman invoked his Fifth Amendment’s right to silence to avoid self-incrimination 146 times in his own responses to the committee, and when it then subpoenaed his former employer, Chapman University, for the material it wanted, Eastman tried to stop the university from turning over nearly 19,000 of his emails that pertain to the insurrection. Eastman argued that the committee was illegitimate. Federal Judge David Carter rejected that argument. “The public interest here is weighty and urgent,” Carter wrote. “Congress seeks to understand the causes of a grave attack on our nation’s democracy and a near-successful attempt to subvert the will of the voter.” The committee appears to be getting answers. Today, right-wing personality Alex Jones of InfoWars told his followers that he met with the committee virtually on Monday and that he had taken the Fifth “almost 100” times, claiming he was worried he would misspeak and the misstatement would be used against him. He seemed taken aback to learn that the committee had his text messages and emails. Today, Jones walked back his rhetoric from early January and appeared to want to distance himself from the events of January 6. “Let’s get something clear for the committee and my audience and everybody else,” he said, “I don't want a civil war in this country, and that’s a terrible idea…. And I don't want lawlessness by anybody. And I don’t want anybody attacking anybody, OK?” — Notes: https://www.whitehouse.gov/briefing-room/statements-releases/2022/01/25/background-press-call-by-senior-administration-officials-on-russia-ukraine-economic-deterrence-measures/ https://www.bloomberg.com/news/articles/2022-01-25/u-s-treasury-s-adeyemo-says-russia-sanctions-at-the-ready ​​ https://www.cnbc.com/2022/01/24/russian-stocks-sink-ruble-plunges-as-conflict-fears-intensify.html Jason Corcoran @jason_corcoran Goodbye #ruble Tuesday: 
JP Morgan has completely withdrawn from the Russian ruble. The largest US bank has closed all remaining positions in Russian currency, citing unforeseeable risks in connection with the buildup of Russian forces on the border with Ukraine. 8:52 AM ∙ Jan 25, 2022 8,141 Likes 2,389 Retweets https://www.themoscowtimes.com/2022/01/25/as-markets-crash-and-war-fears-grow-russias-business-elite-suffers-in-silence-a76142 Reuters @Reuters President Joe Biden said that he would consider imposing direct sanctions on President Vladimir Putin if Russia invades Ukraine, as Western leaders stepped up preparations for any Russian military action in Ukraine reut.rs/3IC6Lln 9:25 PM ∙ Jan 25, 2022 646 Likes 239 Retweets https://www.reuters.com/business/energy/could-more-lng-supplies-get-europe-event-crisis-2022-01-25/ https://www.businessinsider.com/trump-lawyer-cleta-mitchell-quits-law-firm-2021-1 https://www.washingtonpost.com/politics/trump-raffensperger-call-transcript-georgia-vote/2021/01/03/2768e0cc-4ddd-11eb-83e3-322644d82356_story.html https://www.nytimes.com/2022/01/24/us/politics/trump-grand-jury-fani-willis-georgia.html https://apnews.com/article/business-europe-russia-media-vladimir-putin-9f74f41fb73884ab2362e4436c2553c6 https://www.nytimes.com/live/2022/01/25/world/ukraine-russia-us https://www.ajc.com/news/atlanta-news/breaking-fulton-judges-greenlight-special-grand-jury-for-trump-probe/DEBK3IQKLZHLBO6EYBGDXAHAU4/ https://www.cnn.com/2020/12/14/politics/william-barr-out-as-attorney-general/index.html Joyce Alene @JoyceWhiteVance Eastman is a lawyer who is smart and experienced enough to understand how the 5th Amendment works & nonetheless felt compelled to assert it to protect himself.  I wonder what he had to say about the other people in the room? Could be a compelling witness in public hearings. https://t.co/RBztNJmQpY Michael Isikoff @Isikoff At hearing on John Eastman's efforts to block 1/6 committee from getting his emails, Doug Letter, House counsel, reveals that Eastman, law prof who authored memo on how Pence could block certification of Electoral College vote, invoked 5th Amendment 146 times. 2:39 AM ∙ Jan 25, 2022 1,963 Likes 552 Retweets Teri Kanefield @Teri_Kanefield In John Eastman's application for TRO fighting the Jan6 committee's subpoena, he argued that (1) the committee lacked authority to issue the subpoena, and that the subpoena violated his 1st and 4th Amendment rights.

As expected, he lost.

1/ 4:15 AM ∙ Jan 25, 2022 539 Likes 122 Retweets https://www.cnn.com/2022/01/24/politics/eastman-january-6-committee-subpoena-chapman-university/index.html https://www.cnn.com/2022/01/25/politics/alex-jones-january-6-plead-fifth/index.html Katelyn Polantz @kpolantz John Eastman is in court right now trying to challenge a House Jan 6 subpoena for ~19,000 of his emails, including ones related to Trump

So far: 
-Chapman U, his employer, says he worked for Trump w/o permission
-His lawyer says he was working for Trump at MANY relevant moments 12:53 AM ∙ Jan 25, 2022 8,139 Likes 2,087 Retweets Michael Isikoff @Isikoff At hearing on John Eastman's efforts to block 1/6 committee from getting his emails, Doug Letter, House counsel, reveals that Eastman, law prof who authored memo on how Pence could block certification of Electoral College vote, invoked 5th Amendment 146 times. 10:53 PM ∙ Jan 24, 2022 19,169 Likes 6,156 Retweets Share",,2022-01-25,1,2022,25
April-15-2022,https://heathercoxrichardson.substack.com/p/april-15-2022,1260,421,"Early in the morning of April 15, 1865, President Abraham Lincoln breathed his last. The night before, he and his wife had gone to see a play—a comedy. One of the last men to talk to him before he left for the theater said it seemed the cares of the previous four years were melting away. The Confederacy was all but defeated, and the nation seemed to be on its way to a prosperous, inclusive new future. The bullet that killed Lincoln had been delivered by John Wilkes Booth, a famous actor poisoned by the belief that Lincoln’s use of the federal government to end human enslavement as a central part of the nation’s economy was tyranny. Since the 1830s, southern Democratic leaders had gotten around the sticky problem of the Declaration of Independence, with its insistence that “all men are created equal,” by insisting that democracy simply meant that men could elect their leaders at the state level. If voters chose to do unpopular things—like take Indigenous lands, enslave their Black neighbors, or impose taxes on Mexicans and Chinese and not on white men—that was their prerogative. Even if the vast majority of the U.S. population opposed those state laws, there was nothing the federal government could do to change them. The only thing the national government could do was to protect property, and that power was expansive: in 1859, enslavers would demand that the government take the extraordinary step of enforcing enslavement in the western territories. But, they insisted, the government had no power to do anything else. It could do nothing that the Framers had not enumerated in the Constitution, even if the vast majority of Americans wanted it to establish colleges for poor men, for example, or lay a road across the Cumberland Gap for western migrants, or dredge the harbors where trading schooners kept commerce flowing. To men like Lincoln, the men who organized the Republican Party, this simply made no sense. By its very nature, such an argument concentrated such wealth and power in a few men that the Republicans talked constantly of “oligarchy.” The point of a democratic government, they believed, was to answer the will of the majority of voters in the whole country. During the Civil War, the Republicans used the government to provide homesteads for settlers, create public colleges, distribute seeds (no small thing in an era when seeds were handed down in families and poor men often had no access to such legacies), charter a national railroad, invent national taxation, and—finally—end systemic human enslavement. This system was wildly popular, but those determined to retain control of their states insisted it was tyranny. No longer able to manipulate the political system in their favor, they turned to violence. “Sic semper tyrannis!”— thus always to tyrants— Booth yelled from the stage at Ford’s Theater, after pulling the trigger. The old Democratic argument for state’s rights has reemerged in the present-day Republican Party, and it has taken on many of the same contours as it had in the 1850s. Adherents are operating in a false reality, believing that their vision of the nation is the only correct one, and that they must impose their will on the rest of us, no matter what we want. As Senator Mike Lee (R-UT) tweeted on October 8, 2020, “Democracy isn’t the objective; liberty, peace, and prospe[r]ity are. We want the human condition to flourish. Rank democracy can thwart that.” That fear of democracy has brought us to the edge of losing our government. In an exclusive story today by Ryan Nobles, Annie Grayer, Zachary Cohen, and Jamie Gangel, CNN published 100 text messages between Senator Lee, Representative Chip Roy of Texas, and Trump’s White House chief of staff Mark Meadows. The messages were obtained by the House Select Committee to Investigate the January 6th Attack on the U.S. Capitol. They show elected members of our government eager to overturn the legitimate results of the 2020 election in which a national majority of 7 million people had chosen Democrat Joe Biden as president. On November 7, acting on the false narrative the Trump administration had established months before that the election would be marked by fraud, Lee was one of a number of right-wing lawmakers and leaders who offered to Trump their ""unequivocal support for you to exhaust every legal and constitutional remedy at your disposal to restore Americans faith in our elections."" On November 9, Lee told Meadows he was working to bring senators around to the idea of challenging the election. Roy wrote that they needed evidence of fraud: “We need ammo. We need fraud examples. We need it this weekend.” Gradually, though, Lee and Roy became concerned that the administration was long on accusations and short on evidence. On November 19, Trump’s public legal team—Sidney Powell, Rudy Giuliani, and Jenna Ellis—gave a press conference that was full of wild accusations, all of which were false, that might well have been designed simply to whip up Trump’s base for later attacks on the counting of electoral votes. (Trump’s team lost more than 60 lawsuits over the election, and when Dominion Voting Systems sued Powell for $1.3 billion over her accusations that their software flipped votes, her legal team argued that “reasonable people would not accept such statements as fact.”) In the wake of the conference, Lee worried that “the potential defamation liability for the president is significant here. For the campaign and the president personally. Unless Powell can back up everything she said, which I kind of doubt she can.” He believed the press conference was damaging enough that the president “should probably disassociate himself and refute any claims that can't be substantiated.” On November 22, he begged Meadows: “Please tell me what I should be saying.” Roy wrote: “If we don’t get logic and reason in this before 11/30—the GOP conference will bolt (all except the most hard core Trump guys).” Lee and Roy then turned to lawyer John Eastman’s plan to have states appoint “alternative slates of electors” in place of the legitimate, certified ones. By January 3, Lee specified that those new slates must be named “pursuant to state law,” and started calling state legislators. In the end, Lee and Roy came to see that the fight to keep Trump in power was unconstitutional. On December 31, Roy wrote: “The President should call everyone off. It's the only path. If we substitute the will of states through electors with a vote by Congress every 4 years...we have destroyed the electoral college... Respectfully.” On January 1, he added: “If POTUS allows this to occur...we’re driving a stake in the heart of the federal republic….” On January 4, Roy had abandoned the attack on the federal government, but other Republicans persisted. Roy texted: “I am truly sorry I am in a different spot then you and our brothers re: Wednesday. But I will defend all.” On January 6, during the riot, he texted: “This is a sh*tshow…. Fix this now.” “We are,” Meadows texted. Later that night, 8 senators and 139 representatives nonetheless voted to challenge certified state electoral votes electing Biden. Since January 6, the Republican Party has shifted its focus to the states to undermine the federal government. Nineteen states have changed their election laws to enable Republicans to win their states regardless of the will of the voters, sending Republican electors to put a Republican president in place. Encouraged by the Supreme Court’s “originalist” majority, which denies the ability of the federal government to protect civil rights in the states, Florida, Mississippi, Kentucky, Oklahoma, and Texas have all overridden the constitutional right to abortion, and Republican lawmakers have indicated they are gunning for birth control and interracial marriage as well. Dramatically, in the last week. Texas governor Greg Abbott has effectively shut down international trade across the U.S.-Mexico border, explicitly asserting state power over national power and thus driving prices up all across the country. One hundred and fifty-seven years ago today, Lincoln’s secretary of war, Edwin Stanton, stood heartbroken by the bedside of the man who had asserted the power of the federal government over the states and said, “Now he belongs to the ages.” — Notes: Mueller, She Wrote @MuellerSheWrote Since @SenMikeLee is back on the news, let’s remind everyone how much he openly hates democracy. Yes, this is real. 8:29 PM ∙ Apr 15, 2022 4,317 Likes 1,799 Retweets https://www.cnn.com/2022/04/15/politics/mike-lee-chip-roy-text-messages-jan-6-mark-meadows-overturn-election/index.html https://www.cnn.com/2020/11/19/politics/giuliani-trump-legal-team-press-briefing-fact-check/index.html https://www.washingtonpost.com/lifestyle/style/rudy-giuliani-press-conference-trump-election/2020/11/19/9192f928-2a9d-11eb-92b7-6ef17b3fe3b4_story.html ​​ https://apnews.com/article/dominion-lawsuit-sidney-powell-0031ce89ba24bdeae0402861e20ede69 https://www.washingtonpost.com/politics/2022/02/08/sidney-powells-legal-team-perhaps-kraken-wasnt-real-after-all/ https://www.cnn.com/2022/04/15/politics/mike-lee-chip-roy-text-messages-jan-6-mark-meadows-overturn-election/index.html https://www.nytimes.com/article/abortion-laws-us.html https://www.cnn.com/2022/04/15/politics/read-mark-meadows-texts-mike-lee-chip-roy/index.html Share",,2022-04-15,4,2022,105
November-13-2024,https://heathercoxrichardson.substack.com/p/november-13-2024,5474,967,"Republican senators today elected John Thune of South Dakota to be the next Senate majority leader. Trump and MAGA Republicans had put a great deal of pressure on the senators to back Florida senator Rick Scott, but he marshaled fewer votes than either Thune or John Cornyn of Texas, both of whom were seen as establishment figures in the mold of the Republican senators’ current leader, Mitch McConnell of Kentucky. Scott lost on the first vote. The fact that the vote was secret likely helped Thune’s candidacy. Senators could vote without fear of retaliation. The rift between the pre-2016 leaders of the Republican Party and the MAGA Republicans is still obvious, and Trump’s reliance on Elon Musk and his stated goal of deconstructing the American government could make it wider. Republican establishment leaders have always wanted to dismantle the New Deal state that began under Democratic president Franklin Delano Roosevelt and continued under Republican president Dwight D. Eisenhower and presidents of both parties until 1981. But they have never wanted to dismantle the rule of law on which the United States is founded or the international rules-based order on which foreign trade depends. Aside from moral and intellectual principles, the rule of law is the foundation on which the security of property rests: there is a reason that foreign oligarchs park their money in democracies. And it is the international rules-based order that protects the freedom of the seas on which the movement of container ships, for example, depends. Trump has made it clear that his goal for a second term is to toss overboard the rule of law and the international rules-based order, instead turning the U.S. government into a vehicle for his own revenge and forging individual alliances with autocratic rulers like Russian president Vladimir Putin. He has begun moving to  put into power individuals whose qualifications are their willingness to do as Trump demands, like New York representative Elise Stefanik, whom he has tapped to be the U.S. ambassador to the United Nations, or Florida senator Marco Rubio, who Trump said today would be his nominee for secretary of state. Alongside his choice of loyalists who will do as he says, Trump has also tapped people who will push his war on his cultural enemies forward, like anti-immigrant ideologue Stephen Miller, who will become his deputy chief of staff and a homeland security advisor. Today, Trump added to that list by saying he plans to nominate Florida representative Matt Gaetz, who has been an attack dog for Trump, to become attorney general. Trump’s statement tapping Gaetz for attorney general came after Senate Republicans rejected Scott, and appears to be a deliberate challenge to Republican senators that they get in line. In his announcement, Trump highlighted that Gaetz had played “a key role in defeating the Russia, Russia, Russia Hoax.” But establishment Republican leaders understand that some of our core institutions cannot survive MAGA’s desire to turn the government into a vehicle for culture war vengeance. Gaetz is a deeply problematic pick for AG. A report from the House Ethics Committee investigating allegations of drug use and sex with a minor was due to be released in days. Although he was reelected just last week, Gaetz resigned immediately after Trump said he would nominate him, thus short-circuiting the release of the report. Last year, Republican senator Markwayne Mullin of Oklahoma told CNN that “we had all seen the videos he was showing on the House floor, that all of us had walked away, of the girls that he had slept with. He would brag about how he would crush [erectile dysfunction] medicine and chase it with an energy drink so he could go all night."" While South Carolina senator Lindsey Graham said he would be willing to agree to the appointment, other Republican senators drew a line. “I was shocked by the announcement —that shows why the advise and consent process is so important,” Senator Susan Collins (R-ME) said. “I’m sure that there will be a lot of questions raised at his hearing.” Senator Lisa Murkowski (R-AK) was blunt: “I don’t think he’s a serious candidate.” If the idea of putting Gaetz in charge of the country’s laws alarmed Republicans concerned about domestic affairs, Trump’s pick of the inexperienced and extremist Fox & Friends host Pete Hegseth to take over the Department of Defense was a clarion call for anyone concerned about perpetuating the global strength of the U.S. The secretary of defense oversees a budget of more than $800 billion and about 1.3 million active-duty troops, with another 1.4 million in the National Guard and employed in Reserves and civilian positions. The secretary of defense also has access to the nuclear command-and-control procedure. Over his nomination, too, Republican senators expressed concern. While Trump is claiming a mandate to do as he wishes with the government, Republicans interested in their own political future are likely noting that he actually won the election by a smaller margin than President Joe Biden won in 2020, despite a global rejection of incumbents this year. And he won not by picking up large numbers of new voters—it appears he lost voters—but because Democratic voters of color dropped out, perhaps reflecting the new voter suppression laws put into place since 2021. Then, too, Trump remains old and mentally slipping, and he is increasingly isolated as people fight over the power he has brought within their grasp. Today his wife, Melania, declined the traditional invitation from First Lady Jill Biden for tea at the White House and suggested she will not be returning to the presidential mansion with her husband. It is not clear either that Trump will be able to control the scrabbling for power over the party by those he has brought into the executive branch, or that he has much to offer elected Republicans who no longer need his voters, suggesting that Congress could reassert its power. Falling into line behind Trump at this point is not necessarily a good move for a Republican interested in a future political career. Today the Republicans are projected to take control of the House of Representatives, giving the party control of the House, the Senate, and the presidency, as well as the Supreme Court. But as the downballot races last week show, MAGA policies remain unpopular, and the Republican margin in the House will be small. In the last Congress, MAGA loyalists were unable to get the votes they needed from other Republicans to impose Trump’s culture war policies, creating gridlock and a deeply divided Republican conference. The gulf between Trump’s promises to slash the government and voters’ actual support for government programs is not going to make the Republicans’ job easier. Conservative pundit George Will wrote today that “the world’s richest person is about to receive a free public education,” suggesting Elon Musk, who has emerged as the shadow president, will find his plans to cut the government difficult to enact as elected officials reject cuts to programs their constituents like. Musk’s vow to cut “at least” $2 trillion from federal spending, Will notes, will run up against reality in a hurry. Of the $6.75 trillion fiscal 2024 spending, debt service makes up 13.1%; defense—which Trump wants to increase—is 12.9%. Entitlements, primarily Social Security and Medicare, account for 34.6%, and while the Republican Study Group has called for cuts to them, Trump said during the campaign, at least, that they would not be cut. So Musk has said he would cut about 30% of the total budget from about 40% of it. Will points out that Trump is hardly the first president to vow dramatic cuts. Notably, Ronald Reagan appointed J. Peter Grace, an entrepreneur, to make government “more responsive to the wishes of the people” after voters had elected Reagan on a platform of cutting government. Grace’s commission made 2,478 recommendations but quickly found that every lawmaker liked cuts to someone else’s district but not their own. Will notes that a possible outcome of the Trump chaos might be to check the modern movement toward executive power, inducing Congress to recapture some of the power it has ceded to the president in order to restore the stability businessmen prefer. Franklin Delano Roosevelt was himself a wealthy man, and in the 1930s he tried to explain to angry critics on the right that his efforts to address the nation’s inequalities were not an attack on American capitalism, but rather an attempt to save it from the communism or fascism that would destroy the rule of law. “I want to save our system, the capitalistic system,” FDR wrote to a friend in 1935. “[T]o save it is to give some heed to world thought of today.” The protections of the system FDR ushered in—the banking and equities regulation that killed crony finance, for example—are now under attack by the very sort of movement he warned against. Whether today’s lawmakers are as willing as their predecessors were to stand against that movement remains unclear, especially as Trump tries to bring lawmakers to heel, but Thune’s victory in the Senate today and the widespread Republican outrage over Trump’s appointment of Gaetz and Hegseth are hopeful signs. Notes: https://apnews.com/article/senate-leader-thune-cornyn-scott-mcconnell-trump-c3c1c451a420729136ae641a14d9d5d6 https://www.usatoday.com/story/news/politics/elections/2024/11/11/stephen-miller-trump-white-house-deputy-chief-staff/76195963007/ https://www.nytimes.com/2024/11/13/us/politics/trump-house-elon-musk.html https://talkingpointsmemo.com/edblog/first-hints https://apnews.com/article/trump-administration-senior-staff-0c65537ce9cd79194f1bcf60aad88f92 https://www.washingtonpost.com/opinions/2024/11/13/donald-trump-elon-musk-federal-spending/ https://www.finance.senate.gov/imo/media/doc/HRG98-744.pdf https://www.washingtonpost.com/opinions/2024/11/13/donald-trump-elon-musk-federal-spending/ https://www.msnbc.com/top-stories/latest/republican-majority-house-control-democrat-election-defeat-rcna174560 https://www.thedailybeast.com/how-to-beat-the-demagogues/ https://www.nytimes.com/2024/11/13/us/politics/matt-gaetz-attorney-general-senate-republicans.html https://thehill.com/regulation/court-battles/4989060-matt-gaetz-trump-attorney-general/ https://www.politico.com/news/2024/11/13/matt-gaetz-resigns-congress-00189488 https://www.axios.com/2024/11/14/melania-trump-first-lady-white-house-2024 https://www.nbcnews.com/politics/justice-department/justice-department-stunned-trumps-choice-matt-gaetz-attorney-general-rcna180071 X: kylegriffin1/status/1856816960769855533 DavidPepper/status/1856797586210132363 Share",,2024-11-13,11,2024,318
December-18-2021,https://heathercoxrichardson.substack.com/p/december-18-2021,5470,382,"I'd say I'm going to take tonight off, but I already did-- I've been asleep on the couch for hours (all the way through Bullitt!) and am just over here to post a picture so you all know I'm alive, and then I'm falling into bed. Semester ended this week. Can you tell? I'll see you tomorrow. [Photo by Buddy Poland. Mornings lately have been spectacular.] Share",,2021-12-18,12,2021,352
September-1-2024,https://heathercoxrichardson.substack.com/p/september-1-2024,3554,418,"Almost one hundred and forty-two years ago, on September 5, 1882, workers in New York City celebrated the first Labor Day holiday with a parade. The parade almost didn’t happen: there was no band, and no one wanted to start marching without music. Once the Jewelers Union of Newark Two showed up with musicians, the rest of the marchers, eventually numbering between 10,000 and 20,000 men and women, fell in behind them to parade through lower Manhattan. At noon, when they reached the end of the route, the march broke up and the participants listened to speeches, drank beer, and had picnics. Other workers joined them. Their goal was to emphasize the importance of workers in the industrializing economy and to warn politicians that they could not be ignored. Less than 20 years before, northern men had fought a war to defend a society based on free labor and had, they thought, put in place a government that would support the ability of all hardworking men to rise to prosperity. But for all that the war had seemed to be about defending men against the rise of an oligarchy that intended to reduce all men to a life of either enslavement or wage labor, the war and its aftermath had pushed workers’ rights backward. The drain of men to the battlefields and the western mines during the war resulted in a shortage of workers that kept unemployment low and wages high. Even when they weren’t, the intense nationalism of the war years tended to silence the voices of labor organizers. “It having been resolved to enlist with Uncle Sam for the war,” one organization declared when the war broke out, “this union stands adjourned until either the Union is safe, or we are whipped.” Another factor working against the establishment of labor unions during the war was the tendency of employers to claim that striking workers were deliberately undercutting the war effort. They turned to the government to protect production, and in industries like Pennsylvania's anthracite coal fields, government leaders sent soldiers to break budding unions and defend war production. During the war, government contracting favored those companies that could produce big orders of the mule shoes, rifles, rain slickers, coffee, and all the other products that kept the troops supplied. The owners of the growing factories grew wealthy on government contracts, even as conditions in the busy factories deteriorated. While wages were high during the war, they were often paid in greenbacks, which were backed only by the government’s promise to pay. While farmers and some entrepreneurs thrived during the war, urban workers and miners had reason to believe that employers had taken advantage of the war to make money off them. After the war, they began to strike for better wages and safer conditions. In August 1866, 60,000 people met as the National Labor Union in Baltimore, Maryland, where they called for an eight-hour workday. Most of those workers calling for organization simply wanted a chance to rise to comfort, but the resolutions developed by the group’s leaders after the convention declared that workers must join unions to reform the abuses of the industrial system. To many of those who thought the war would create a country where hard work would mean success, the resolutions seemed to fly in the face of that harmony, echoing the southern enslavers by dividing the world into people of wealth and workers, and asking for government intervention, this time on the side of workers. Republicans began to redefine their older, broad concept of workers to mean urban unskilled or semi-skilled wage laborers specifically. Then in 1867, a misstep by Senator Benjamin Wade of Ohio made the party step back from workers. Wade had been a cattle drover and worked on the Erie Canal before studying law and entering politics, and he was a leader among those who saw class activism as the next step in the party’s commitment to free labor. His fiery oratory lifted him to prominence, and in March 1867 the Senate chose him its president pro tempore, in effect making him the nation’s acting vice president in those days before there was a process for replacing a vice president who had stepped into the presidency. Wade joined a number of senators on a trip to the West, and in Lawrence, Kansas, newspapers reported—possibly incorrectly—that Wade predicted a fight in America between labor and capital. “Property is not equally divided,” the reporter claimed Wade said, “and a more equal distribution of capital must be worked out.” Congress, which Wade now led, had done much for ex-slaves and must now address “the terrible distinction between the man that labors and him that does not.” Republican newspapers were apoplectic. The New York Times claimed that Wade was a demagogue. Every hard worker could succeed in America, it wrote. “Laborers here can make themselves sharers in the property of the country,—can become capitalists themselves,—just as nine in ten of all the capitalists in the country have done so before them,—by industry, frugality, and intelligent enterprise.” Trying to get rich by force of law would undermine society. Congress established an eight-hour day for federal employees in June 1868, but in that year’s election, voters turned Wade, and others like him, out of office. In 1869, Republican president Ulysses S. Grant issued a proclamation saying that the eight-hour workday of ""laborers, workmen, and mechanics"" would not mean cuts in wages. Then, in spring 1871, in the wake of the Franco-Prussian War, workers took over the city of Paris and established the Paris Commune. The transatlantic cable had gone into operation in 1866, and American newspapers had featured stories of the European war. Now, hungry for dramatic stories, they plastered details of the Commune on their front pages, describing it as a propertied American’s worst nightmare. They highlighted the murder of priests, the burning of the Tuileries Palace, and the bombing of buildings by crazed women who lobbed burning bottles of newfangled petroleum through cellar windows. The Communards were a “wild, reckless, irresponsible, murderous mobocracy” who planned to confiscate all property and transfer all money, factories, and land to associations of workmen, American newspapers wrote. In their telling, the Paris Commune brought to life the chaotic world the elite enslavers foresaw when they said it was imperative to keep workers from politics. Scribner’s Monthly warned in italics: “ the interference of ignorant labor with politics is dangerous to society .” Famous reformer Charles Loring Brace looked at the rising numbers of industrial workers and the conditions of city life, and warned Americans, “In the judgment of one who has been familiar with our ‘dangerous classes’ for twenty years, there are just the same explosive social elements beneath the surface of New York as of Paris.” At the same time, it was also clear that wealthy industrialists were gaining more and more control over both state and local governments. In 1872 the Credit Mobilier scandal broke. This was a complicated affair, and what had actually happened was almost certainly misrepresented, but it seemed to show congressmen taking bribes from railroad barons, and Americans were ready to believe that they were doing so. Then, in July 1877, after the Baltimore and Ohio Railroad cut wages 20 percent and strikers shut down most of the nation’s railroads, President Rutherford B. Hayes sent U.S. soldiers to the cities immobilized by the strikes. It seemed industrialists had the Army at their beck and call. By 1882, factories and the fortunes they created had swung the government so far toward men of capital that it seemed there was more room for workingmen to demand their rights. By the 1880s, even the staunchly Republican Chicago Tribune complained about the links between business and government: “Behind every one of half of the portly and well-dressed members of the Senate can be seen the outlines of some corporation interested in getting or preventing legislation,” it wrote. The Senate, Harper’s Weekly noted, was “a club of rich men.” The workers marching in New York City in the first Labor Day celebration in 1882 carried banners saying: “Labor Built This Republic and Labor Shall Rule it,” “Labor Creates All Wealth,” “No Land Monopoly,” “No Money Monopoly,” “Labor Pays All Taxes,” “The Laborer Must Receive and Enjoy the Full Fruit of His Labor,” ‘Eight Hours for a Legal Day’s Work,” and “The True Remedy is Organization and the Ballot.” Two years later, workers helped to elect Democrat Grover Cleveland to the White House. A number of Republicans crossed over to support the reformer, afraid that, as he said, “The gulf between employers and the employed is constantly widening, and classes are rapidly forming, one comprising the very rich and powerful, while in another are found the toiling poor…. Corporations, which should be the carefully restrained creatures of the law and the servants of the people, are fast becoming the people's masters.” In 1888, Cleveland won the popular vote by about 100,000 votes, but his Republican opponent, Benjamin Harrison, won in the Electoral College. Harrison promised that his would be “A BUSINESS MAN’S ADMINISTRATION” and said that “before the close of the present Administration business men will be thoroughly well content with it….” Businessmen mostly were, but the rest of the country wasn’t. In November 1892 a Democratic landslide put Cleveland back in office, along with the first Democratic Congress since before the Civil War. As soon as the results of the election became apparent, the Republicans declared that the economy would collapse. Harrison’s administration had been “beyond question the best business administration the country has ever seen,” one businessmen’s club insisted, so losing it could only be a calamity. “The Republicans will be passive spectators,” the Chicago Tribune noted. “It will not be their funeral.” People would be thrown out of work, but “[p]erhaps the working classes of the country need such a lesson….” As investors rushed to take their money out of the U.S. stock market, the economy collapsed a few days before Cleveland took office in early March 1893. Trying to stabilize the economy by enacting the proposals capitalists wanted, Cleveland and the Democratic Congress had to abandon many of the pro-worker policies they had promised, and the Supreme Court struck down the rest (including the income tax). They could, however, support Labor Day and its indication of workers’ political power. On June 28, 1894, Cleveland signed Congress’s bill making Labor Day a legal holiday. Each year, the first Monday in September would honor the country’s workers. In Chicago the chair of the House Labor Committee, Lawrence McGann (D-IL), told the crowd gathered for the first official observance: “Let us each Labor day, hold a congress and formulate propositions for the amelioration of the people. Send them to your Representatives with your earnest, intelligent indorsement [sic], and the laws will be changed.” Happy Labor Day. — Notes: https://www.dol.gov/general/laborday/history-daze New York Times , July 1, 1867, p. 4. New York Times , July 9, 1867, p. 4. New York Times , September 6, 1882, p. 8. New York Times , September 6, 1882, p. 4. New York Daily Tribune , September 7, 1882, p. 4. https://blogs.loc.gov/law/files/2011/09/S-730.pdf https://history.house.gov/Historical-Highlights/1851-1900/The-first-Labor-Day/ Grace Palladino, Another Civil War: Labor, Capital, and the State in the Anthracite Regions of Pennsylvania, 1840–1868 (Fordham University Press, 2006). Mark Wilson, The Business of Civil War: Military Mobilization and the State, 1861–1865 (Johns Hopkins, 2006). Brace quotation is from Robert M. Fogelson, America’s Armories: Architecture, Society and Public Order (Harvard University Press, 1989). Frank Norton, “Our Labor System and the Chinese,” Scribner’s Monthly 2 (May 1871). Chicago Tribune quoted in Harper’s Weekly , February 9, 1884, p, 86. N ew York Times , November 10, 1892, p. 8. Statement from the Commercial Travelers’ Republican Club, quoted in Chicago Tribune , November 1, 1892, p. 2. Chicago Tribune , November 14, 1892, p. 2. Senator Teller, quoted in New York Times , November 15, 1892, p. 1. Washington Post , February 16, 1893, p. 7. Chicago Tribune , November 21, 1892, p. 4. Chicago Tribune , November 11, 1892, p. 4. Chicago Tribune , November 13, 1892, p. 4. Grover Cleveland, Fourth Annual Message, December 3, 1888, at https://www.presidency.ucsb.edu/documents/fourth-annual-message-first-term Share",,2024-09-01,9,2024,245
August-23-2021,https://heathercoxrichardson.substack.com/p/august-23-2021,721,483,"Today, the Food and Drug Administration gave full and final approval to the Pfizer-BioNTech coronavirus vaccine, which had previously been in use under an emergency authorization. The FDA approved the vaccine for people 16 and older. It has not yet been fully approved for people aged 12 to 15; for them it is still under an emergency authorization. The good news about the vaccine’s approval sent the stock market soaring, as investors hoped the approval would lead to a surge in vaccinations, which would, in turn, strengthen the economy. While this full authorization may help convince those hesitant about the vaccine to get one, it is more likely to help increase vaccination rates by sparking further vaccine mandates. Today President Joe Biden encouraged private businesses to require their employees to get vaccinated. With the FDA’s full approval, the Pentagon will move forward with a requirement that all military personnel get the vaccine. In New York City, mayor Bill de Blasio, a Democrat, has announced that all 148,000 public school teachers in the city must have at least one shot of the vaccine by September 27. In Florida, the current death rate exceeds its highest number of deaths in any earlier wave of the pandemic. Last week the state had more than 150,000 new coronavirus infections, and this morning about 75 doctors in Palm Beach Gardens staged a symbolic walkout from their hospitals in a direct appeal to the public to get vaccinated. They warned that they are burning out from caring for the sick. ""It's the worst it's ever been right now,” Dr. Robin Kass told Katherine Kokal of the Palm Beach Post . “And I just think that nobody realizes that."" Florida governor Ron DeSantis is standing firm on his refusal to permit mask mandates in schools, but the situation has gotten so bad that six school districts that together enroll more than a million students have passed mask mandates anyway. On Friday, the staunchly Republican Sarasota County joined the five Democratic districts of Miami-Dade, Broward, Hillsborough, Palm Beach, and Alachua counties to require masks in schools. The airlift out of Afghanistan continues, with about 11,000 people flown out today. Since August 14, the U.S. has gotten about 48,000 people out of Afghanistan. While pundits have compared the evacuation from Afghanistan to that from Saigon in 1975 after North Vietnamese forces took the city, in that case the U.S. rescued about 7000 people in only two days, from April 29 to April 30. Biden suggested today that the airlift might continue past his self-imposed deadline of August 31, but Pentagon leaders said they would complete the evacuation by that date and Taliban leaders said they would not tolerate an extension. The Taliban faces pressure from ISIS-K, a different extremist group, and cannot afford to appear too weak, especially since it is currently in talks with officials of the former, pro-U.S. Afghan regime to hammer out a government for the country. —- Notes: https://markets.businessinsider.com/news/stocks/stock-market-news-today-record-highs-fda-approval-covid-vaccine-2021-8 https://www.washingtonpost.com/health/2021/08/23/pfizer-vaccine-full-approval/ https://www.whitehouse.gov/briefing-room/speeches-remarks/2021/08/23/remarks-by-president-biden-on-the-covid-19-response-and-the-vaccination-program-7/#content Vincent Rajkumar @VincentRK Florida becomes first US state where the daily deaths in current wave have exceeded previous waves. 5:03 PM ∙ Aug 22, 2021 14,635 Likes 6,941 Retweets https://www.cnbc.com/2021/08/23/us-evacuates-37000-from-afghanistan-as-taliban-calls-august-31-withdrawal-deadline-red-line.html https://www.politico.com/states/florida/story/2021/08/20/sarasota-becomes-first-trump-county-to-defy-desantis-on-school-masks-1390279 https://www.flgov.com/2021/07/30/governor-desantis-issues-an-executive-order-ensuring-parents-freedom-to-choose/ https://www.wfla.com/community/health/coronavirus/75-florida-doctors-stage-walkout-in-protest-of-unvaccinated-covid-19-patients/ https://www.palmbeachpost.com/story/news/coronavirus/2021/08/23/70-plus-doctors-urge-palm-beach-county-residents-get-covid-vaccine/8239687002/ Share",,2021-08-23,8,2021,235
April-22-2022,https://heathercoxrichardson.substack.com/p/april-22-2022,1004,558,"“I don’t recall.” “I don’t remember.” Georgia Republican representative Marjorie Taylor Greene today took the stand before an administrative law judge in Atlanta to defend her right to be on the ballot in Georgia after five voters challenged her inclusion on the grounds she had violated the third section of the Fourteenth Amendment, which prohibits anyone from holding office who has taken an oath to support the Constitution and then participates in an insurrection or rebellion or gives aid and comfort to someone who does. After being caught out when her examiner provided a video in which she called House Speaker Nancy Pelosi a traitor just after Greene denied ever saying such a thing, Greene did not try to defend her inflammatory past statements. She simply said she didn’t remember anything about the events surrounding the January 6 insurrection. Even when asked “Did you advocate to President Trump to impose martial law as a way to remain in power?” she did not answer no, but rather said: “I do not recall.” “So you’re not denying you did it?” asked her questioner. “I don’t remember,” she answered. Under her own lawyer’s questioning, Greene claimed to have been a “victim” of the January 6 attack, although there are photos and a video of her smiling and apparently at ease with colleagues during the attack. Ultimately, her lawyer defended her speech as protected under the First Amendment, said the evidence wasn’t clear, and said that removing her would create a bad precedent. The judge will report on the evidence and make a recommendation to Georgia secretary of state Brad Raffensperger about whether to include Greene on the ballot. Ultimately, the decision will come down to him. Since he is eager to fend off challenges from the Trump right wing, he may have already made his decision. But Greene’s refusal to repeat any of her inflammatory statements under oath in court, and therefore at risk of perjury, demonstrated the degree to which right-wing leaders have gained power by lying to their supporters without accountability. There has been some accountability this week, though, for the gulf between Republican rhetoric and reality. Yesterday Brian Kolfage, co-founder of the “We Build the Wall” project that claimed to be raising money to build former president Donald Trump’s border wall, pleaded guilty to stealing hundreds of thousands of dollars from the project. He, and other organizers, promised donors that all proceeds would go toward building the wall. His partner on the project was Trump confidant Steve Bannon, who was charged in the case but was pardoned by the former president. Financier Andrew Badolato also pleaded guilty. The Fox News Channel and pro-Trump personalities, including Donald Trump, Jr., and his fiancee, Kimberly Guilfoyle, pushed the wall scheme. Kolfage initially claimed that criminal cases against him were politically motivated but now says, “I knew what I was doing was wrong and a crime.” Badaloto said, “I’m terribly, terribly sorry for what I did and I humbly beg the court for mercy.” But if accountability has shown up for businessmen, it has not for lawmakers. Yesterday, New York Times journalists broke the news that House minority leader Kevin McCarthy did, in fact, say to Republican leadership that he thought Trump should resign after the January 6 insurrection. When news of that conversation broke yesterday morning, McCarthy called it “totally false and wrong,” only to have a recording of the conversation surface on Rachel Maddow’s show last night, revealing McCarthy to have straight-up lied. Such a scandal would have sunk a leader in the past, but McCarthy has quietly assured Republican colleagues that he immediately called Trump and that the former president isn’t mad at him. That assurance was enough for some House Republicans to let the matter slide. One of them told CNN reporters Melanie Zanona, Manu Raju, and Lauren Fox: “The only one who matters is Trump, [a]nd if Trump is fine, it's not an issue.” Three people told Washington Post reporters Jacqueline Alemany, Marianna Sotomayor, Felicia Sonmez, and Julian Mark that Trump sees McCarthy’s quick capitulation to him after calling for his resignation as a demonstration of Trump’s control of the Republican Party. But the Republican disarray might not be fixed so easily. Trump Republicans, including Steve Bannon, expressed their fury with McCarthy today for his perceived disloyalty. “McCarthy and McConnell are the enemies of the Republican Party,” one wrote. And then, this evening, Politico dropped photos appearing to be Trump loyalist Representative Madison Cawthorn (R-NC) in lingerie and jewelry, drinking with young women hugging him, at what appears to be a somewhat raucous party. Cawthorn outraged Republican leadership recently when he said his colleagues had invited him to “orgies” where there was cocaine; they suggested his statements were false. Cawthorn admits that the photos are real, but says the “goofy vacation photos” are from “waaay” before he got elected and suggests “the left” is trying to hurt him. The photos will nonetheless create a mess for the Republican caucus, already reeling. And the tension in the party will continue. Today, CNN dropped another recording, this time of a conference call between McCarthy and Republican leaders on January 11 in which McCarthy did, in fact, say: ""[L]et me be very clear to you and I have been very clear to the President. He bears responsibility for his words and actions. No if, ands or buts…. [H]e told me he does have some responsibility for what happened. And he needs to acknowledge that."" McCarthy has since avoided confirming the conversation. Despite its increasing exposure, Republican disinformation continues to poison our democracy. Florida governor Ron DeSantis today signed the law he demanded from the Florida legislature in retaliation for the Walt Disney Company’s opposition to the “Don’t Say Gay” law widely perceived as attacking LGBTQ Floridians. The new law strips from the Walt Disney Company the ability to govern itself essentially as if it were a town, as the Reedy Creek Improvement District (RCID) set up in 1967. DeSantis sold the bill as a way to protect children from what he lies are “groomers” of children for sexual assault. But the law significantly strengthens his political power. Sarah Rumpf of Mediaite notes that the law will hurt the people of the state: Disney has preserved large green spaces as natural habitats that are hugely valuable real estate and are now at risk. In addition, repealing Disney’s status means that Orange and Osceola Counties are now responsible for Disney’s $2 billion bond debt—a 20% to 25% tax hike costing $2,200 to $2,800 per family of four—and will have to pick up the tab for the operating services that Disney currently provides. Since Disney’s RCID pays more and has better employee benefits than the Florida government, county workers staying on will likely have to take pay and benefit cuts. Rumpf also notes that the law won’t go into effect until June 1, 2023, after this year’s midterms and after next year’s legislative session. The idea is to “put Disney on a leash,” one attorney told Rumpf, “So they better do what Ron DeSantis says, they better give to the P[olitical] A[ction] C[ommittee]s Ron DeSantis says, or else.” The implication, the lawyer said, was that if Disney did as it was told, the new law would quietly go away. Even more, though, state law says that Disney’s status can’t be repealed without the consent of the voting landowners, a reality Republicans in the state legislature appear to have ignored. That pain is about political power. DeSantis’s attack on Disney demonstrates his use of the state to impose the will of his voters on a popular company; it also retaliates against Democratic voters. Osceola and Orange County were two of the Florida counties that backed Biden in 2020, Osceola by 56.4% to 42.6% and Orange by 61% to 37.9%. Imposing taxes and lower wages on the people there seems likely to be what makes the plan attractive to DeSantis. Indeed, along with the attack on Disney, the Florida legislature accepted extreme new congressional districts carved out by DeSantis that significantly benefit Republicans while carving up one traditionally Black district and obliterating another: the one currently represented by Val Demings, who is challenging Marco Rubio for his Senate seat. Opponents of the law are suing. — Notes: https://apnews.com/article/steve-bannon-business-donald-trump-b0b6d7ec4d4f71f75213e8e63a4785f3 https://lawandcrime.com/high-profile/two-of-steve-bannons-former-co-defendants-just-pleaded-guilty-to-allegations-he-dodged-through-trumps-pardon/ andrew kaczynski @KFILE We Build the Wall leveraged Fox media coverage and pro-Trump figures to boost their fundraising.

Donald Trump Jr. praised We Build The Wall and Brian Kolfage at a 2018 event saying, “What you guys are doing is amazing.”

 https://t.co/ANAhbX0409 US Attorney SDNY @SDNYnews Two leaders of ‘We Build the Wall’ online fundraising campaign plead guilty to defrauding hundreds of thousands of donors
https://t.co/UwrWSdrwIp 11:26 PM ∙ Apr 21, 2022 996 Likes 437 Retweets https://www.reuters.com/world/us/florida-governor-signs-bill-stripping-disney-self-governing-authority-2022-04-22/ https://www.mediaite.com/opinion/conservative-media-cheering-desantis-crackdown-on-disney-are-ignoring-what-a-catastrophe-it-would-be-for-florida/ https://www.politico.com/2020-election/results/florida/ https://www.democracydocket.com/cases/florida-congressional-redistricting-challenge/ Acyn @Acyn Question: Did you advocate to President Trump to impose martial law as a way to remain in power?
Greene: I do not recall
Question: So you’re not denying you did it?
Greene: I don’t remember 6:35 PM ∙ Apr 22, 2022 4,179 Likes 1,090 Retweets Teri Kanefield @Teri_Kanefield He made the defense arguments we'd expect: 

🔹Everything she said was protected speech.
🔹The evidence isn't solid enough.
🔹The procedures are unfair.
Plus, a slippery slope argument: This opens the door to hundreds of attempts to keep people off the ballot for political views. 8:33 PM ∙ Apr 22, 2022 244 Likes 42 Retweets https://www.cnn.com/2022/04/22/politics/kevin-mccarthy-audio-republican-reaction/index.html https://www.govinfo.gov/app/details/BILLS-117hr7311ih Ron Filipkowski 🇺🇦 @RonFilipkowski Let me know when you get bored with me posting screen shots of Republicans turning on Kevin McCarthy today. 1:03 PM ∙ Apr 22, 2022 4,772 Likes 904 Retweets https://www.nytimes.com/2022/04/20/us/politics/florida-redistricting-maps-desantis.html https://www.buzzfeednews.com/article/salvadorhernandez/brian-kolfage-wall-guilty-millions https://www.cnn.com/2022/04/22/politics/trump-january-6-responsibility-book/index.html Aaron Rupar @atrupar CNN just broadcast new audio of McCarthy unambiguously blaming Trump for the January 6 attack during a House Republican Conference call on January 11, 2021. In the audio, McCarthy also claims Trump acknowledged to him that he bears responsibility for January 6. 2:30 PM ∙ Apr 22, 2022 10,189 Likes 3,616 Retweets https://www.politico.com/news/2022/03/29/cawthorn-orgies-freedom-caucus-00021548 https://www.washingtonpost.com/politics/2022/04/21/mccarthy-disputes-report-that-he-privately-vowed-confront-trump-after-jan-6/ Share",,2022-04-22,4,2022,112
May-3-2020,https://heathercoxrichardson.substack.com/p/may-3-2020,669,0,"Jeff Kowalsky’s photograph of the “American Patriot Rally” at the Michigan statehouse on April 30 shows a large, bearded man, leaning forward, mouth open, screaming. Positioned between two police officers who are staring blankly ahead above their masks, he is focused on something they are preventing him from reaching: the legislature. His fury is palpable. The idea that such a man is an “American Patriot” is the perverted outcome of a generations of political rhetoric that has celebrated a cartoon version of “individualism.” That rhetoric has served a purpose: to convince voters that an active government that regulates business, provides a basic social safety net, and promotes infrastructure—things most Americans actually like—is socialism. Americans embraced an active government in the 1930s and 1940s to combat the Depression and fight World War Two, and by 1945, that government was hugely popular among members of both parties, but not with the businessmen who resented government interference in their industries. To get voters to turn against a system they liked, in the 1950s, leaders eager to destroy business regulation linked their mission to racism. After the Supreme Court, headed by former Republican Governor of California Earl Warren, unanimously ruled that school segregation was unconstitutional, reactionaries determined to undercut the New Deal government told voters that this is what they had warned about all along: an activist state would redistribute white people’s money to black people through taxes, levied to do things like provide schools, or the troops necessary to protect the black youngsters trying to enroll in them. That rhetoric resonated with certain white Americans because it echoed that of Reconstruction, when Democrats opposed to black rights insisted that Republican policies to level the playing field between formerly enslaved people and their white former owners were simply a redistribution of wealth. Money for roads and schools and hospitals that would now be accessible to black Americans would have to be paid for by tax levies. Since most property owners in the immediate aftermath of the Civil War were white, this meant a transfer of wealth from hardworking white taxpayers to lazy African Americans. As one reporter put it: socialism had come to South Carolina. In contrast to the East, with this crushing system, stood the postwar West, where Democrats admired the cowboy. The actual work of a western cowboy in the short period of the heyday of cattle ranging from 1866 to 1886 was dangerous, low-paid, and dirty; the industry depended heavily on government supported-railroads and military support; and a third of the cowboys were men of color. But people eager to criticize the Republicans’ social welfare policies insisted that the cowboy was the true American individualist. Almost always white in this myth, he wanted nothing from government but to work hard as he tamed the land and the “savages” on it, provide for the wife and children he someday hoped to have, and be left alone. The image of the cowboy became such a dominant myth during Reconstruction that it turned Buffalo Bill’s Wild West Show into the nation’s first mass entertainment spectacle. It was no wonder then, that in the 1950s and 1960s, those eager to destroy an active government tapped into the image of the American cowboy as their symbol. Gunsmoke debuted on the new-fangled television in 1955, and by 1959, there were 30 prime time Westerns on TV. These westerns portrayed the mythical cowboy much as he had been after the Civil War: an independent white man fighting the “savages” of the plains to provide for his eventual family. A man who wanted nothing of government but to be left alone. Arizona Senator Barry Goldwater, with his square jaw and white Stetson, tapped into this mythology as the Republican presidential candidate in 1964. He assured white southerners that the adjustment of race relations was an unlawful assumption of power by the federal government. So, too, was business regulation. Goldwater lost the election, but turned five deep South states from the Democratic Party to the Republican Party, a pattern Ronald Reagan capitalized on in 1980. Swapping his usual English riding outfit for jeans and a western saddle, Reagan personified the mythological American cowboy. He assured Americans that “Government is not the solution to our problem, government is the problem,” then began the process of dismantling the New Deal state, slashing taxes and programs to restore to glory the American individualist. Reagan’s election saw the first gender gap in American voting, as women hesitated to sign on to a program that was working against their ability to provide for their families. Lots of men weren’t so sure they wanted to slash workers’ protections and government regulation of business, either. So those eager to reinforce the image of the American individualist against a socialist government upped their game. In 1984, we got Red Dawn, the bloodiest movie made up to that point, featuring high school boys in the West standing against an invasion of communists after the town government sells everyone out. In 1992, the idea of a western individualist standing against an intrusive government got a real demonstration when government forces tried to arrest a former factory worker, Randy Weaver, who had failed to show up for a trial on a firearms charge, at Ruby Ridge, Idaho. An 11-day siege killed Weaver’s wife, fourteen-year-old son, and a deputy marshal. Far-right activists and neo-Nazis swarmed to Ruby Ridge to stop what they saw as the overreach of government as it attacked a man protecting his family. The next year, government officers stormed the compound of a religious cult whose former members reported that their leader, David Koresh, was stockpiling weapons. A 51-day siege ended on April 19, 1993, in a gun battle and a fire that killed 76 people. Talk radio host Rush Limbaugh told his listeners that the government had invaded Waco to “murder” a citizen. The modern militia movement to protect individuals from government tyranny took off. Now, having sown the wind, we are reaping the whirlwind. Anti-government cowboys are protesting the tyranny of government measures designed to protect citizens from dying. The right of governors and legislatures to protect health is well-established, of course, but that doesn’t matter to men steeped in the rhetoric of the past generation. This now-famous image of the screaming “American Patriot” is a portrait of the failure of the individualist image. This is a man who punches down, not up, and who wants to have the power to decide whether his neighbors live or die. He is a bully and a coward. You know who's brave? The doctors and nurses who get up every morning and go to their jobs. The bus drivers who have continued to work without either hazard pay or sufficient protection, at least 94 of whom we have lost to Covid-19. The janitors and housekeeping staff who combat the virus all day, every day. The meat cutters and fishermen, shippers, drivers and store clerks who are keeping us alive, some only because it is the only way they can feed their children, which makes it all the braver. The Navy sailors trying to contain the virus so they can complete their mission. The teachers who stay upbeat for the students they terribly miss. The parents who are so very tired as they try to work and teach and parent and shop, but who get up every morning and do it again. And, yes, the political leaders trying to legislate to protect us as a handful of screaming anti-government activists terrorize them... and the photographers who record it. These true American Patriots-- not a screaming bully whose ""rights"" require others to die-- are the very good people Abraham Lincoln meant when he called for a government “of the people, by the people, for the people.” —- Notes: Kowalsky photo: https://abcnews.go.com/US/michigan-rally-shelter-place-order-spills-capitol-building/story Bus drivers: https://www.theguardian.com/world/2020/apr/20/us-bus-drivers-lack-life-saving-basic-protections-transit-worker-deaths-coronavirus",,2020-05-03,5,2020,124
December-14-2024,https://heathercoxrichardson.substack.com/p/december-14-2024,6564,283,"Spent the day with family and friends, and am going to finish a lovely day with an early bedtime. This photo of the harbor comes from a neighbor. There’s nothing quite like the sky in the winter, and Allen captured one of our spectacular sunrises. [Photo by Allen Guignard.] Share",,2024-12-14,12,2024,349
November-11-2023,https://heathercoxrichardson.substack.com/p/november-11-2023,2812,444,"In 1918, at the end of four years of World War I’s devastation, leaders negotiated for the guns in Europe to fall silent once and for all on the eleventh hour of the eleventh day of the eleventh month. It was not technically the end of the war, which came with the Treaty of Versailles. Leaders signed that treaty on June 28, 1919, five years to the day after the assassination of Austrian Archduke Franz Ferdinand set off the conflict. But the armistice declared on November 11 held, and Armistice Day became popularly known as the day “The Great War,” which killed at least 40 million people, ended. In November 1919, President Woodrow Wilson commemorated Armistice Day, saying that Americans would reflect on the anniversary of the armistice “with solemn pride in the heroism of those who died in the country’s service and with gratitude for the victory, both because of the thing from which it has freed us and because of the opportunity it has given America to show her sympathy with peace and justice in the councils of the nations…."" But Wilson was disappointed that the soldiers’ sacrifices had not changed the nation’s approach to international affairs. The Senate, under the leadership of Republican Henry Cabot Lodge of Massachusetts—who had been determined to weaken Wilson as soon as the imperatives of the war had fallen away—refused to permit the United States to join the League of Nations, Wilson’s brainchild: a forum for countries to work out their differences with diplomacy, rather than resorting to bloodshed. On November 10, 1923, just four years after he had established Armistice Day, former President Wilson spoke to the American people over the new medium of radio, giving the nation’s first live, nationwide broadcast. “The anniversary of Armistice Day should stir us to a great exaltation of spirit,” he said, as Americans remembered that it was their example that had “by those early days of that never to be forgotten November, lifted the nations of the world to the lofty levels of vision and achievement upon which the great war for democracy and right was fought and won.” But he lamented “the shameful fact that when victory was won,…chiefly by the indomitable spirit and ungrudging sacrifices of our own incomparable soldiers[,] we turned our backs upon our associates and refused to bear any responsible part in the administration of peace, or the firm and permanent establishment of the results of the war—won at so terrible a cost of life and treasure—and withdrew into a sullen and selfish isolation which is deeply ignoble because manifestly cowardly and dishonorable.” Wilson said that a return to engagement with international affairs was “inevitable”; the U.S. eventually would have to take up its “true part in the affairs of the world.” Congress didn’t want to hear it. In 1926 it passed a resolution noting that since November 11, 1918, “marked the cessation of the most destructive, sanguinary, and far reaching war in human annals and the resumption by the people of the United States of peaceful relations with other nations, which we hope may never again be severed,” the anniversary of that date “should be commemorated with thanksgiving and prayer and exercises designed to perpetuate peace through good will and mutual understanding between nations.” In 1938, Congress made November 11 a legal holiday to be dedicated to world peace. But neither the “war to end all wars” nor the commemorations of it, ended war. Just three years after Congress made Armistice Day a holiday for peace, American armed forces were fighting a second world war, even more devastating than the first. The carnage of World War II gave power to the idea of trying to stop wars by establishing a rules-based international order. Rather than trying to push their own boundaries and interests whenever they could gain advantage, countries agreed to abide by a series of rules that promoted peace, economic cooperation, and security. The new international system provided forums for countries to discuss their differences—like the United Nations, founded in 1945—and mechanisms for them to protect each other, like the North Atlantic Treaty Organization (NATO), established in 1949, which has a mutual defense pact that says any attack on a NATO country will be considered an attack on all of them. In the years since, those agreements multiplied and were deepened and broadened to include more countries and more ties. While the U.S. and other countries sometimes fail to honor them, their central theory remains important: no country should be able to attack a neighbor, slaughter its people, and steal its lands at will. This concept preserved decades of relative peace compared to the horrors of the early twentieth century, but it is a concept that is currently under attack as autocrats increasingly reject the idea of a rules-based international order and claim the right to act however they wish. In 1954, to honor the armed forces of wars after World War I, Congress amended the law creating Armistice Day by striking out the word “armistice” and putting “veterans” in its place. President Dwight D. Eisenhower, himself a veteran who had served as the supreme commander of the Allied Expeditionary Force in Europe and who had become a five-star general of the Army before his political career, later issued a proclamation asking Americans to observe Veterans Day: “[L]et us solemnly remember the sacrifices of all those who fought so valiantly, on the seas, in the air, and on foreign shores, to preserve our heritage of freedom, and let us reconsecrate ourselves to the task of promoting an enduring peace so that their efforts shall not have been in vain.” — Notes: ​​ https://www.va.gov/opa/vetsday/docs/proclamation_1954.pdf https://www.loc.gov/item/today-in-history/november-11/ https://www.va.gov/opa/vetsday/vetdayhistory.asp https://www.cnn.com/interactive/2015/10/politics/woodrow-wilson-house-history/ Wilson’s 1923 radio address on November 10, 1923, which has slightly different wording than his written notes, is available on YouTube (I’m worried that linking it here will get this letter caught in spam filters, so am not linking it). https://www.loc.gov/resource/mss46029.mss46029-478_0018_1212/?sp=1164&st=image Share",,2023-11-11,11,2023,315
October-6-2021,https://heathercoxrichardson.substack.com/p/october-6-2021,847,347,"Today, Senate Minority Leader Mitch McConnell (R-KY) backed down from his obstructionism, agreeing to let the Democrats raise the debt ceiling by a simple majority rather than by the 60 votes they needed when the Republicans kept filibustering their bills. A quick recap: the issue at stake was whether the United States would default on its debts, which it has never done before. The threat to default was purely a political ploy on the part of the Republicans to try to force the Democrats to abandon their very popular infrastructure measure. Here’s the backstory: Congress actually originally intended the debt ceiling to enable the government to be flexible in its borrowing. In the era of World War I, when it needed to raise a lot of money fast, Congress stopped passing specific revenue measures and instead set a cap on how much money the government could borrow through all of the different instruments it used. Now, though, the debt ceiling has become a political cudgel because if it is not raised when Congress spends more than it has the ability to repay, the country will default on its debts. The cap has been raised repeatedly since it was first imposed; indeed, the Republicans raised it three times under former president Donald Trump. Once again, it is too low, and by October 18, the Treasury will be unable to pay our debts. To meet the nation’s obligations, Congress needs either to raise taxes, which Republicans passionately oppose, or to raise the debt ceiling so the Treasury can borrow more money. Senate Minority Leader Mitch McConnell, who has voted to raise or suspend the debt ceiling 32 times in his career, including the three times under Trump, refused to allow Republicans to vote to raise the debt ceiling. Although the ceiling needed to be lifted because Trump added $7.8 trillion to the debt (which now stands at about $28 trillion), in part with the huge 2017 tax cuts that went overwhelmingly to the wealthy, McConnell tried to tie the need for more money to the Democrats’ infrastructure plan. This was false: the debt ceiling is not an appropriation; it simply permits the government to borrow money it needs to pay debts already incurred. But McConnell and the Republicans want to dismantle an active government, not to build it. They hope to convince Americans that Democrats are racking up huge debts—even though it is the Republicans on the hook for today’s crisis—and that they should not be permitted to pass a bill that supports children and working parents and addresses climate change. The Democrats insisted that the Republicans should join them in raising the ceiling, since they had been instrumental in making it necessary, but McConnell and his caucus refused. Finally, with Treasury Secretary Janet Yellen warning that defaulting would crash the economy and with financial services firm Moody’s Analytics warning that a default would cost up to 6 million jobs, create an unemployment rate of nearly 9%, and wipe out $15 trillion in household wealth, the Democrats tried to pass a measure themselves. Republicans wouldn’t let them. They filibustered it, trying to force the Democrats to save the country by raising the debt ceiling through a bill that can’t be filibustered, a process called reconciliation, which would make it harder for them to use reconciliation for their own infrastructure bill since Congress can pass only one of that type of reconciliation bill per year. It was a remarkably cynical ploy, risking the financial health of the country and our standing in the world to make sure that a Republican minority could continue to hamstring what the Democratic majority considers a priority. Republicans have played chicken with government shutdowns since the 1980s, refusing to pass measures to fund the daily operations of the government and thereby stopping paychecks and government operations. But defaulting on our obligations was a whole new game of brinksmanship. The greatest international asset the U.S. has right now is its financial system. To bring that to its knees to score political points would be interpreted, correctly, as a sign our country is so unstable it must be sidelined. Midday today, Defense Secretary Lloyd Austin highlighted this international doubt when he took the unusual step of weighing in on politics. He warned that a default would “undermine the economic strength on which our national security rests.” Paychecks for 1.4 million active duty military personnel and veterans’ benefits for 2.4 million veterans, as well as payments on military contracts, would stop. Equally dangerous, defaulting on loans would devastate the nation’s international reputation ""as a reliable and trustworthy economic and national security partner."" Democrats said they could not guarantee the country would not default, and they were clearly starting to consider getting rid of the filibuster, at least for this particular issue, to enable them to pass a debt ceiling bill by a simple majority rather than by 60 votes. Then McConnell blinked (although he didn’t cave). In a scorching statement that laid all the blame for the crisis on the Democrats, he offered to “allow” Democrats to use normal procedures—that is, the Republicans won’t filibuster them!—to extend the ceiling into December. Democrats indicate they will take that deal. There is one major takeaway from this manufactured crisis: McConnell was willing to come right to the verge of burning the nation down to get his way. In the end, he stopped just before the sparks became an inferno, but it was much too close for comfort. Still, he stopped. Trump and his supporters did not. The former president has been pushing Republicans to use the threat of default to get what they want, and he was not happy that McConnell had backed down. He issued a statement blaming McConnell for “folding” and added “He’s got all of the cards with the debt ceiling, it’s time to play the hand.” Trump’s willingness to burn down the country is ramping up as the January 6 investigation gets closer to him. Tomorrow is the deadline for four of his aides to respond to subpoenas for documents and testimony from the House Select Committee to Investigate the January 6th Attack on the U.S. Capitol: former White House chief of staff Mark Meadows, deputy chief of staff Dan Scavino, adviser Steve Bannon, and Defense Department aide Kash Patel. Meadows worked to overturn the 2020 election results and was in the thick of things on January 6, Scavino had met with Trump to plot to get congresspeople not to count the certified votes on January 6, Bannon strategized with other officials on January 5 to stop the count, and Patel was part of discussions about the strength of the Capitol Police. The four are expected to defy the subpoenas at Trump’s insistence, a defiance that suggests they think he and his people are going to regain power. According to Glenn Kirschner, a former U.S. Army prosecutor, contempt of Congress earns a year of prison time; obstruction of Congress, five years; and obstruction of justice, 20 years. The rest of the former president’s statements today were unhinged attacks on the committee. A final note for October 6: U.S. District Judge Robert L. Pitman has temporarily blocked enforcement of Texas’s S.B. 8, the so-called “heartbeat” bill prohibiting abortions after six weeks, when most women don’t know they’re pregnant. The Justice Department had sued to stop enforcement of the law. Pitman stopped it on the grounds that it deprived “citizens of a significant and well-established constitutional right.” — Notes: https://www.usnews.com/news/national-news/articles/2021-10-06/pentagon-warns-of-national-security-fallout-from-debt-ceiling-crisis https://www.theguardian.com/us-news/2021/oct/06/trump-aides-capitol-attack-house-select-committee Glenn Kirschner @glennkirschner2 Contempt of Congress - 1 year. If prosecutors bring obstruction of Congress charges - 5 years. Or obstruction of justice charges - 20 years. https://t.co/1UXtetgiMa Deeheart4 @Deeheart99 @glennkirschner2 Glenn, how much jail time can they get for not answering supoenas? 11:33 PM ∙ Oct 6, 2021 5,855 Likes 2,055 Retweets https://talkingpointsmemo.com/live-blog/gop-sens-ready-to-blow-up-debt-crisis-in-nakedly-political-gambit https://www.justsecurity.org/wp-content/uploads/2021/10/show_temp.pdf https://www.washingtonpost.com/politics/courts_law/texas-abortion-lawsuit-decision/2021/10/06/ae70d946-22e7-11ec-9309-b743b79abc59_story.html Share",,2021-10-06,10,2021,279
September-27-2022,https://heathercoxrichardson.substack.com/p/september-27-2022,1368,276,"Today, President Joe Biden held an event in the Rose Garden at the White House to celebrate the lower drug costs possible thanks to the Inflation Reduction Act, which passed without any Republican votes in either the House or the Senate. Phasing in over the next few years, the measure will cap the out-of-pocket costs for prescription drugs at $2000 a year and make vaccinations free for seniors on Medicare. If the price of drugs rises faster than inflation, drug companies will have to rebate the difference to Medicare. And Biden noted that today, the Department of Health and Human Services announced that the premium for Medicare Part B, which pays for doctor visits, will decrease this year. All of this was possible, he said, because the biggest corporations in America will have to pay a minimum corporate tax of 15%. “The days of billion-dollar companies paying zero taxes are over.” “And,” he added, “we’re doing all this by bringing down the deficit at the same time. You hear about us being ‘big spenders’? Well, they raised the debt by $2 trillion. We’ve reduced the deficit in my first year, 2021, by $350 billion.” Biden called out the Republican budget plan, written by Florida senator Rick Scott, to sunset all federal legislation in five years, promising that Congress will reauthorize it if it is worthwhile. This means that every five years, Congress will have to vote to reauthorize Social Security and Medicare or they will end. Wisconsin senator Ron Johnson has gone further, calling for moving Social Security and Medicare spending from mandatory spending, which is protected, to discretionary spending, which must be reapproved every year, thus making it vulnerable to cuts or even elimination. “I have a different idea,” Biden said. “I’ll protect those programs. I’ll make them stronger. And I’ll lower your cost to be able to keep them.” Biden likely made this stand, at least in part, because Republican attack ads have been telling seniors that the Democrats have made cuts to Medicare. It is technically true that costs will drop: the government should save $237 billion between 2022 and 2031 from the Inflation Reduction Act’s drug policies. But these savings come from the fact that the IRA lets the federal government negotiate with pharmaceutical companies over prices, not because it will cut the benefits seniors receive. Disinformation seems to be the hallmark of the midterm campaign. In June, Republicans championed the overturning of the 1973 Roe v. Wade decision protecting the right to abortion, at first insisting that the Dobbs v. Jackson Womens’ Health decision would simply send the question of abortion rights back to the states. Now, with Republican lawmakers calling for a national law outlawing abortion everywhere, those running for election are scrubbing their websites of their abortion stances and downplaying the issue. But today a 2019 radio interview with Pennsylvania state senator Doug Mastriano, now the Republican nominee for Pennsylvania governor, emerged. In it, Mastriano said that women obtaining abortions should be charged with murder. Mastriano has tried to say that his personal views are “irrelevant” because the legislature is in charge of rewriting the laws, but last week at Pennsylvania’s March for Life he called abortion rights “the single most important issue…in our lifetime,” and he has said he looks forward to signing restrictive measures into law. Mastriano has called his Democratic opponent, Pennsylvania attorney general Josh Shapiro, extreme, although Shapiro supports current state law. Florida governor Ron DeSantis has also gotten in on the disinformation game. Texas governor Greg Abbott has been ferrying migrants from the southern border north, appealing to the right-wing base with the argument that such movement will illustrate to “liberal” cities the burdens such migrants impose on the border states. On September 14, DeSantis got into the act, flying 48 unsuspecting migrants to Martha’s Vineyard, off the coast of Massachusetts. As DeSantis said: “The minute even a small fraction of what those border towns deal with every day are brought to their front door, they all go berserk.” In fact, the people of Martha’s Vineyard welcomed the migrants, fed and sheltered them, and got them back to the mainland where they could have access to housing and human services. More to the point, it is a myth that Republican-dominated border states are bearing the brunt of migrants seeking asylum. Greg Sargent of the Washington Post asked the Transactional Records Access Clearinghouse at Syracuse University (TRAC) to figure out where the asylum seekers in the U.S. are. From court records, TRAC calculated that 750,000 people are awaiting asylum hearings. More than 125,000 of them are in California. More than 110,000 are in New York. About 98,000 are scheduled for hearings in Florida, while about 75,000 are waiting in Texas. Most of the rest are scheduled for court hearings in Democratic-dominated states, such as New Jersey, Massachusetts, and Maryland. DeSantis’s political performance has drawn attention not only from those who like the cruelty he has displayed, but also from those who have asked questions about the $1.6 million contract his administration signed with air charter company Vertol Systems to move the migrants. NBC’s Marc Caputo noted that Vertol has contributed to DeSantis’s top allies and is well connected to Republican Florida lawmakers. A later plan to fly migrants to Delaware near Biden’s beach home was canceled, and the DeSantis administration refused to release a copy of the Vertol contract. The Florida state budget that authorized $12 million for moving migrants specified that “unauthorized aliens” were to be flown from “this state”: Florida. The migrants taken to Martha’s Vineyard were not “illegal immigrants” as DeSantis’s office says; they were legally seeking asylum—and thus were “authorized” to be in the U.S.—and were flown not from Florida but simply touched down there on their trip from Texas to Massachusetts. Shortly before midnight on the day DeSantis shipped the migrants, his deputy press secretary, Jeremy Redfern, tweeted a photograph of former president Barack Obama’s Martha’s Vineyard home, saying “7 bedrooms with 8 and a half bathrooms in a 6,892-square-foot house on nearly 30 acres. Plenty of space.” Now, Hurricane Ian is about to make landfall in Florida either tomorrow or early Thursday and threatens to be one of the most dangerous and costliest storms in U.S. history. Tonight, forecasters at the National Hurricane Center warned that it would hit land as a Category 4 storm. In addition to hurricane-force winds, they predict a storm surge of up to 12 feet between Fort Myers and Sarasota, and up to 2 feet of rain. In the Rose Garden today, Biden assured people that his administration “is on alert and in action to help the people of Florida.” Biden approved DeSantis’s request for emergency assistance as soon as he received it, sent in federal assistance before the storm hit, and spoke with the mayors of Tampa, St. Petersburg, and Clearwater, the areas most likely to be in the storm’s path. The Federal Emergency Management Agency (FEMA) has already sent 700 personnel to Florida, along with 3.5 million liters of water, 3.7 million meals, and hundreds of generators. Biden urged people to obey the instructions of local officials: “Your safety is more important than anything.” Tonight, White House press secretary Karine Jean-Pierre tweeted that President Biden spoke with DeSantis this evening about “the steps the Federal government is taking to help Florida prepare for Hurricane Ian. The President and the Governor committed to continued close coordination.” Because of the storm, the public hearing of the House Select Committee to Investigate the January 6th Attack on the U.S. Capitol scheduled for Wednesday has been postponed. — Notes: Karine Jean-Pierre @PressSec President Biden spoke this evening with Governor DeSantis of Florida to discuss the steps the Federal government is taking to help Florida prepare for Hurricane Ian. The President and the Governor committed to continued close coordination. 11:47 PM ∙ Sep 27, 2022 5,516 Likes 940 Retweets https://www.politifact.com/factchecks/2022/sep/26/joe-biden/biden-mostly-track-ron-johnson-wants-annual-approv/ https://www.kff.org/medicare/issue-brief/explaining-the-prescription-drug-provisions-in-the-inflation-reduction-act/ https://www.whitehouse.gov/briefing-room/speeches-remarks/2022/09/27/remarks-by-president-biden-on-medicare-and-the-inflation-reduction-act/ https://www.cnn.com/2022/09/27/politics/fact-check-nrsc-warnock-kelly-medicare/index.html https://www.yahoo.com/entertainment/doug-mastriano-said-2019-women-182053703.html President Biden @POTUS Today, @HHSGov announced that premiums for Medicare Part B will decrease next year. That’s the fee you pay for Medicare to cover your visits to your doctor.

For years that fee has gone up.

But now, for the first time in more than a decade, it'll go down. 7:00 PM ∙ Sep 27, 2022 22,305 Likes 5,182 Retweets https://www.washingtonpost.com/opinions/2022/09/26/ron-desantis-migrants-marthas-vineyard-greg-abbott/ https://www.washingtonpost.com/politics/2022/09/25/desantis-perla-migrant-flight-marthas-vineyard/ Jeremy Redfern @JeremyRedfernFL 7 bedrooms with 8 and a half bathrooms in a 6,892-square-foot house on nearly 30 acres.

Plenty of space. 3:48 AM ∙ Sep 15, 2022 3,242 Likes 526 Retweets https://www.nbcnews.com/politics/immigration/florida-migrant-moving-company-gave-gop-cash-ties-desantis-immigration-rcna48967 https://www.washingtonpost.com/climate-environment/2022/09/27/hurricane-ian-forecast-florida-track/ Share",,2022-09-27,9,2022,270
May-20-2021,https://heathercoxrichardson.substack.com/p/may-20-2021,684,468,"President Joe Biden is trying to model a normal presidency as he stabilizes the nation after the drama of the past four years, rebuilds from the devastation of the coronavirus pandemic, and deals with crises around the world. Today, Biden signed into law a bill to combat hate crimes, especially against Asian Americans, sparked by Covid-19. After former president Trump began blaming China for the coronavirus pandemic—calling the virus the “kung flu” for example—hate crimes against Asian Americans and Pacific Islanders spiked to more than 6600 between March 2020 and March 2021. “Hate has no place in America,” Biden tweeted. Vaccine rates are up: more than 48% of the population has gotten at least one dose of the coronavirus vaccine, and in 19 states, more than half the population is fully vaccinated. This week, for the first time since March of last year, the seven-day average of deaths from Covid-19 has fallen below 500. The economy is healing. Fresh claims for unemployment insurance fell again last week, by 34,000, showing an improving job market. Now at 444,000, they are still higher than they were before the pandemic. Nonetheless, more than 20 states have announced they are rejecting the $300 a week boost in federal unemployment benefits, insisting that the extra money is keeping people from going to work. Biden is also dealing with foreign policy crises, to which he brings a longstanding interest in foreign affairs, including 34 years on the Senate Foreign Relations Committee and 8 years in the vice presidency, dealing with foreign countries. He is the president most experienced in foreign affairs since at least George H. W. Bush, who had been U.S. Ambassador to the United Nations and Director of the Central Intelligence Agency. In managing foreign affairs, Biden appears to favor private pressure over public statements, leaving room for other governments to change direction without losing face domestically by backing down to the United States in public, a tendency he showed when he declined to sanction Saudi Crown Prince Mohammed bin Salman personally for the killing of journalist Jamal Khashoggi, instead increasing pressure on MBS by imposing penalties on 76 of the people around him. Private pressure over public statements appears to have been Biden’s approach to the recent crisis between Palestinians and Israeli military that broke out on May 10, killing at least 230 Palestinians in Gaza (the 25-mile-long, 4- to  8-mile-wide strip on the Mediterranean side of Israel) including 63 children, leaving tens of thousands homeless, and badly damaging hospitals, schools, roads, and water and electrical systems. Twelve Israelis, including two children, have also been killed. Biden has pressured Israeli Prime Minister Benjamin Netanyahu to end Israel’s bombing campaign against Hamas, the Palestinian militant group that controls Gaza. Through allies, especially those in Egypt, which borders Gaza, the administration has told Hamas to stop firing rockets into Israel. Today Israel and Hamas agreed to a cease-fire brokered by Egypt. It is not clear if the cease-fire will hold: after similar hostilities in 2014, it ultimately took 9 truces to end the fighting. But while there is a normal—and largely successful—presidency underway, politics in America is not at all business as usual. The Republican Party is radicalizing into a pro-Trump force that is throwing the country under the bus to defend their leader. Dramatically, Republicans have come out this week against an investigation into the January 6 insurrection. This is a transparent attempt to protect former president Trump, as well, perhaps, as some of their own members; House Minority Leader Kevin McCarthy (R-CA) today refused to say whether he thought members of his caucus had communicated with the January 6 rioters. This objection to an investigation of an attack of such magnitude is breathtaking. We have always had investigations of attacks on our country; Republicans themselves held 7 congressional investigations and 33 hearings about the 2012 attack on the U.S. embassy in Benghazi, Libya, that killed 4 Americans. Today, journalist David Freedlander reminded us that in January, a number of Republican lawmakers, including McCarthy, argued against impeaching then-president Trump for inciting the January 6 insurrection because, they said, a “fact-finding commission” was important. “I believe impeaching the president in such a short time frame would be a mistake,” said McCarthy. “No investigations have been completed. No hearings have been held….” And yet, McCarthy and the Republican leadership are now opposing the creation of a bipartisan commission, although the Democrats gave them all their demands: equal representation on the commission, the power to subpoena witnesses, and a final report before the end of the year. The story is the same in the Senate. On February 13, Senator John Cornyn (R-TX), tweeted: “The 1/6 attack on the Capitol was horrific & appalling. Those who planned & participated in the violence that day should be prosecuted to the fullest extent of the law. I agree w/Speaker Pelosi—a 911-type investigation is called for to help prevent this from happening again.” And yet, Senator Mitt Romney (R-UT), whom Capitol Police Officer Eugene Goodman intercepted and led away from the mob on January 6, today told journalist Manu Raju that he wasn’t sure whether he will block debate on the commission bill. This indicates there will not be enough Senate votes to break a filibuster on the bill. Today, Senator Angus King, Jr. (I-ME) came out and said it: “We need answers on the 1/6 insurrection—but many of my [Republican] colleagues are indicating they will vote against an independent investigation. When people start moving heaven and earth to block an investigation, I have to wonder if there is something to hide.” —- Notes: David Freedlander @freedlander Worth remembering that in January, Republican lawmakers--including Kevin McCarthy--argued against impeaching Trump because a bipartisan investigative commission on the events of 1/6 would be more appropriate 2:39 PM ∙ May 20, 2021 2,651 Likes 1,365 Retweets https://www.bloomberg.com/news/articles/2021-05-20/initial-jobless-claims-in-u-s-decline-to-fresh-pandemic-low Manu Raju @mkraju Romney told me he's undecided on whether he'd vote to block debate on Jan. 6 commission bill. Said he wants changes to how staff are named to commission
Other GOP senators will vote to block debate, including Burr
It's clear as of now there won't be 60 votes to break a filibuster 8:47 PM ∙ May 20, 2021 1,557 Likes 468 Retweets https://www.nbcnews.com/politics/donald-trump/i-m-very-fortunate-hero-officer-capitol-riot-also-saved-n1257384 https://www.nytimes.com/2021/02/26/us/politics/biden-mbs-khashoggi.html https://www.cnn.com/2021/05/20/health/us-coronavirus-thursday/index.html https://www.wsj.com/articles/israeli-palestinian-conflict-gaza-11620825247 https://www.nytimes.com/2021/05/20/world/middleeast/israel-gaza-ceasefire.html https://www.npr.org/2021/05/20/998599775/biden-to-sign-the-covid-19-hate-crimes-bill-as-anti-asian-american-attacks-rise Share",,2021-05-20,5,2021,140
December-24-2021,https://heathercoxrichardson.substack.com/p/december-24-2021,140,35,"Happy holidays, from my home to yours. Share",,2021-12-24,12,2021,358
August-6-2022,https://heathercoxrichardson.substack.com/p/august-6-2022,2407,630,"On this day in 1880, the Republican candidate for president, James A. Garfield, spoke to thousands of supporters from the balcony of the Republican headquarters in New York City. Ten years before, in 1870, Americans had added the Fifteenth Amendment to the Constitution, making sure that Black men could vote by guaranteeing that “the right of citizens of the United States to vote shall not be denied or abridged by the United States or by any State on account of race, color, or previous condition of servitude.” As soon as the amendment was ratified, though, white southerners who were dead set against their Black neighbors participating in their government began to say that they had no problem with Black men voting on racial grounds. Their objection to Black voting, they claimed, was that poor, uneducated Black men just out of enslavement were voting for lawmakers who promised them public services, like roads and schools, that could be paid for only with taxes levied on people with the means to pay, which in the post–Civil War South usually meant white men. Complaining that Black voters were socialists—they actually used that term in 1871—white southerners began to keep Black voters from the polls. In 1878, Democrats captured both the House and the Senate, and former Confederates took control of key congressional committees. From there, in the summer of 1879, they threatened to shut down the federal government altogether unless the president, Republican Rutherford B. Hayes, agreed to end the federal protection of Black Americans in the South. The congressional leader who eventually forced them to back down was James A. Garfield (R-OH). Impressed by his successful effort to save the country, in 1880, party leaders nominated him for president. Garfield was a brilliant and well-educated man and had served in the Civil War himself. On August 6 in New York City, he singled out the veterans in the crowd to explain how he saw the nation’s future. “Gentlemen,” he said, “ideas outlive men; ideas outlive all earthly things. You who fought in the war for the Union fought for immortal ideas, and by their might you crowned the war with victory. But victory was worth nothing except for the truths that were under it, in it, and above it. We meet tonight as comrades to stand guard around the sacred truths for which we fought.” “[W]e will remember our allies who fought with us,” he told them. “Soon after the great struggle began, we looked beyond the army of white rebels, and saw 4,000,000 of [B]lack people condemned to toil as slaves for our enemies; and we found that the hearts of these 4,000,000 were God-inspired with the spirit of liberty, and that they were all our friends.” As the audience cheered, he continued: “We have seen white men betray the flag and fight to kill the Union; but in all that long, dreary war we never saw a traitor in a black skin.” To great applause, he vowed, “[W]e will stand by these [B]lack allies. We will stand by them until the sun of liberty, fixed in the firmament of our Constitution, shall shine with equal ray upon every man, [B]lack or white, throughout the Union.” As the audience cheered, he continued: “Fellow-citizens, fellow-soldiers, in this there is the beneficence of eternal justice, and by it we will stand forever.” Garfield won the presidency that year, but just barely. The South went solidly Democratic, and in the years to come, white northerners looked the other way as white southerners kept Black men from voting, first with terrorism and then with state election laws using grandfather clauses that cut out Black men without mentioning race by permitting a man to vote if his grandfather had voted, literacy tests in which white registrars got to decide who passed, poll taxes that were enforced arbitrarily, and so on. States also cut up districts unevenly to favor the Democrats, who ran an all-white, segregationist party. In 1880, the South became solidly Democratic, and with white men keeping Black people from the polls, it would remain so until 1964. But then, exactly 85 years after Garfield’s speech, on August 6, 1965, President Lyndon B. Johnson signed the Voting Rights Act. The need for the law was explained in its full title: “An Act to enforce the fifteenth amendment to the Constitution, and for other purposes.” Black Americans had never accepted their exclusion from the vote, and after World War II, they and other people of color who had fought for the nation overseas brought home their determination to be treated equally. White reactionaries responded with violence, but Black Americans continued to stand up for their rights. In 1957 and 1960, under pressure from President Dwight Eisenhower, Congress passed civil rights acts designed to empower the federal government to enforce the laws protecting Black voting. In 1961 the Student Nonviolent Coordinating Committee (SNCC) and the Council of Federated Organizations (COFO) began intensive efforts to register voters and to organize communities to support political change. Because only 6.7% of Black Mississippians were registered, Mississippi became a focal point, and in the “Freedom Summer” of 1964, volunteers set out to register voters. On June 21, Ku Klux Klan members, at least one of whom was a law enforcement officer, murdered organizers James Chaney, Andrew Goodman, and Michael Schwerner near Philadelphia, Mississippi, and, when discovered, laughed at the idea they would be punished for the murders. That year, Congress passed the Civil Rights Act of 1964, which strengthened voting rights. On March 7, 1965, in Selma, Alabama, marchers led by John Lewis (who would go on to serve 17 terms in Congress) headed for Montgomery to demonstrate their desire to vote. Law enforcement officers stopped them on the Edmund Pettus Bridge and beat them bloody. On March 15, President Johnson called for Congress to pass legislation defending Americans’ right to vote. “There is no constitutional issue here,” he told them. “The command of the Constitution is plain. There is no moral issue. It is wrong—deadly wrong—to deny any of your fellow Americans the right to vote in this country. There is no issue of states’ rights or national rights. There is only the struggle for human rights.” Congress passed the measure. And on this day in 1965, Johnson signed the Voting Rights Act into law. “Today is a triumph for freedom as huge as any victory that has ever been won on any battlefield,” he told the country. “I pledge [to] you that we will not delay, or we will not hesitate, or we will not turn aside until Americans of every race and color and origin in this country have the same right as all others to share in the process of democracy.” “[M]en cannot live with a lie and not be stained by it,” he said. “The central fact of American civilization…is that freedom and justice and the dignity of man are not just words to us. We believe in them. Under all the growth and the tumult and abundance, we believe. And so, as long as some among us are oppressed—and we are part of that oppression—it must blunt our faith and sap the strength of our high purpose.” — Notes: “Speech of General James A. Garfield delivered to the ‘boys in blue.’” New York, August 6, 1880, at Library of Congress: https://www.loc.gov/resource/rbpe.12900200/?sp=1. https://millercenter.org/the-presidency/presidential-speeches/august-6-1965-remarks-signing-voting-rights-act https://www.cnn.com/2022/08/06/us/voting-rights-by-the-numbers-2022/index.html",,2022-08-06,8,2022,218
February-12-2020,https://heathercoxrichardson.substack.com/p/february-12-2020,false,false,false,,2020-02-12,2,2020,43
January-18-2021,https://heathercoxrichardson.substack.com/p/january-18-2021,1026,441,"The Trump administration is winding down as Joe Biden and Kamala Harris prepare to take office on Wednesday. Trump will leave office with an approval rating of 34%, dismal by any measure. He is the first president since Gallup began polling never to break 50% approval. After the attack on the Capitol on January 6, the House of Representatives impeached him for a second time, and a majority of Americans think he should have been removed from office. In the last days of his term, the area of Washington, D.C., around our government buildings has been locked down to guard against further terrorism. Our tradition of a peaceful transition of power, established in 1800, has been broken. There is a 7-foot black fence around the Capitol and 15,000 National Guard soldiers on duty in a bitterly cold Washington January. There are checkpoints and road closures near the center of the city, and 10,000 more troops are authorized if necessary. Another 4,000 are on duty in their states, protecting key buildings and infrastructure sites. In the past two days, there have been more indications that members of the Trump administration were behind the January 6 coup attempt. Yesterday, Richard Lardner and Michelle R. Smith of the Associated Press broke the story that, far from being a grassroots rally, the event of January 6 that led to the storming of the Capitol was organized and staffed by members of Trump’s presidential campaign team. These staffers have since tried to distance themselves from it, deleting their social media accounts and refusing to answer questions from reporters. A number of the arrested insurrectionists have claimed that they were storming the Capitol because the president told them to. According to lawyers Teri Kanefield and Mark Reichel, writing in the Washington Post , this is known as the “public authority” defense, meaning that if someone in authority tells you it’s okay to break a law, that advice is a defense when you are arrested. It doesn’t mean you won’t be punished, but it is a defense. It also means that the person offering you that instruction is more likely to be prosecuted. The second impeachment, popular outcry, and continuing stories about the likely involvement of administration figures in the coup attempt seem to have trimmed Trump’s wings in his last days in office. He is issuing orders that Biden vows to overturn, and contemplating pardons (stories say those around him are selling access to him to advocate for those pardons), but otherwise today was quiet. He has tried to install a loyalist as the top lawyer at the National Security Agency, either to burrow him in or to get the green light for dumping NSA documents before he leaves office; Biden’s team will fight what is clearly an attempt to politicize the position. Tonight, Census Director Steven Dillingham resigned after whistleblowers alleged that he and other political appointees were putting pressure on department staffers to issue a hasty and unresearched report on undocumented immigrants. According to news reports, Trump is planning to leave Washington on the morning of January 20 and should be at his Florida club Mar-a-Lago by the time Biden and Harris are sworn in. The last president to miss a successor’s inauguration was Andrew Johnson, who in 1869 refused to attend Ulysses S. Grant’s swearing-in, and instead spent the morning signing last-minute bills to put in place before Grant took office. There is a lot of chatter tonight about the release today of the 1776 Report guidelines on American history. This is the administration’s reply to the 1619 Project from the New York Times , which focused on America’s history of racism. As historian Torsten Kathke noted on Twitter, none of the people involved in compiling today’s 41-page document are actually historians. They are political scientists and Republican operatives who have produced a full-throated attack on progressives in American history as well as a whitewashed celebration of the U.S.A. Made up of astonishingly bad history, this document will not stand as anything other than an artifact of Trump’s hatred of today’s progressives and his desperate attempt to wrench American history into the mythology he and his supporters promote so fervently. But aside from the bad history, the report is a fascinating window into the mindset of this administration and its supporters. In it, the United States of America has been pretty gosh darned wonderful since the beginning, and has remained curiously static. “[T]he American people have ever pursued freedom and justice,” it reads, and while “neither America nor any other nation has perfectly lived up to the universal truths of equality, liberty, justice, and government by consent,” “no nation… has strived harder, or done more, to achieve them.” America seems to have sprung up in 1776 in a form that was fine and finished. But, according to the document’s authors, trouble began in the 1890s, when “progressives” demanded that the Constitution “should constantly evolve to secure evolving rights.” It was at that moment the teaching of history took a dark turn. The view that America was born whole, has stayed the same, and is simply a prize worth possessing reminds me of so much of the world of Trump and the people around him, characterized by acquisition: buildings, planes, yachts, clothing, bank accounts. Trump and his people seem to see the world as a zero-sum game in which the winners have the most stuff, and America is just one more thing to possess. But there is a big difference in this world between having and doing. America has never fully embodied equality, liberty, and justice. What it has always had was a dream of justice and equality before the law. The 1776 Report authors are right to note that was an astonishing dream in 1776, and it made this country a beacon of radical hope. It was enough to inspire people from all walks of life to try to make that dream a reality. They didn’t have an ideal America; they worked to make one. The hard work of doing is rarely the stuff of heroic biographies of leading men. It is the story of ordinary Americans who were finally pushed far enough that they put themselves on the line for this nation’s principles. It is the story, for example, of abolitionist newspaperman Elijah P. Lovejoy, murdered by a pro-slavery mob in 1837, and the U.S. soldiers who twenty-four years later fought to protect the government against a pro-slavery insurrection designed to destroy it. It is the story of Lakota leader Red Cloud, who negotiated with hostile government leaders on behalf of his people, and of his contemporary Booker T. Washington, who tried to find a way for Black people to rise in the heart of the South in a time of widespread lynching. It is the story of Nebraska politician William Jennings Bryan, who gave voice to suffering farmers and workers in the 1890s, and of Frances Perkins, who carried his ideas forward as FDR’s Secretary of Labor and brought us Social Security. It is the story of the American G.I.s, from all races, ethnicities, genders, and walks of life who fought in WWII. It is the story of labor organizer Dolores Huerta, co-founder of the National Farmworkers Association, and Fannie Lou Hamer, who faced down men bent on murdering her and became an advocate for Black voting. It is the story of President Dwight D. Eisenhower, who 60 years ago this week warned us against the “military-industrial complex.” And it is, of course, the story of the Reverend Dr. Martin Luther King, Jr., whose life we celebrate today. King challenged white politicians to take on poverty as well as racism to make the promise of America come true for all of us. “Some forty million of our brothers and sisters are poverty stricken, unable to gain the basic necessities of life,” he reminded white leaders in May 1967. “And so often we allow them to become invisible because our society’s so affluent that we don’t see the poor. Some of them are Mexican Americans. Some of them are Indians. Some are Puerto Ricans. Some are Appalachian whites. The vast majority are Negroes in proportion to their size in the population…. Now there is nothing new about poverty. It’s been with us for years and centuries. What is new at this point though, is that we now have the resources, we now have the skills, we now have the techniques to get rid of poverty. And the question is whether our nation has the will….” Just eleven months later, a white supremacist murdered Dr. King. These people did not have a perfect nation, they worked to build one. They embraced America so fully they tried to bring its principles to life, sometimes at the cost of their own. Rather than simply trying to own America, the doers put skin in the game. Today, the Trump administration issued the 1776 Report that presented the United States of America as a prize to be possessed. And yet, the country is demonstrably still in the process of being created: tonight, there are 15,000 soldiers in the cold in Washington, D.C., defending the seat of our government against insurgents. —- Notes: https://www.washingtonpost.com/outlook/2021/01/11/public-authority-trump-mob-capitol/ https://thehill.com/homenews/534722-trump-gets-lowest-job-approval-rating-in-final-days-as-president https://www.militarytimes.com/news/your-military/2021/01/18/15000-national-guard-troops-now-in-dc-for-inauguration-in-operation-named-joint-task-force-district-of-columbia/ https://www.whitehouse.gov/wp-content/uploads/2021/01/The-Presidents-Advisory-1776-Commission-Final-Report.pdf https://apnews.com/article/election-2020-donald-trump-capitol-siege-campaigns-elections-d14c78d53b3a212658223252fec87e99 Torsten Kathke: Torsten Kathke @torstenkathke Many others are already parsing the report of the 1776 Commission. This much here: It's a propagandist hack job.

What interested me were the people involved with it.

(They're pretty much who you would expect them to be.) 11:41 PM ∙ Jan 18, 2021 1,964 Likes 749 Retweets https://talkingpointsmemo.com/news/commerce-immigrant-data https://www.washingtonpost.com/national-security/the-nsa-is-moving-forward-to-install-michael-ellis-a-former-gop-operative-as-its-top-lawyer-the-agency-said-sunday/2021/01/17/b8430e8c-58e2-11eb-a976-bad6431e03e2_story.html Share",,2021-01-18,1,2021,18
August-2-2023,https://heathercoxrichardson.substack.com/p/august-2-2023,2674,659,"There have been more developments today surrounding yesterday’s indictment of former president Trump for conspiring to defraud the United States, conspiring to disenfranchise voters, and conspiring and attempting to obstruct an official proceeding as he tried to overturn the results of the 2020 election and install himself in office over the wishes of the American people. Observers today called out the part of the indictment that describes how Trump and Co-Conspirator 4, who appears to be Jeffrey Clark, the man Trump wanted to make attorney general, intended to use the military to quell any protests against Trump’s overturning of the election results. When warned that staying in power would lead to “riots in every major city in the United States,” Co-Conspirator 4 replied, “Well…that’s why there’s an Insurrection Act.” The Insurrection Act of 1807 permits the president to use the military to enforce domestic laws, invoking martial law. Trump’s allies urged him to do just that to stay in power. Fears that Trump might do such a thing were strong enough that on January 3, 2021, all 10 living former defense secretaries signed a Washington Post op-ed warning that “[e]fforts to involve the U.S. armed forces in resolving election disputes would take us into dangerous, unlawful and unconstitutional territory.” They put their colleagues on notice: “Civilian and military officials who direct or carry out such measures would be accountable, including potentially facing criminal penalties, for the grave consequences of their actions on our republic.” Josh Marshall at Talking Points Memo recalled today that military leaders told Congress they were reluctant to respond to the violence at the Capitol out of concern about how Trump might use the military under the Insurrection Act. Political pollster Tom Bonier wrote: “I understand Trump fatigue, but it feels like the president and his advisors preparing to use the military to quash protests against his planned coup should be bigger news. Especially when that same guy is in the midst of a somewhat credible comeback effort.” On The Beat tonight, Ari Melber connected Trump Co-Conspirator John Eastman to Senator Ted Cruz (R-TX). Just before midnight on January 6, 2021, after the attack on the U.S. Capitol, Eastman wrote to Pence’s lawyer to beg him to get Pence to adjourn Congress “for 10 days to allow the legislatures to finish their investigations, as well as to allow a full forensic audit of the massive amount of illegal activity that has occurred here.” On the floor of the Senate at about the same time, Cruz, who voted against certification, used very similar language when he called for “a ten-day emergency audit.” An email sent by Co-Conspirator 6, the political consultant, matches one sent from Boris Epshteyn to Trump lawyer Rudy Giuliani, suggesting that Epshteyn is Co-Conspirator 6. The Russian-born Epshteyn has been with Trump’s political organization since 2016 and was involved in organizing the slates of false electors in 2020. Along with political consultant Steve Bannon, Epshteyn created a cryptocurrency called “$FJB, which officially stands for “Freedom. Jobs. Business.” but which they marketed to Trump loyalists as “F*ck Joe Biden.” By February 2023, Nikki McCann Ramirez reported in Rolling Stone that the currency had lost 95% of its value. Since the indictment became public, Trump loyalists have insisted that the Department of Justice is attacking Trump’s First Amendment rights to free speech. Indeed, if Giuliani’s unhinged appearance on Newsmax last night is any indication, it appears that has been their strategy all along. Aside from the obvious limit that the First Amendment does not cover criminal behavior, the grand jury sidestepped this issue by acknowledging that Trump had a right to lie about his election loss. It indicted him for unlawfully trying to obstruct an official proceeding and to disenfranchise voters. Today, Trump’s former attorney general William Barr dismissed the idea that the indictment is an attack on Trump’s First Amendment rights. Barr told CNN’s Kaitlan Collins: “As the indictment says, they're not attacking his First Amendment right. He can say whatever he wants. He can even lie. He can even tell people that the election was stolen when he knew better. But that does not protect you from entering into a conspiracy. All conspiracies involve speech. And all fraud involves speech. Free speech doesn't give you the right to engage in a fraudulent conspiracy.” Rudy Giuliani has his own troubles in the news today, unrelated to the attempt to overturn the results of the 2020 election. His former assistant Noelle Dunphy is suing him for sexual harassment and abuse, and new transcripts filed in the New York Supreme Court of Giuliani’s own words reveal disturbing fantasies of sexual domination that are unlikely to help his reputation. (Historian Kevin Kruse retweeted part of the transcript with the words, “Goodbye, lunch.”) The chaos in the country’s political leaders comes with a financial cost. According to Fitch Ratings Inc., a credit-rating agency, the national instability caused by “a steady deterioration in standards of governance over the last 20 years” has damaged confidence in the country’s fiscal management. Yesterday it downgraded the United States of America’s long-term credit rating for the second time in U.S. history. Fitch cited “repeated debt-limit political standoffs and last-minute resolutions,” “a complex budgeting process,” and “several economic shocks as well as tax cuts and new spending initiatives” for its downgrade. The New York Times warned that the downgrade is “another sign that Wall Street is worried about political chaos, including brinkmanship over the debt limit that is becoming entrenched in Washington.” The timing of the downgrade made little sense economically, as U.S. economic growth is strong enough that the Bank of America today walked back earlier warnings of a recession. Treasury Secretary Janet Yellen noted that the key factors on which Fitch based its downgrade had started in 2018 and called the downgrade “arbitrary.” The editorial board of the Washington Post called the timing “bizarre.” But the timing makes more sense in the context of the fact that House Republicans could not pass 11 of 12 necessary appropriations bills before leaving for their August recess. The White House said it “strongly disagree[d]” with the decision to downgrade the U.S. credit rating, noting that the ratings model Fitch used declined under Trump before rebounding under Biden, and saying “it defies reality to downgrade the United States at a moment when President Biden has delivered the strongest recovery of any major economy in the world.” But it did agree that “extremism by Republican officials—from cheerleading default, to undermining governance and democracy, to seeking to extend deficit-busting tax giveaways for the wealthy and corporations—is a continued threat to our economy.” — Notes: https://www.nytimes.com/2023/08/02/us/politics/boris-epshteyn-co-conspirator-6.html https://www.rollingstone.com/politics/politics-news/steve-bannon-maga-crypto-coin-collapse-boris-epshteyn-investors-1234685593/ https://www.motherjones.com/politics/2022/01/steve-bannon-boris-epshteyn-fjb-crypto/ https://www.washingtonpost.com/opinions/10-former-defense-secretaries-military-peaceful-transfer-of-power/2021/01/03/2a23d52e-4c4d-11eb-a9f4-0e668b9772ba_story.html https://talkingpointsmemo.com/news/jeff-clarks-insurrection-act-remark-was-even-worse-than-it-sounds https://storage.courtlistener.com/recap/gov.uscourts.dcd.258149/gov.uscourts.dcd.258149.1.0_1.pdf https://www.thedailybeast.com/rudy-giuliani-becomes-unhinged-in-newsmax-interview-over-donald-trump-indictment https://www.thedailybeast.com/come-here-big-tits-rudy-giulianis-sex-abuse-accuser-noelle-dunphy-has-the-tapes https://www.fitchratings.com/research/sovereigns/fitch-downgrades-united-states-long-term-ratings-to-aa-from-aaa-outlook-stable-01-08-2023 https://finance.yahoo.com/video/why-bank-america-sees-soft-200200020.html https://www.nytimes.com/2023/08/02/business/dealbook/fitch-us-credit-rating-downgrade.html https://www.washingtonpost.com/opinions/2023/08/02/fitch-downgrade-national-debt-credit/ https://www.whitehouse.gov/briefing-room/statements-releases/2023/08/01/statement-from-press-secretary-karine-jean-pierre-on-the-recent-decision-by-fitch-ratings/ Twitter: atrupar/status/1686907094790770688 petestrzok/status/1686745374826864641 tbonier/status/1686544017981362176 PoliticusSarah/status/1686869056018649088 /status/1686773362515644416 Share",,2023-08-02,8,2023,214
July-23-2021,https://heathercoxrichardson.substack.com/p/july-23-2021,755,477,"On July 20, 1969, American astronauts Neil Armstrong and Edwin “Buzz” Aldrin became the first humans ever to land, and then to walk, on the moon. They were part of the Apollo program, designed to put an American man on the moon. Their spacecraft launched on July 16 and landed back on Earth in the Pacific Ocean July 24, giving them eight days in space, three of them orbiting the moon 30 times. Armstrong and Aldrin spent almost 22 hours on the moon’s surface, where they collected soil and rock samples and set up scientific equipment, while the pilot of the command module, Michael Collins, kept the module on course above them. The American space program that created the Apollo 11 spaceflight grew out of the Cold War. The year after the Soviet Union launched an artificial satellite in 1957, Congress created the National Aeronautics and Space Administration (NASA) to demonstrate American superiority by sending a man into space. In 1961, President John F. Kennedy moved the goalposts, challenging the country to put a man on the moon and bring him safely back to earth again. He told Congress: “No single space project in this period will be more impressive to mankind, or more important for the long-range exploration of space; and none will be so difficult or expensive to accomplish.” A year later, in a famous speech at Rice University in Texas, Kennedy tied space exploration to America’s traditional willingness to attempt great things. “Those who came before us made certain that this country rode the first waves of the industrial revolutions, the first waves of modern invention, and the first wave of nuclear power, and this generation does not intend to founder in the backwash of the coming age of space. We mean to be a part of it—we mean to lead it,” he said. [T]here is new knowledge to be gained, and new rights to be won, and they must be won and used for the progress of all people…. We choose to go to the moon in this decade and do the other things, not because they are easy, but because they are hard, because that goal will serve to organize and measure the best of our energies and skills….” But the benefits to the country would not only be psychological, he said. “The growth of our science and education will be enriched by new knowledge of our universe and environment, by new techniques of learning and mapping and observation, by new tools and computers for industry, medicine, the home as well as the school.” The effort would create “a great number of new companies, and tens of thousands of new jobs…new demands in investment and skilled personnel,” as the government invested billions in it. “To be sure, all this costs us all a good deal of money…. I realize that this is in some measure an act of faith and vision, for we do not now know what benefits await us.” Seven years later, people across the country gathered around television sets to watch Armstrong step onto the moon and to hear his famous words: “That's one small step for [a] man, one giant leap for mankind.” President Richard Nixon called the astronauts from the White House: “I just can't tell you how proud we all are of what you have done,” he said. “For every American, this has to be the proudest day of our lives…. Because of what you have done, the heavens have become a part of man's world…. For one priceless moment in the whole history of man, all the people on this Earth are truly one…in their pride in what you have done, and…in our prayers that you will return safely to Earth.” And yet, by the time Armstrong and Aldrin were stepping onto the moon in a grand symbol of the success of the nation’s moon shot, Americans back on earth were turning against each other. Movement conservatives who hated post–World War II business regulation, taxation, and civil rights demanded smaller government and championed the idea of individualism, while those opposed to the war in Vietnam increasingly distrusted the government. After May 4, 1970, when the shooting of college students at Kent State University in Ohio badly weakened Nixon’s support, he began to rally supporters to his side with what his vice president, Spiro Agnew, called “positive polarization.” They characterized those who opposed the administration as anti-American layabouts who simply wanted a handout from the government. The idea that Americans could come together to construct a daring new future ran aground on the idea that anti-war protesters, people of color, and women were draining hardworking taxpayers of their hard-earned money. Ten years later, former actor and governor of California Ronald Reagan won the White House by promising to defend white taxpayers from people like the “welfare queen,” who, he said, “has 80 names, 30 addresses, 12 Social Security cards and is collecting veteran’s benefits on four non-existing deceased husbands.” Reagan promised to champion individual Americans, getting government, and the taxes it swallowed, off people’s backs. “In this present crisis, government is not the solution to our problem; government is the problem,” Reagan said in his Inaugural Address. Americans increasingly turned away from the post–World War II teamwork and solidarity that had made the Apollo program a success, and instead focused on liberating individual men to climb upward on their own terms, unhampered by regulation or taxes. This week, on July 20, 2021, 52 years to the day after Armstrong and Aldrin stepped onto the moon, former Amazon CEO Jeff Bezos and four passengers spent 11 minutes in the air, three of them more than 62 miles above the earth, where many scientists say space starts. For those three minutes, they were weightless. And then the pilotless spaceship returned to Earth. Traveling with Bezos were his brother, Mark; 82-year-old Wally Funk, a woman who trained to be an astronaut in the 1960s but was never permitted to go to space; and 18-year-old Oliver Daemen from the Netherlands, whose father paid something under $28 million for the seat. Bezos’s goal, he says, is not simply to launch space tourism, but also to spread humans to other planets in order to grow beyond the resource limits on earth. The solar system can easily support a trillion humans,” Bezos has said. “We would have a thousand Einsteins and a thousand Mozarts and unlimited—for all practical purposes—resources and solar power and so on. That's the world that I want my great-grandchildren's great-grandchildren to live in.” Ariane Cornell, astronaut-sales director of Bezos’s space company Blue Origin, live-streamed the event, telling the audience that the launch “represents a number of firsts.” It was “[t]he first time a privately funded spaceflight vehicle has launched private citizens to space from a private launch site and private range down here in Texas. It’s also a giant first step towards our vision to have millions of people living and working in space.” In 2021, Bezos paid $973 million in taxes on $4.22 billion in income while his wealth increased by $99 billion, making his true tax rate 0.98%. After his trip into the sky, he told reporters: “I want to thank every Amazon employee and every Amazon customer because you guys paid for all of this…. Seriously, for every Amazon customer out there and every Amazon employee, thank you from the bottom of my heart very much. It’s very appreciated.” —- Notes: https://www.businessinsider.com/jeff-bezos-space-flight-passenger-revealed-wally-funk-2021-7 https://www.businessinsider.com/blue-origin-auction-spacecraft-jeff-bezos-winner-seat-astronaut-2021-6 https://www.businessinsider.com/jeff-bezos-launches-to-space-blue-origin-first-human-spaceflight-2021-7 https://www.washingtonpost.com/business/2021/06/08/wealthy-irs-taxes/ https://www.businessinsider.com/jeff-bezos-thanks-amazon-customers-for-paying-trip-to-space-2021-7 Share",,2021-07-23,7,2021,204
February-7-2024,https://heathercoxrichardson.substack.com/p/february-7-2024,3542,916,"Amidst the Republican meltdown in Washington, a disturbing pattern is emerging. Under pressure from former president Donald Trump, Republican senators today killed the $118 billion Emergency National Security Supplemental Appropriations Act that provided funding for Ukraine, Israel, and Taiwan and humanitarian assistance for Gaza and also included protections for the border that Republicans themselves had demanded. Senator Kyrsten Sinema (I-AZ), one of the team of senators who had negotiated the bill, called out the Republicans who had staged photo ops at the border and insisted that Congress must address the rise in migration across the border… until Trump told them the opposite: “After all those trips to the desert, after all those press conferences, it turns out this crisis isn’t much of a crisis after all. Sunday morning, it’s a real crisis,” she said. “Monday morning it magically disappeared.” After four months of Senate negotiations over the bill produced a strong bipartisan agreement, Trump pulled the rug out from under a measure that gave the Republicans much of what they wanted, partly because he wanted the issue of immigration and the border to run on in 2024, it seems, but also to demonstrate that he could command Congress to do his bidding. It appears that Trump is trying to turn the Republican Party into an instrument he can use as he wishes. Senator James Lankford (R-OK), whom Senate minority leader Mitch McConnell (R-KY) tapped to negotiate the bill, today told the Senate that four weeks ago a right-wing media personality had told him “flat out—before they knew any of the contents of the bill, any of the content, nothing was out at that point—that told me flat out, ‘If you try to move a bill that solves the border crisis during this presidential year, I will do whatever I can to destroy you, because I do not want you to solve this during the presidential election.’” Lankford added, “[They] have been faithful to their promise and have done everything they can to destroy me in the past several weeks.” (MAGA radio host Jesse Kelly later claimed he was the person to whom Lankford referred, and called the Oklahoma senator a “eunuch.”) It is not a normal part of our political system to have members of Congress deciding what laws to support on the basis of threats. In Politico today, Burgess Everett reported that Trump-aligned MAGA Republican senators Ted Cruz (R-TX) and Mike Lee (R-UT) are calling for McConnell to step down because he backed the national security measure with the border fixes MAGA demanded, suggesting that negotiating with Democrats is off-limits. Trump has consistently called for McConnell to be replaced with someone friendlier to him. Senators aligned with Trump—Ron Johnson (R-WI), Rick Scott (R-FL), and J.D. Vance (R-OH), as well as Cruz and Lee—took a stand against the national security measure, creating such pressure that McConnell’s supporters quietly turned against it. Everett noted that the rapid about-face Senate Republicans made over the national security measure “is evidence of a major drift away from McConnell’s style of Republicanism and toward Trump’s.” Senator Lisa Murkowski (R-AK) said, “I have a difficult time understanding again how anyone else in the future is going to want to be on that negotiating team—on anything—if we are going to be against it.” She said: “I’ve gone through the multiple stages of grief. Today I’m just pissed off.” Trump’s takeover of the Republican Party is showing as well in his attempt to take over the Republican National Committee, in particular a plan to replace as its chair his hand-picked loyalist Ronna McDaniel, who has ties to the old party, with someone even closer to him. Since 2016, “[t]hey’ve merged the DNA of the president’s campaign and the RNC,” a Republican operative told Matt Dixon, Olympia Sonnier, and Katherine Doyle of NBC News. Josh Dawsey and Michael Scherer reported yesterday in the Washington Post that Republicans are afraid to stand up to Trump out of fear that he will retaliate against them. In Politico today, Peder Schaefer described how in Republican-dominated Wyoming, Democrats are afraid to admit their political affiliation out of concern for their safety. Yesterday, Politico’ s Adam Wren pointed out that Trump has spent much of the last week attacking elections officials in Indiana for helping former South Carolina governor Nikki Haley, who is running against him for the Republican presidential nomination. He is apparently working with loyalist Representative Jim Banks (R-IN) to push the lie that Haley had forgotten to fill out the paperwork to get onto the Republican primary ballot and that election officials were cheating to get her onto it. Officials say that these baseless accusations are an attempt to sow distrust of the 2024 election. “Trump is reinforcing a narrative where the only acceptable outcome is his victory, thus preemptively delegitimizing any electoral defeat,” Evansville attorney and former Indiana Republican delegate Joshua Claybourn told Wren. “It sets the stage for yet another crisis of legitimacy in the November general election.” Mike Murphy, a former Republican member of the Indiana House of Representatives, offered Wren a different theory about Trump’s actions: “The bottom line is he’s completely unhinged. He is literally off his rocker.” But there is a method behind the madness. Trump’s actions are not those designed to win an election by getting a majority of the votes. They are the tools someone who cannot win a majority uses to seize power. Trump’s base is shrinking as his actions become more extreme, but he has a big megaphone, and it is getting bigger. As Robyn Dixon and Natalia Abbakumova pointed out in the Washington Post today, Putin’s awarding of an interview to right-wing former Fox News Channel personality Tucker Carlson in Moscow this week “demonstrated Putin’s interest in building bridges to the disruptive MAGA element of the Republican Party, and it seemed to reflect the Kremlin’s hope that Donald Trump would return to the presidency and that Republicans would continue to block U.S. military aid to Ukraine.” Yesterday, Representative Matt Gaetz (R-FL) introduced, and more than 60 House Republicans co-sponsored, a resolution denying that Trump had engaged in insurrection in his attempt to overturn the 2020 presidential election. Former District of Columbia police officer Michael Fanone, who was badly hurt on January 6,  said the resolution was “a slap in the face to those of us who almost lost everything defending the Capitol on January 6th, including protecting some of the very Members of Congress who are now attempting to rewrite history to exonerate former President Trump. “But no piece of paper signed by a group of spineless extremists will ever change the facts about that dark day:” he wrote, “the insurrection was violent, it was deadly and it will happen again if we do not expunge the MAGA ideology that stoked the flames of insurrection in the first place. Rep. Matt Gaetz and every supporter of this resolution must be held accountable for their lies and un-American efforts to undermine our democracy.” — Notes: https://www.npr.org/2024/02/07/1229785349/border-deal-ukraine-aid-senate https://www.thedailybeast.com/jesse-kelly-takes-credit-for-telling-sen-james-lankford-hed-destroy-him-over-border-bill https://www.politico.com/news/2024/02/07/mcconnell-gop-rebellion-border-deal-00139972 https://www.cnn.com/2024/02/07/politics/republicans-congress-leadership-fights/index.html https://www.washingtonpost.com/politics/2024/02/07/senate-republicans-retreating-into-same-ungovernable-chaos-house-gop/ https://www.cnn.com/2024/02/07/politics/senate-border-ukraine-israel-aid-vote/index.html https://www.washingtonpost.com/world/2024/02/07/tucker-carlson-putin-russia-ukraine/ https://www.reuters.com/world/us/inside-trumps-election-a-team-lean-mean-largely-unseen-2024-02-01/ https://www.nbcnews.com/politics/donald-trump/trump-campaign-plans-takeover-republican-national-committee-rcna137516 https://www.washingtonpost.com/politics/2024/02/06/trump-revenge-republicans/ https://www.politico.com/news/magazine/2024/02/07/democrat-rural-america-struggles-qa-00139921 https://www.politico.com/news/2024/02/06/trump-indiana-conspiracy-00139973 https://gaetz.house.gov/sites/evo-subsites/gaetz.house.gov/files/evo-media-document/gaetz_211_xml.pdf https://gaetz.house.gov/sites/evo-subsites/gaetz.house.gov/files/evo-media-document/final-cosponsor-list_0.pdf https://www.nytimes.com/2024/02/06/us/politics/house-republicans-trump-jan-6.html https://www.nbcnews.com/politics/justice-department/jan-6-rioter-electroshocked-dc-officer-michael-fanone-sentenced-125-ye-rcna89388 https://courageforamerica.org/news/officer-michael-fanone-slams-matt-gaetz-resolution-minimizing-trumps-jan-6-involvement/ Twitter (X): Acyn/status/1755297920847429720 igorbobic/status/1755303177639854171 Share",,2024-02-07,2,2024,38
February-19-2025,https://heathercoxrichardson.substack.com/p/february-19-2025,6354,897,"The past week has solidified a sea change in American—and global—history. A week ago, on Wednesday, February 12, Secretary of Defense Pete Hegseth announced at a meeting of the Ukraine Defense Contact Group in Brussels, Belgium, that President Donald Trump intended to back away from support for Ukraine in its fight to push back Russia’s invasions of 2014 and 2022. Hegseth said that Trump wanted to negotiate peace with Russia, and he promptly threw on the table three key Russian demands. He said that it was “unrealistic” to think that Ukraine would get back all its land—essentially suggesting that Russia could keep Crimea, at least—and that the U.S. would not back Ukraine’s membership in the North Atlantic Treaty Organization (NATO), the mutual security agreement that has kept Russian incursions into Europe at bay since 1949. Hegseth’s biggest concession to Russia, though, was his warning that “stark strategic realities prevent the United States of America from being primarily focused on the security of Europe.” Also on Wednesday, President Donald Trump spoke to Russia’s president, Vladimir Putin, for nearly an hour and a half and came out echoing Putin’s rationale for his attack on Ukraine. Trump’s social media account posted that the call had been “highly productive,” and said the two leaders would visit each other’s countries, offering a White House visit to Putin, who has been isolated from other nations since his attacks on Ukraine. In a press conference on Thursday, the day after his speech in Brussels, Hegseth suggested again that the U.S. military did not have the resources to operate in more than one arena and was choosing to prioritize China rather than Europe, a suggestion that observers of the world’s most powerful military found ludicrous. Then, on Friday, at the sixty-first Munich Security Conference, where the U.S. and allies and partners have come together to discuss security issues since 1963, Vice President J.D. Vance attacked the U.S.A.’s European allies. He warned that they were threatened not by Russia or China, but rather by “the threat from within,” by which he meant the democratic principles of equality before the law that right-wing ideologues believe weaken a nation by treating women and racial, religious, and gender minorities as equal to white Christian men. After Vance told Europe to “change course and take our shared civilization in a new direction,” he refused to meet with Germany’s chancellor Olaf Scholz and instead met with the leader of the far-right German political party that has been associated with neo-Nazis. While the Munich conference was still underway, the Trump administration on Saturday announced it was sending a delegation to Saudi Arabia to begin peace talks with Russia. Ukrainian officials said they had not been informed and had no plans to attend. European negotiators were not invited either. When U.S. Secretary of State Marco Rubio and Russian foreign minister Sergei Lavrov spoke on Saturday, the Russian readout of the call suggested that Russia urgently needs relief from the economic sanctions that are crushing the Russian economy. The day before, Hungarian prime minister Viktor Orbán, an ally of both Putin and Trump, assured Hungarian state radio on Friday that Russia will be “reintegrated” into the world economy and the European energy system as soon as “the U.S. president comes and creates peace.” Talks began yesterday in Riyadh, Saudi Arabia. In a four-and-a half-hour meeting, led by Rubio and Lavrov, and including national security advisor Mike Waltz, the U.S. and Russia agreed to restaff the embassies in each other’s countries, a key Russian goal as part of its plan to end its isolation. Lavrov blamed the Biden administration for previous “obstacles” to diplomatic efforts and told reporters that now that Trump is in power, he had “reason to believe that the American side has begun to better understand our position.” Yesterday evening, from his Florida residence, Trump parroted Russian propaganda when he blamed Ukraine for the war that began when Russia invaded Ukraine’s sovereign territory. When reporters asked about the exclusion of Ukraine from the talks, Trump answered: “Today I heard, ‘Oh, well, we weren’t invited.’ Well, you've been there for three years. You should have ended it three years ago. You should have never started it. You could have made a deal.” He also said that Zelensky holds only a 4% approval rating, when in fact it is about 57%. Today, Trump posted that Zelensky is a dictator and should hold elections, a demand Russia has made in hopes of installing a more pro-Russia government. As Laura Rozen pointed out in Diplomatic , former Russian president Dmitry Medvedev posted: “If you’d told me just three months ago that these were the words of the US President, I would have laughed out loud.” “Be clear about what’s happening,” Sarah Longwell of The Bulwark posted. “Trump and his administration, and thus America, is siding with Putin and Russia against a United States ally.” To be even clearer: under Trump, the United States is abandoning the post–World War II world it helped to build and then guaranteed for the past 80 years. The struggle for Ukraine to maintain its sovereignty, independence, and territory has become a fight for the principles established by the United Nations, organized in the wake of World War II by the allied countries in that war, to establish international rules that would, as the U.N. charter said, prevent “the scourge of war, which twice in our lifetime has brought untold sorrow to mankind, and to reaffirm faith in fundamental human rights.” Central to those principles and rules was that members would not attack the “territorial integrity or political independence” of any other country. In 1949 the North Atlantic Treaty Organization (NATO) came together to hold back growing Soviet aggression under a pact that an attack on any of the member states would be considered an attack on all. The principle of national sovereignty is being tested in Ukraine. After the breakup of the Soviet Union in 1991, Ukraine held about a third of the USSR’s nuclear weapons but gave them up in exchange for payments and security assurances from Russia, the United States, and the United Kingdom that they would respect Ukraine’s sovereignty within its existing borders. But Ukraine sits between Russia and Europe, and as Ukraine increasingly showed an inclination to turn toward Europe rather than Russia, Russian leader Putin worked to put his own puppets at the head of the Ukrainian government with the expectation that they would keep Ukraine, with its vast resources, tethered to Russia. In 2004 it appeared that Russian-backed politician Viktor Yanukovych had won the presidency of Ukraine, but the election was so full of fraud, including the poisoning of a key rival who wanted to break ties with Russia and align Ukraine with Europe, that the U.S. government and other international observers did not recognize the election results. The Ukrainian government voided the election and called for a do-over. To rehabilitate his image, Yanukovych turned to American political consultant Paul Manafort, who was already working for Russian billionaire Oleg Deripaska. With Manafort’s help, Yanukovych won the presidency in 2010 and began to turn Ukraine toward Russia. When Yanukovych suddenly reversed Ukraine’s course toward cooperation with the European Union and instead took a $3 billion loan from Russia, Ukrainian students protested. On February 18, 2014, after months of popular protests, Ukrainians ousted Yanukovych from power in the Maidan Revolution, also known as the Revolution of Dignity, and he fled to Russia. Shortly after Yanukovych’s ouster, Russia invaded Ukraine’s Crimea and annexed it. The invasion prompted the United States and the European Union to impose economic sanctions on Russia and on specific Russian businesses and oligarchs, prohibiting them from doing business in U.S. territories. E.U. sanctions froze assets, banned goods from Crimea, and banned travel of certain Russians to Europe. Yanukovych’s fall had left Manafort both without a patron and with about $17 million worth of debt to Deripaska. Back in the U.S., in 2016, television personality Donald Trump was running for the presidency, but his campaign was foundering. Manafort stepped in to help. He didn’t take a salary but reached out to Deripaska through one of his Ukrainian business partners, Konstantin Kilimnik, immediately after landing the job, asking him, “How do we use to get whole? Has OVD [Oleg Vladimirovich Deripaska] operation seen?” Journalist Jim Rutenberg established that in 2016, Russian operatives presented Manafort a plan “for the creation of an autonomous republic in Ukraine’s east, giving Putin effective control of the country’s industrial heartland.” In exchange for weakening NATO and U.S. support for Ukraine, looking the other way as Russia took eastern Ukraine, and removing U.S. sanctions from Russian entities, Russian operatives were willing to help Trump win the White House. The Republican-dominated Senate Intelligence Committee in 2020 established that Manafort’s Ukrainian business partner Kilimnik, whom it described as a “Russian intelligence officer,” acted as a liaison between Manafort and Deripaska while Manafort ran Trump’s campaign. Government officials knew that something was happening between the Trump campaign and Russia. By the end of July 2016, FBI director James Comey opened a counterintelligence investigation into Russian interference in the 2016 election. After Trump won, the FBI caught Trump national security advisor Lieutenant General Michael Flynn assuring Russian ambassador Sergey Kislyak that the new administration would change U.S. policy toward Russia. Shortly after Trump took office, Flynn had to resign, and Trump asked Comey to drop the investigation into Flynn. When Comey refused, Trump fired him. The next day, he told a Russian delegation he was hosting in the Oval Office: “I just fired the head of the F.B.I. He was crazy, a real nut job…. I faced great pressure because of Russia. That’s taken off.” Trump swung U.S. policy toward Russia, but that swing hit him. In 2019, with the help of ally Rudy Giuliani, Trump planned to invite Ukraine’s president, Petro Poroshenko, to the White House to boost his chances of reelection. In exchange, Poroshenko would announce that he was investigating Hunter Biden for his work with Ukrainian energy company Burisma, thus weakening Trump’s chief rival, Democrat Joe Biden, in the 2020 presidential election. But then, that April, voters in Ukraine elected Volodymyr Zelensky rather than Poroshenko. Trump withheld money Congress had appropriated for Ukraine’s defense against Russia and suggested he would release it only after Zelensky announced an investigation into Hunter Biden. That July 2019 phone call launched Trump’s first impeachment, which, after the Senate acquitted him in February 2020, launched in turn his revenge tour and then the Big Lie that he had won the 2020 election. The dramatic break from the democratic traditions of the United States when Trump and his cronies tried to overturn the results of the 2020 presidential election was in keeping with his increasing drift toward the political tactics of Russia. When Biden took office, he and Secretary of State Antony Blinken worked feverishly to strengthen NATO and other U.S. alliances and partnerships. In February 2022, Putin launched another invasion of Ukraine, attempting a lightning strike to take the rich regions of the country for which his people had negotiated with Manafort in 2016. But rather than a quick victory, Putin found himself bogged down. Zelensky refused to leave the country and instead backed resistance, telling the Americans who offered to evacuate him, “The fight is here; I need ammunition, not a ride.” With the support of Biden and Blinken, NATO allies and other partners stood behind Ukraine to stop Putin from dismantling the postwar rules-based international order and spreading war further into Europe. When he left office just a month ago, Biden said he was leaving the Trump administration with a “strong hand to play” in foreign policy, leaving it “an America with more friends and stronger alliances, whose adversaries are weaker and under pressure,” than when he took office. Now, on the anniversary of the day the Ukrainian people ousted Victor Yanukovych in 2014—Putin is famous for launching attacks on anniversaries—the United States has turned its back on Ukraine and 80 years of peacetime alliances in favor of support for Vladimir Putin’s Russia. “We now have an alliance between a Russian president who wants to destroy Europe and an American president who also wants to destroy Europe,” a European diplomat said. “The transatlantic alliance is over.” This shift appears to reflect the interests of Trump, rather than the American people. Trump’s vice president during his first term, Mike Pence, posted: “Mr. President, Ukraine did not ‘start’ this war. Russia launched an unprovoked and brutal invasion claiming hundreds of thousands of lives. The Road to Peace must be built on the Truth.” Senate Armed Services Committee chair Roger Wicker (R-MS) said, “Putin is a war criminal and should be in jail for the rest of his life, if not executed."" Courtney Kube and Carol E. Lee of NBC News reported that intelligence officials and congressional officials told them that Putin feels “empowered” by Trump’s recent support and is not interested in negotiations; he is interested in controlling Ukraine. A Quinnipiac poll released today shows that only 9% of Americans think we should trust Putin; 81% say we shouldn’t. For his part, Putin complained today that Trump was not moving fast enough against Europe and Ukraine. In The Bulwark , Mark Hertling, who served as the Commanding General of the United States Army Europe, commanded the 1st Armored Division in Germany, and the Multinational Division-North in Iraq, underlined the dramatic shift in American alignment. In an article titled “We’re Negotiating with War Criminals,” he listed the crimes: nearly 20,000 Ukrainian children kidnapped and taken to Russia; the deliberate targeting of civilian infrastructure, including hospitals, schools, and energy facilities; the execution of prisoners of war; torture of detainees; sexual violence against Ukrainian civilians and detainees; starvation; forcing Ukrainians to join pro-Russian militias. “And we are negotiating with them,” Hertling wrote. Josh Marshall of Talking Points Memo points out that the talks appear to be focused on new concessions for American companies in the Russian oil industry, including a deal for American companies to participate in Russian oil exploration in the Arctic. For years, Putin has apparently believed that driving a wedge between the U.S. and Europe would make NATO collapse and permit Russian expansion. But it’s not clear that’s the only possible outcome. Ukraine’s Zelensky and the Ukrainians are not participating in the destruction of either their country or European alliances, of course. And European leaders are coming together to strengthen European defenses. Emergency meetings with 18 European countries and Canada have netted a promise to stand by Ukraine and protect Europe. “Russia poses an existential threat to Europeans,” President Emmanuel Macron of France said today. Also today, rather than dropping sanctions against Russia, European Union ambassadors approved new ones. For his part, Trump appears to be leaning into his alliance with dictators. This afternoon, he posted on social media a statement about how he had killed New York City’s congestion pricing and “saved” Manhattan, adding “LONG LIVE THE KING!” White House deputy chief of staff Taylor Budowich reposted the statement with an image of Trump in the costume of an ancient king, with a crown and an ermine robe. Later, the White House itself shared an image that imitated a Time magazine cover with the word “Trump” in place of “Time,” a picture of Trump with a crown, and the words “LONG LIVE THE KING.” The British tabloid The Daily Star interprets the changes in American politics differently. Its cover tomorrow features Vladimir Putin walking “PUTIN’S POODLE”: the president of the United States. — Notes: https://www.defense.gov/News/Speeches/Speech/Article/4064113/opening-remarks-by-secretary-of-defense-pete-hegseth-at-ukraine-defense-contact/ https://www.defense.gov/News/Transcripts/Transcript/Article/4066734/secretary-of-defense-pete-hegseth-press-conference-following-nato-ministers-of/ https://rationalpolicy.com/2025/02/13/on-the-russian-navy/ https://apnews.com/article/us-russia-rubio-lavrov-ukraine-saudi-arabia-94bc4de5ecc86922d6ea4376e38f1cfd https://www.un.org/en/about-us/un-charter/preamble Matt Apuzzo, Maggie Haberman, and Matthew Rosenberg, “Trump Told Russians That Firing ‘Nut Job’ Comey Eased Pressure From Investigation,” The New York Times , May 19, 2017. https://edition.cnn.com/2022/02/26/europe/ukraine-zelensky-evacuation-intl/index.html https://www.axios.com/2025/01/13/biden-foreign-policy-speech https://www.nbcnews.com/politics/national-security/us-putin-negotiate-intel-shows-s-not-interested-real-peace-deal-source-rcna192524 https://talkingpointsmemo.com/edblog/russia-and-the-us-begin-to-divvy-up-ukraine-at-riyadh-confab https://www.politico.eu/article/donald-trump-america-vladimir-putin-ally-war/ https://www.politico.eu/article/eu-envoys-approve-new-russia-sanctions-package/ https://www.kyivpost.com/post/47457 https://www.intelligence.senate.gov/sites/default/files/documents/report_volume5.pdf https://www.theatlantic.com/magazine/archive/2018/03/paul-manafort-american-hustler/550925/ https://www.nytimes.com/2022/11/02/magazine/russiagate-paul-manafort-ukraine-war.html https://talkingpointsmemo.com/prime/the-same-russian-agents-who-meddled-in-us-politics-set-the-stage-for-ukraine-invasion https://www.nytimes.com/2022/11/02/magazine/russiagate-paul-manafort-ukraine-war.html https://www.consilium.europa.eu/en/policies/sanctions-against-russia/timeline-sanctions-against-russia/ https://www.theguardian.com/us-news/2025/feb/14/jd-vance-stuns-munich-conference-with-blistering-attack-on-europes-leaders https://www.theguardian.com/us-news/2025/feb/14/jd-vance-alice-weidel-meeting-germany-far-right https://mid.ru/en/foreign_policy/news/1997596/ https://www.reuters.com/world/europe/russia-be-reintegrated-into-world-economy-if-war-ukraine-ends-orban-says-2025-02-14/ Bluesky: samcb.bsky.social/post/3likkj5z2cs27 sarahlongwell25.bsky.social/post/3likjk75xec2y ronfilipkowski.bsky.social/post/3likeudff5k25 antongerashchenko.bsky.social/post/3lijf274ab222 mehdirhasan.bsky.social/post/3lik7ejw3vc2p youranoncentral.bsky.social/post/3lil3ljoeq22z rpsagainsttrump.bsky.social/post/3liliuluuy22r X: awprokop/status/1892318666844217496 Mylovanov/status/1892254266368159808 Share",,2025-02-19,2,2025,50
July-4-2020,https://heathercoxrichardson.substack.com/p/july-4-2020,520,145,"Today, on a day presidents traditionally use to avoid politics and reinforce Americans’ shared values, Trump gave a speech dividing Americans into two groups: his supporters and “the radical left, the Marxists, the anarchists, the agitators, the looters, and people who in many instances have absolutely no clue what they are doing.” Trying to get people to look away from the devastating toll of coronavirus on this country—our official death toll is approaching 130,000— Trump is staking out a position as the leader of a culture war. Today’s speech was an echo of the one he gave yesterday at Mt. Rushmore, where the faces of American presidents George Washington, Thomas Jefferson, Theodore Roosevelt, and Abraham Lincoln are carved into rocks sacred to the Lakota people. There, Trump set himself up as a defender of American history and culture against a “new far-left fascism” trying to destroy America. “Our nation is witnessing a merciless campaign to wipe out our history, defame our heroes, erase our values and indoctrinate our children,” Trump said. “Angry mobs are trying to tear down statues of our founders, deface our most sacred memorials and unleash a wave of violent crime in our cities.” Giving such a speech at Mt. Rushmore enabled Trump to illustrate his promise to dominate the enemies he insists threaten his version of America. He superimposed himself, with the commanding power of the U.S. government behind him, over the sacred lands of the Lakota, who have tried since the 1860s to protect those lands, and who now suffer the nation’s highest levels of poverty, as well as the devastating social ills that go with that poverty, including terrible susceptibility to coronavirus as well as horrific numbers of missing and murdered women. Trump’s performance at Mt. Rushmore was a carefully crafted image of the most powerful man in America dominating the most marginalized people. Ironically, given his laments about the rewriting of history, his insistence that Mt. Rushmore is “an eternal tribute to our forefathers and to our freedom,” is a pretty huge rewriting of why there is a Mt. Rushmore in the first place. Mt. Rushmore was conceived in 1923 in a desperate attempt to draw tourist dollars to a state that had been rushed into the Union to protect Republican political dominance and could not manage to achieve economic stability. The story is this: In 1889, Republicans knew they were in political trouble. Americans had turned against their conviction that the government must protect big business at all costs, and that any kind of regulation or protection for workers amounted to socialism. In 1884, for the first time since the Civil War, voters had elected a Democrat to the White House. Grover Cleveland promised to use the government to protect ordinary Americans, and to stop congressmen from catering to wealthy industrialists. To regain control of the government, in 1888, Republicans pulled out all the stops. They developed a new system of campaign financing, hitting up rich businessmen for contributions, and got employers to warn workers that if they didn’t vote for the Republican candidate they would be fired. Nonetheless, Republican Benjamin Harrison lost the election by about 100,000 votes. But he won in the Electoral College. Republicans immediately set out to make sure no Democrat could ever win the White House again. They rushed South Dakota into the Union in 1889, along with North Dakota, Montana, and Washington—all Republican regions-- to pack the Senate and the Electoral College. The next year, they rushed in Wyoming and Idaho, too, boasting that they would dominate government for the foreseeable future. South Dakota, though, was a problem. Virtually all of the land in that new state belonged to the Lakota people. The Lakotas were not originally from the region. They had been pushed west in the late 1600s from the area around the Great Lakes by warring tribes unsettled by the epidemics brought first by Europeans. But the Lakota believed the new land was their true spiritual home, and they considered the Black Hills there sacred. Once settled in the Great Plains, Lakotas adopted horses and became both wealthy and formidable warriors, so formidable they held their own against American incursions until after the Civil War. In 1868, eager to stop Lakota attacks on the miners traipsing through their territory, the U.S. government agreed to leave the forts officers had built in Lakota territory. The Treaty of Fort Laramie established most of what would later become South Dakota as a reservation, along with the Black Hills. But the treaty did not stop miners, buffalo hunters, railroad men, or settlers from intruding on Lakota lands. In 1874, when a gold strike in the Black Hills sent miners pouring into the area, the government gave up trying to keep settlers out of the reservation, and instead set out to buy the Black Hills. Oglala Lakota leader Red Cloud refused. The Black Hills were priceless, he said, and to get them officials would have to make an equivalent offer. Hunkpapa Lakota Sitting Bull was less diplomatic. “We want no white men here. The Black Hills belong to me. If the whites try to take them, I will fight.” They demanded government officials honor the treaty. Government officials interpreted Lakotas’ refusal to sell their lands as hostility. They stopped trying to keep miners out of Lakota lands and in December 1875, told Lakotas to report to authorities or expect war. Sitting Bull and his friend Crazy Horse were 250 miles away and probably never heard the order, but even if they had, such a journey was impossible to make in a South Dakota winter. The next summer, Sitting Bull pulled together from a number of different tribes the largest encampment of warriors in Lakota history, as many as 7,000 people, while the army set out to put them down. In late June 1876, several of the twelve companies of the 7th Cavalry, commanded by Lieutenant Colonel George Armstrong Custer, fell on the Lakota while they rested in midday by the Greasy Grass River, known to the army as the Little Bighorn. Custer died, alongside 267 other soldiers. The Lakota and their allies lost about 40. “I feel sorry that too many were killed on each side,” Sitting Bull said, “But when Indians must fight, they must.” The Treaty of Fort Laramie required that three-quarters of Lakota men must ratify any further land cessions, but in the aftermath of the “Battle of the Little Bighorn,” the U.S. government simply seized the Black Hills. Then, in 1889, eager to open up land for eastern settlers in the new state of South Dakota, the government got Lakotas to sign significant land cessions, although exactly how they got those signatures is unclear, since the Lakotas had refused to sell the same land a year before. Still, South Dakota was terribly low on both settlers and water, and it did not prosper. By the early 1920s, an early settler and the founder of the state’s historical society, Doane Robinson, decided to have a western hero carved into the Black Hills to attract tourists and boost the economy. He invited sculptor Gutzon Borglum to design it. Borglum rejected the idea of a western hero and instead designed a monument to represent American ideals: Washington, who had founded the nation; Jefferson, who had expanded the country west; Lincoln, who had saved the nation; and Roosevelt, who had protected democracy from industrialists. Deep in the heart of the land the Lakota held sacred, Borglum carved a monument that, according to his son, was intended to illustrate that “Man has a right to be free and to be happy.” It is hardly the fault of Washington, Jefferson, Lincoln, and Roosevelt that a desperate western promoter used their images to fix a problem created by party politicians. Trump’s attempt to link that early twentieth-century effort-- and the violent history that preceded it-- to the better aspirations of our greatest leaders is a sleight of hand. If we permitted it, that dark and angry equivalence would wipe out our history, indeed. —- Notes: https://www.nytimes.com/2020/07/03/us/politics/trump-coronavirus-mount-rushmore.html https://www.washingtonpost.com/politics/trump-mount-rushmore-fireworks/2020/07/03/af2e84f6-bd25-11ea-bdaf-a129f921026f_story.html https://www.lakotalaw.org/news/2020-05-01/mmiw-resource-guide Share",,2020-07-04,7,2020,186
October-12-2021,https://heathercoxrichardson.substack.com/p/october-12-2021,747,288,"Tonight the House voted to raise the debt ceiling by $480 billion, which should keep the country afloat until December 3. The vote was 219 to 206, with all Republicans either voting no or refusing to vote. Republican representative Andy Biggs from Arizona moved to adjourn Congress rather than take the vote at all. Representative Chip Roy (R-TX) said he would not vote to raise the debt ceiling because government spending funds “tyranny” over people’s lives. He complained about “a border that’s not secure,” “Critical Race Theory being taught to our children,” and a litany of other Republican talking points. The debt ceiling needs to be raised not to pay for future spending, but for past spending, including the $7.8 trillion the Republicans put on the national tab during the four years of the Trump presidency. Permitting the nation to default on its debts would crash the economy and destroy our international standing, likely for the foreseeable future. But Republicans are willing to do that if it means regaining power by playing to their base. With Democrats in control of the national government, Republicans are retreating to the states to launch their bid to take back national power. Having cemented their control of Republican-dominated states with new election laws that suppress Democratic voting or give control of certifying elections to Republican boards, Republicans are much more concerned about challenges from the right than they are about having to moderate their stands. This has made them increasingly radical. Today, on the day that CNN reported that official deaths from coronavirus have reached 715,000, Ohio Republican representative Jim Jordan tweeted that Ohio should end all vaccine mandates. That would include vaccines against diphtheria, tetanus, whooping cough, polio, measles, mumps, and rubella, among other diseases. Texas governor Greg Abbott went further. He signed an executive order prohibiting “any entity” from enforcing a vaccine mandate in Texas. This was not just a play to anti-vaxxers, but a declaration that his state is supreme over the federal government. Last month, President Joe Biden announced vaccine requirements for all federal workers and contractors, and today, the Occupational Safety and Health Administration (OSHA) in the Department of Labor announced a vaccine or testing requirement for any company with 100 or more employees.” This is not the first time Abbott has made such a demonstration. In June, he and Arizona governor Doug Ducey sent a letter to the other 48 governors asking them to send reinforcements to the southern border to do the job the Biden administration was, they wrote, “unwilling or unable” to do. Six Republican governors answered their call with support that was more symbolic than powerful. Florida governor Ron DeSantis sent 50 law enforcement officers; Ohio governor Michael DeWine sent 185; Nebraska governor Pete Ricketts sent 24. Iowa governor Kim Reynolds sent “up to 30” National Guard troops; Arkansas governor Asa Hutchinson sent 40; and South Dakota governor Kristi Noem sent “up to 50,” allegedly funded by a private donation. She boasted of this deployment at the annual meeting of the Conservative Political Action Committee (CPAC) and on the Fox News Channel. Those troops have been quietly brought home over the past few months, but their deployment demonstrated the states’ willingness to flex their muscles against the federal government and has forced the military into the center of the enforcement of right-wing ideology. And, of course, the Texas anti-abortion law, S.B. 8, has offered a blueprint for other states to take away their citizens’ constitutional rights by turning over enforcement of the law to private individuals rather than the state. All constitutional rights—including all civil rights—could be overturned by vigilantes under this policy. The Republicans’ resorting to cementing their power in the states echoes the path of southern Democrats in 1860. Aware they had lost control of the national government, they turned to radicalizing their states, then forced the states out of the Union quickly, before popular opposition could mobilize against secession. When radicals took to the states to cement their power in 1860, the federal government had little power to stop them. But in 1868, in the wake of the Civil War, Congress remedied that deficiency with the Fourteenth Amendment to the Constitution. That amendment increased the power of the federal government over the states to protect civil rights. It declared, “No state shall make or enforce any law which shall abridge the privileges or immunities of citizens of the United States; nor shall any state deprive any person of life, liberty, or property, without due process of law; nor deny to any person within its jurisdiction the equal protection of the laws.” That same amendment protected the sanctity of the national debt, declaring that “The validity of the public debt of the United States, authorized by law, including debts incurred for payment of pensions and bounties for services in suppressing insurrection or rebellion, shall not be questioned.” — Notes: Acyn @Acyn 206 House Republicans vote for a default. The other six didn’t vote at all 11:28 PM ∙ Oct 12, 2021 2,445 Likes 926 Retweets https://apnews.com/article/joe-biden-business-congress-bills-financial-markets-9abe4ef546f62521bcfe7dc3c9517eaf Ted Lieu @tedlieu Dems seek to prevent the US from defaulting on our debts, 97% of which were incurred by the Trump Administration. A default would put people out of work and hurt our economy.

What does GOP want to do? Adjourn & go home.

Democrats deliver. Radical Republicans are dangerous. https://t.co/85rGPZbngi Acyn @Acyn Republicans motion to adjourn before the debt ceiling is voted on https://t.co/Gdtv4EnDY1 9:50 PM ∙ Oct 12, 2021 3,100 Likes 1,033 Retweets https://www.cbsnews.com/news/covid-vaccine-mandate-texas-ban/ https://www.cnn.com/2021/10/12/politics/covid-vaccine-rule-large-employers-biden-osha-omb/index.html https://www.azcentral.com/story/news/politics/border-issues/2021/06/10/doug-ducey-greg-abbott-ask-other-states-help-patrol-border/7647613002/ https://www.pnj.com/story/news/2021/06/25/desantis-send-50-florida-officers-help-texas-southern-border/5344834001/ https://www.yahoo.com/lifestyle/ohio-makes-six-states-sending-134800697.html https://www.politico.com/news/magazine/2021/07/10/republican-governors-national-guard-texas-mexico-border-499040 What happened to the Texas troops is in Mark Moore, “Border reportedly ‘wide open’ after states pull National Guard troops,” New York Post, October 11, 2021. I can’t link it because it will mean spam filters will catch and kill this letter. https://www.washingtonpost.com/politics/courts_law/texas-abortion-ban-appeal/2021/10/12/fd649804-2b60-11ec-baf4-d7a4e075eb90_story.html Share",,2021-10-12,10,2021,285
June-10-2025,https://heathercoxrichardson.substack.com/p/june-10-2025,6702,866,"Today President Donald J. Trump made it clear that the provocations he and his administration are escalating in Los Angeles and now elsewhere are using the issue of immigration to suppress dissent entirely. In the Oval Office today, Trump said of the military parade scheduled for this Saturday: “If there’s any protester wants to come out, they will be met with very big force…. For those people that want to protest, they’re going to be met with very big force.” His statement comes after the administration instituted aggressive immigration sweeps in Los Angeles during which Immigration and Customs Enforcement (ICE) met the few hundred protesters with violence. Then, over the protests of both Los Angeles mayor Karen Bass and California governor Gavin Newsom, Trump federalized 4,000 members of California’s National Guard and ordered 700 Marines to Los Angeles. He and his advisors have repeatedly threatened to arrest anyone who does not cooperate with ICE, including Mayor Bass and Governor Newsom. Trump has said he based his decision to federalize the National Guard on his insistence that Los Angeles is staggering under violent riots, but in fact the protests are largely peaceful and local officials maintain they can handle the situation. Still, Trump described Los Angeles as “invaded and occupied by Illegal Aliens and Criminals,” and said “violent insurrectionist mobs are swarming and attacking our Federal Agents to try and stop our deportation operations.” Secretary of Homeland Security Kristi Noem called Los Angeles a “city of criminals,” and other MAGA lawmakers have gotten into the act. Will Sommer of The Bulwark pointed out today that MAGA influencers are also pushing for more crackdowns and more cruelty in a feedback loop as they and White House officials push each other toward more and more cruelty toward immigrants. But the narrative that L.A. is under siege is hard to make stick. Protesters have been filming the bands playing and people dancing at the protests, which remain small. They have also filmed the ICE agents shooting less-lethal bullets at individuals, including an Australian journalist who was speaking to a camera when she was shot from behind. The complaint against SEIU leader David Huerta, who has been charged with conspiring to impede an officer, says that he walked and sat on a public sidewalk in such a way that he blocked an ICE van before an officer pushed him to the ground and arrested him. Economist Paul Krugman notes that “Los Angeles right now is probably as safe as it has ever been,” and Newsom has been meeting the claims of MAGA politicians that the city is a hellscape with actual statistics showing that California is safer than their own states. He reminded Oklahoma senator Markwayne Mullin that Oklahoma’s murder rate is 40% higher than California’s and, after Alabama senator Tommy Tuberville called for Newsom to be arrested, retorted: “Alabama has 3X the homicide rate of California. Its murder rate is ranked third in the entire country. Stick to football, bro.” As Maria Sacchetti of the Washington Post noted today, California recently became the fourth largest economy in the world. It has the highest number of immigrants in the country—although many have moved in the past few years to more affordable states—and unemployment numbers are close to the national average. But Trump has always managed his public affairs by projecting dominance in a fake world; his political instincts for keeping attention on himself have been compared to the kayfabe of professional wrestling. This afternoon he upped the ante again. In a speech at the Army base at Fort Bragg, North Carolina, Trump delivered a fiercely partisan speech that sounded like it was written by White House deputy chief of staff Stephen Miller. In front of a crowd of enlisted personnel who journalist Jane Coaston reported had been carefully selected to be Trump supporters and “to be fit and not look fat,” Trump claimed the U.S. was under a “foreign invasion” because of “stupid people or radical Left people or sick people.” He goaded the personnel into booing Newsom and Bass. Since the days of George Washington, the American armed forces have been strictly nonpartisan, declaring their allegiance to the U.S. Constitution itself rather than to any leader. Simon Rosenberg of Hopium Chronicles noted that Trump is “turning the world’s powerful military away from its focus on Russia and China toward a new enemy—the American people themselves.” He mused: “I’ve been saying that I felt Trump’s dramatic escalation in recent days was driven in part by Musk’s emasculation of him last week. I also wonder whether it’s being driven by Zelensky’s profound humiliation of Putin, and Putin lashing out at Trump for not delivering Ukraine to him.” Steven Lee Myers of the New York Times reported today that right-wing bots, trolls, conspiracy theorists, and MAGA influencers are flooding social media with messages designed to attack immigrants and Democrats and defend Trump. Many of those accounts are linked to Russia and Russian disinformation. It certainly feels as if administration officials are going for broke in ways that benefit Russia. Director of National Intelligence Tulsi Gabbard today released a video warning that the world is close to a nuclear war caused by a political elite that expects it can survive one in special bunkers. Gabbard has a history of parroting Russian propaganda, and famously, Russian president Vladimir Putin has used the threat of nuclear war to press his demands against Ukraine. A YouGov poll out today shows that only 34% of American adults approve of Trump’s deployment of Marines to the Los Angeles area to respond to protests over the enforcement of immigration laws while 47% do not approve. Only 38% of American adults approve of Trump’s deployment of National Guard soldiers to L.A., while 45% disapprove. A strong majority—56%—of Americans think state and local officials should take the lead in responding to the L.A. protests, while only 25% think the federal government should. Strikingly, 50% of adults disapprove of the administration's handling of deportations, while only 39% approve. Those numbers were gathered before Pentagon comptroller Bryn MacDonnell told the House Defense Appropriations Committee today that the Pentagon estimates the cost of federalizing the National Guard and deploying the Marines to Los Angeles at $134 million. Today the Department of Justice announced it was indicting Representative LaMonica McIver (D-NJ) on three counts of “forcibly impeding and interfering with federal law enforcement officers” after a May 19 event in front of a Newark, New Jersey, ICE detention center. McIver was at the detention center with others as part of her oversight responsibilities, and a video shows her being jostled with a crowd that includes an ICE officer, but no one breaks stride. McIver called the charges “a brazen attempt at political intimidation.” Tonight Governor Newsom delivered a prime-time address about the events of the past few days. He outlined the story of the ICE raids and Trump’s escalation of conflict. He urged protesters to exercise their First Amendment rights peacefully and warned that anyone participating in violence would be held accountable. Then the governor launched into a wholesale condemnation of the Trump regime. He warned that “[i]f some of us can be snatched off the streets without a warrant, based only on suspicion or skin color, then none of us are safe. Authoritarian regimes begin by targeting people who are least able to defend themselves. But they do not stop there.” Newsom called Trump out for firing the government watchdogs that could hold him accountable for fraud, and for declaring war “on culture, on history, on science, on knowledge itself. Databases quite literally are vanishing. He’s delegitimizing news organizations and he’s assaulting the First Amendment…. [H]e’s dictating what universities themselves can teach. He’s targeting law firms and the judicial branch that are the foundations of an orderly and civil society. He’s calling for a sitting governor to be arrested for no other reason than…, in his own words, ‘for getting elected.’” “[T]his isn’t just about protests here in Los Angeles,” Newsom said. “When Donald Trump sought blanket authority to commandeer the National Guard, he made that order apply to every state in this nation. This is about all of us. This is about you. California may be first, but it clearly will not end here. Other states are next.” “Democracy is under assault right before our eyes,” Newsom said. “This moment we have feared has arrived. He’s taking a wrecking ball…to our founding fathers’ historic project: three coequal branches of independent government.” Newsom urged Americans to stand up for the country. “I know many of you are feeling deep anxiety, stress, and fear,” he said. “But I want you to know that you are the antidote to that fear and that anxiety. What Donald Trump wants most is your fealty, your silence, to be complicit in this moment,” Newsom said. “Do not give in to him.” — Notes: https://www.politico.com/news/2025/06/10/troops-deployed-to-la-will-cost-134m-pentagon-official-says-00396632 https://www.sacbee.com/news/politics-government/capitol-alert/article308328060.html Donald J. Trump, Truth Social post, June 8, 2025, 5:06 p.m. Donald J. Trump, Truth Social post, June 10, 2025, 1:15 p.m. https://www.nytimes.com/interactive/2025/06/09/us/usa-v-huerta-complaint.html https://www.nytimes.com/2025/06/09/us/david-huerta-union-leader-la-protest-court.html https://www.nytimes.com/2025/06/10/technology/la-protests-conspiracy-theories-disinformation.html https://www.brookings.edu/articles/nuclear-brinkmanship-in-putins-war-upping-the-ante/ https://www.the-independent.com/news/world/americas/us-politics/tulsi-gabbard-dni-nuclear-deep-state-b2767607.html https://apnews.com/article/gabbard-trump-putin-intelligence-russia-syria-a798adaf9cd531a5d0c9329f7597f0f6 https://www.theatlantic.com/ideas/archive/2025/06/silence-generals/683106/ https://today.yougov.com/topics/politics/survey-results/daily/2025/06/10/50147/4 https://www.nbcnews.com/politics/congress/lamonica-mciver-indicted-federal-charges-ice-new-jersey-rcna212221 https://www.nbcnews.com/news/us-news/tom-homan-trump-border-czar-los-angeles-rcna211701 https://www.nytimes.com/2025/06/10/us/newsom-speech-transcript-protests.html https://www.washingtonpost.com/immigration/2025/06/10/fact-check-trump-california-migrant-invasion/ https://thehill.com/homenews/administration/5343092-trump-political-rivals-press-boos/ https://prospect.org/justice/cries-defiance-songs-joy-los-angeles-ice-protests-immigration-raids/ Bluesky: simonwdc.bsky.social/post/3lrbvrisguc2k atrupar.com/post/3lrbr3qejjn24 ronfilipkowski.bsky.social/post/3lrbsosgf4s2x atrupar.com/post/3lrbelwpzb22p potustracker.us/post/3lr4rlokby32b sonsofliberty76.bsky.social/post/3lr5itik7is2y X: TulsiGabbard/status/1932368919039459348 GavinNewsom/status/1932493875031253019 GavinNewsom/status/1932166178790920360 janecoaston/status/1932548161656246650 Suzierizzo1/status/1932104289692029395 YouTube: watch?v=pXQQNUeb4Sw Share",,2025-06-10,6,2025,161
February-25-2021,https://heathercoxrichardson.substack.com/p/february-25-2021,712,491,"There are lots of stories in the news tonight, but most of them seem like preludes. What happened today will eventually be overridden by the stories’ outcomes. So, for example, we learned that former president Trump’s accountants, Mazars USA, turned over Trump’s financial information to the Manhattan district attorney’s office on Monday. This got a lot of headlines, but we had a pretty good sense they would turn over the information just as soon as the Supreme Court said they must, so this part of the story will get forgotten. What is of more interest is that the district attorney’s office has hired a high-powered outside forensic accounting firm to review the documents, indicating it thinks there is something there. There is news in the investigation of what happened on January 6 that might lead to later insights. Today, the House Appropriations Committee, which oversees the Capitol Police, heard testimony from acting Capitol Police Chief Yogananda Pittman. One thing the hearing established was that ex-Capitol Police Chief Steven Sund had requested backup from the National Guard by 12:58 pm on January 6, and had continued to call for the next hour. On Tuesday, the former House sergeant at arms, Paul Irving, insisted he had not received a request for National Guard backup until 1:28. Pittman also said that 35 officers are being investigated for their behavior on the day of the insurrection. Six have been suspended and had their police powers revoked. The Capitol Police union opposes the investigations, saying they are an attempt to distract from the failures of leadership on January 6. Also offering hope for future information is news that came from the communications director for Tim Ryan (D-OH), the chair of the committee. Michael Zetts said that security videos of Capitol tours before the insurrection have been turned over to the office of the U.S. Attorney General. There are stories from today, though, that do have staying power. One is the passage through the House of Representatives of the Equality Act, which prohibits discrimination based on gender identity and sexual orientation. The bill passed by a vote of 224 to 206. Three Republicans joined the Democratic majority to pass the bill. Another is that the Biden administration launched an airstrike today on Syrian facilities used by Iran-backed militias that have been attacking U.S. troops in Iraq. The strike was a response to a rocket attack in Iraq that killed a U.S. contractor and wounded coalition troops earlier this month. The airstrike, coming at a time that the U.S. is hoping to get Iran to rejoin talks about the 2015 nuclear deal Trump rejected, was likely a sign that Iran should expect that the U.S. will remain engaged in talks but will still respond to attacks. Another development that has staying power is the attempt of Democrats to guarantee the right to vote. In the face of voter suppression legislation in Republican legislatures around the country, Democrats in Congress are trying to pass a law, called the For the People Act, to stop partisan gerrymandering, limit money in politics, and expand voting access. The For the People Act, numbered in Congress as H.R. 1 and S. 1, would provide for automatic voter registration across the country and would require paper ballots. It would require that early voting be made available, and would expand mail-in voting. It would authorize $1 billion for upgrades to state voting systems. Polling by Data for Progress and Vote Save America shows that the principles in H.R. 1 are very popular, across parties. Sixty-eight percent of Americans approve of the reforms in the bill. Sixteen percent oppose the measure. The items within the bill are also popular. Eighty-six percent of Americans support a plan to prevent foreign interference in our elections; 7% oppose it. Eighty-five percent of us want to limit the amount of politics; 8% oppose that idea. Eighty-four percent of us want more election security; 8 percent do not. Seventy-four percent of us want to see nonpartisan redistricting; 11% do not. Sixty-eight percent want to see 15 days of early voting; 19% do not. Sixty percent want same-day voter registration; 29% do not. Fifty-nine percent want automatic voter registration; 29% do not. Even with the Republican attacks on mail-in voting, fifty-eight percent of us want to be able to vote by mail; 35% do not. Democrats passed a version of H.R. 1 in the previous Congress, but then-Senate Majority Leader Mitch McConnell refused to take it up. Now, every House Democrat supports the bill, while Republican lawmakers oppose it. To try to stop the bill from becoming law, Republicans are launching a full-throated defense of the filibuster, a tradition that enables a minority in the Senate to stop legislation unless it can command 60 votes. Republican objections to this popular, and seemingly vital, measure will test whether the Senate will protect the filibuster or continue to chip away at it. Of all today’s news, then, this issue—the fate of the For the People Act—is one that most certainly will matter in the future. —- Notes: https://www.washingtonpost.com/national-security/trump-tax-returns-manhattan-district-attorney/2021/02/25/be61b6b4-7779-11eb-8115-9ad5e9c02117_story.html https://www.washingtonpost.com/national-security/trump-tax-returns-new-york-investigation/2020/12/29/11c43a38-43c8-11eb-b0e4-0f182923a025_story.html polling on H.R. 1: Jon Favreau @jonfavs We also tested support for each of the bill's provisions, which are all wildly popular: 3:33 PM ∙ Feb 25, 2021 1,030 Likes 237 Retweets https://www.axios.com/equality-act-lgbtq-discrimination-house-5d69118f-1b71-48ff-97e9-646b18b4e2ab.html https://www.cnn.com/politics/live-news/capitol-riot-house-hearing-02-25-20/index.html https://talkingpointsmemo.com/fivepoints/capitol-insurrection-january-6-house-hearing-police https://www.nbcnews.com/news/us-news/u-s-bombs-facilities-syria-used-iran-backed-militia-n1258912 https://www.washingtonpost.com/national-security/biden-administration-conducts-strike-on-iranian-linked-fighters-in-syria/2021/02/25/7ff2447e-77ca-11eb-ae66-8b9e3c6918a1_story.html https://www.congress.gov/bill/117th-congress/house-bill/1/text https://crooked.com/articles/for-the-people-act/ Share",,2021-02-25,2,2021,56
January-13-2025,https://heathercoxrichardson.substack.com/p/january-13-2025,4539,531,"The incoming Trump administration is working to put its agenda into place. Although experts on the National Security Council usually carry over from one administration to the next, Aamer Madhani and Zeke Miller of the Associated Press today reported that incoming officials for the Trump administration are interviewing career senior officials on the National Security Council about their political contributions, how they voted in 2024, and whether they are loyal to Trump. Most of them are on loan from the State Department, the Federal Bureau of Investigation, and the Central Intelligence Agency and, understanding that they are about to be fired, have packed up their desks to head back to their home agencies. The National Security Council is the main forum for the president to hash out decisions in national security and foreign policy, and the people on it are picked for their expertise. But Trump’s expected pick to become his national security advisor—his primary advisor on all national security issues—Representative Mike Waltz (R-FL) told right-wing Breitbart News that he wants to staff the NSC with people who are “100 percent aligned with the president’s agenda.” Ranking member of the House Oversight and Government Reform Committee Representative Gerry Connolly (D-VA) warned that the loyalty purge “threatens our national security and our ability to respond quickly and effectively to the ongoing and very real global threats in a dangerous world.” But during Trump’s first term, it was Alexander Vindman, who was detailed to the NSC, and his twin Eugene Vindman, who was serving the NSC as an ethics lawyer, who reported concerns about Trump’s July 2019 call to Ukraine president Volodymyr Zelensky to their superiors. This launched the investigation that became Trump’s first impeachment, and Trump appears anxious to make sure future NSC members will be fiercely loyal to him. With extraordinarily slim majorities in the House and Senate, Republicans are talking about pushing through their entire agenda through Congress as a single bill in the process known as budget reconciliation. Budget reconciliation, which deals with matters related to spending, revenue, and the debt limit, is one of the few things that cannot be filibustered, meaning that Republicans could get a reconciliation bill through the Senate with just 50 votes. If they can hold their conference together, they could get the package through despite Democratic opposition. House speaker Mike Johnson and Republican leaders have said that the House intends to pass a reconciliation bill that covers border security, defense spending, the extension of Trump’s 2017 tax cuts, spending cuts to social welfare programs, energy deregulation, and an increase in the national debt limit. But Li Zhou of Vox points out that it’s not quite as simple as it sounds to get everything at once, because budget reconciliation measures are not supposed to include anything that doesn’t relate to the budget, and the Senate parliamentarian will advise stripping those things out. In addition, the budget cuts Republicans are circulating include cuts to popular programs like Medicaid, the Affordable Care Act (more commonly known as Obamacare), the Inflation Reduction Act’s investment in combating climate change, and the supplemental nutrition programs formerly known as food stamps. Still, a lot can be done under budget reconciliation. Democrats under Biden passed the 2021 American Rescue Plan and the 2022 Inflation Reduction Act under reconciliation, and Republicans under Trump passed the 2017 Trump tax cuts the same way. A wrinkle in those plans is the Republicans’ hope to raise the national debt limit. As soon as they take control of Congress and the White House, Republicans will have to deal immediately with the treasury running up against the debt limit, a holdover from World War I that sets a limit on how much the country can borrow. Although he has complained bitterly about spending under Biden, Trump has demanded that Congress either raise or abandon the debt ceiling because the nonpartisan Congressional Budget Office estimates that the tax cuts he wants to extend will add $4.6 trillion to the deficit over the next ten years, and cost estimates for his deportation plans range from $88 billion to $315 billion a year. Republicans are backing away from adding a debt increase to the budget reconciliation package out of concern that members of the far-right Freedom Caucus will kill the entire bill if they do. Those members want no part of raising the national debt and have demanded $2 trillion in budget cuts before they will consider it. Tonight, Senate majority leader John Thune (R-SD) told Jordain Carney of Politico that Senate Republicans expect the debt limit to be stripped out of the budget reconciliation measure. So Republicans are currently exploring the idea of leveraging aid to California for the deadly fires in order to get Democrats to sign on to raising the debt ceiling. Meredith Lee Hill of Politico reported that Trump met with a group of influential House Republicans over dinner Sunday night at Mar-a-Lago to discuss tying aid for the wildfires to raising the debt ceiling. Today, House speaker Mike Johnson (R-LA) confirmed to reporter Hill that this plan is under discussion. Indeed, Republicans have been in the media suggesting that disaster aid to Democratic states should be tied to their adopting Republican policies. The Los Angeles fires have now claimed at least 24 lives. More than 15,000 firefighters are working to extinguish the wildfires, which have been driven by Santa Ana winds of up to 98 miles (158 km) an hour over ground scorched by high temperatures and low rainfall since last May, conditions caused by climate change. On the Fox News Channel today, Representative Zach Nunn (R-IA) said: ""We will certainly help those thousands of homes and families who have been devastated, but we also expect you to change bad behavior. We should look at the same for these blue states who have run away with a broken tax policy.... Those governors need to change their tune now.” Senator Ron Johnson (R-WI) blamed Democrats for the fires and said of federal disaster relief: “I certainly wouldn't vote for anything unless we see a dramatic change in how they're gonna be handling these things in the future.” Aside from the morality of demanding concessions for disaster aid after President Joe Biden responded with full and unconditional support for regions hit by Hurricane Helene (although Tennessee governor Bill Lee is still lying that Biden delayed aid to his state, when in fact he delayed in asking for it, as required by law), there is a financial problem with this argument. As economist Paul Krugman noted today in his Krugman Wonks Out , California “is literally subsidizing the rest of the United States, red states in particular, through the federal budget.” In 2022, the most recent year for which information is available, California paid $83 billion more to the federal government than it got back. Washington state also subsidized the rest of the country, as did most of the Northeast. That money flowed to Republican-dominated states, which contributed far less to the federal government than they received in return. Krugman noted that “if West Virginia were a country, it would in effect be receiving foreign aid equal to more than 20 percent of its G[ross] D[omestic] P[roduct].” Krugman refers to the federal government as “an insurance company with an army,” and he notes that there is “nothing either the city or the state could have done to prevent” the wildfires. “If the United States of America doesn’t take care of its own citizens, wherever they live and whatever their politics, we should drop “United” from our name,” he writes. “As it happens, however, California—a major driver of U.S. prosperity and power—definitely has earned the right to receive help during a crisis.” Today, Biden announced student loan forgiveness for another 150,000 borrowers, bringing the total number of people relieved of student debt to more than 5 million borrowers, who have received $183.6 billion in relief. This has been achieved through making sure existing debt relief programs were followed, as they had not been in the past. Establishment Republicans continue to fight MAGA Republicans, and MAGA fights among itself: former Trump ally Steve Bannon yesterday called Trump’s sidekick Elon Musk “truly evil” and vowed to “take this guy down.” But even as their enablers in the legacy media are normalizing Republican behavior, a reality-based media is stepping up to counter the disinformation. Aside from the many independent outlets that have held MAGA Republicans to account, MSNBC today announced that progressive journalist Rachel Maddow will return to hosting a nightly one-hour show for the first 100 days of the Trump presidency. And today journalist Jennifer Rubin joined her colleagues who have abandoned the Washington Post as it swung toward Trump. She resigned from the Washington Post with the announcement that she and former White House ethics lawyer Norm Eisen have started a new media outlet called The Contrarian . Joining them is a gold-star list of journalists and commentators who have stood against the rise of Trump and the MAGA Republicans, many of whom have left publications as those outlets moved rightward. “Corporate and billionaire owners of major media outlets have betrayed their audiences’ loyalty and sabotaged journalism’s sacred mission—defending, protecting and advancing democracy,” Rubin wrote in her resignation announcement. In contrast, the new publication “will be a central hub for unvarnished, unbowed, and uncompromising reported opinion and analysis that exists in opposition to the authoritarian threat.” “The urgency of the task before us cannot be overstated,” The Contrarian ’s mission statement read. “We have already entered the era of oligarchy—rule by a narrow clique of powerful men (almost exclusively men). We have little doubt that billionaires will dominate the Trump regime, shape policy, engage in massive self-dealing, and seek to quash dissent and competition in government and the private sector. As believers in free markets subject to reasonable regulation and economic opportunity for all, we recognize this is a threat not only to our democracy but to our dynamic, vibrant economy that remains the envy of the world.” In what appears to be a rebuke to media outlets that are cozying up to Trump, The Contrarian ’s credo is “Not Owned by Anybody.” — Notes: https://www.vox.com/politics/393593/trump-congress-budget-reconciliation-tax-energy-immigration https://apnews.com/article/trump-biden-nsc-loyalty-waltz-21913da0464f472cb9fef314fed488e5 https://abcnews.go.com/Politics/trump-mass-deportation-program-cost/story?id=115318034 https://rollcall.com/2025/01/05/house-senate-gop-at-odds-over-big-beautiful-budget-bill-plan/ https://www.budget.senate.gov/chairman/newsroom/press/extending-trump-tax-cuts-would-add-46-trillion-to-the-deficit-cbo-finds https://www.politico.com/news/2025/01/13/house-republicans-trump-wildfire-aid-00197766 https://www.politico.com/live-updates/2025/01/13/congress/johnson-wildfire-california-debt-limit-00197900 https://www.politico.com/live-updates/2025/01/13/congress/thune-expects-no-debt-ceiling-in-reconciliation-00198000 https://rollcall.com/2025/01/05/house-senate-gop-at-odds-over-big-beautiful-budget-bill-plan/ https://www.cnn.com/weather/live-news/los-angeles-wildfires-palisades-eaton-california-01-13-25-hnk/index.html?t=1736816054901 https://www.nbcnews.com/weather/wildfires/live-blog/california-wildfires-live-updates-santa-ana-winds-continue-rcna187351 https://thehill.com/homenews/senate/5080266-trump-presses-congress-debt-limit/ https://www.cnbc.com/2025/01/13/biden-student-loan-debt-forgiven.html https://thehill.com/blogs/blog-briefing-room/5081681-steve-bannon-says-he-will-take-down-the-truly-evil-elon-musk/ https://www.nytimes.com/2025/01/13/us/politics/rachel-maddow-msnbc-trump.html https://www.politico.com/news/2025/01/10/spending-cuts-house-gop-reconciliation-medicaid-00197541 Bluesky: atrupar.com/post/3lfn6apwpqc2o atrupar.com/post/3lfmyljtlrs2m markjacob.bsky.social/post/3lfmr2tjdys2l kenklippenstein.bsky.social/post/3lfmzgxx2fk22 Share",,2025-01-13,1,2025,13
October-6-2023,https://heathercoxrichardson.substack.com/p/october-6-2023,2947,490,"In a Washington Post op-ed today, House minority leader Hakeem Jeffries (D-NY) offered House Republicans a “path to a better place” than the “dysfunction and rancor they have allowed to engulf the House.” Democrats have repeatedly offered both in public and in private to enter into a bipartisan governing coalition, he wrote, but under former House speaker Kevin McCarthy (R-CA), Republicans have “categorically rejected making changes to the rules [in order] to…encourage bipartisan governance and undermine the ability of extremists to hold Congress hostage.” Jeffries offered to work with willing Republicans “to reform the rules of the House in a manner that permits us to govern in a pragmatic fashion.” Stating up front his willingness to negotiate, Jeffries wrote that the House “should be restructured to promote governance by consensus and facilitate up-or-down votes on bills that have strong bipartisan support.” This would stop a few extremist Republicans from preventing “common-sense legislation from ever seeing the light of day.” Jeffries called for “traditional Republicans” to “break with the MAGA extremism that has poisoned the House of Representatives since the violent insurrection on Jan[uary] 6, 2021, and its aftermath.” “House Democrats remain committed to a bipartisan path forward,” he wrote, but “we simply need Republican partners willing to break with MAGA extremism, reform the highly partisan House rules that were adopted at the beginning of this Congress and join us in finding common good for the people.” Jeffries is reaching out at a delicate moment for Republicans. While the minority leader’s appeal to what is best for the country is an important reminder of what is at stake here, there are also political currents running under the surface of the speaker crisis. The speaker vote will force Republicans to go on the record either for or against former president Trump, a declaration most have so far been able to avoid. There is enormous pressure from pro-Trump MAGA Republicans to stick with the former president and elect his chosen candidate, Representative Jim Jordan (R-OH), as House speaker. But Jordan is a very close ally of Trump’s and can be expected to demand an end to investigations into the former president in exchange for doing even the most basic business—Trump, after all, demanded a government shutdown until the cases against him were abandoned. Throwing the speakership to him will mean facing the 2024 election with a fully committed Trump party and government dysfunction as the Republicans’ main argument for why voters should back them. That might play well in the gerrymandered districts of the extremists, but there are 18 Republicans who won election in districts President Biden won in 2020, and they will not want to run on a ticket dominated by Trump and Jordan. But a vote for the other declared candidate, Representative Steve Scalise (R-LA), means being on record against Trump and for a man who once described himself as Ku Klux Klan leader David Duke “without the baggage.” The other calculation those wavering Republican members of Congress must make is what they expect for the future. A number of the state maps that gave Republicans their slim House majority have been found unconstitutional and are now being redrawn in ways that suggest the Democrats might well retake the House in 2024. If that happens, having forged a working relationship with the Democrats would be far more useful than standing with the hard right. It would take as few as five Republican votes to elect Jeffries speaker, which is an unlikely outcome, but it would also take just a few Democrats to vote present and lower the number needed to enable the Republicans to elect someone more moderate than their current option. Jeffries might well be signaling that the Democrats are willing to enable that outcome, but only for a Republican who is not a bomb thrower. Republicans who are not committed to Trump may also be paying attention to what increasingly feels like a shift in the country’s popular tide. Today’s news provided more evidence that Biden’s approach to the economy—using the government to invest in ordinary Americans—is working far better than the Republicans’ approach of slashing the government to enable capitalists to organize the economy ever did. Today the Bureau of Labor Statistics released yet another very strong jobs report showing that the U.S. economy added 336,000 jobs in September, almost twice what economists had predicted. The unemployment rate held steady at 3.8%. The biggest gains were in leisure and hospitality and in government. Average hourly wages went up 4.2% over the past 12 months; more than the inflation rate of 3.4%. The bureau also revised its employment statistics for July and August upward, showing that the employment in those months was up 199,000 more than the gains already reported. The country’s shift away from concentrating wealth upward also showed today in positive movement toward a historic settlement between the United Auto Workers and automakers. UAW president Shawn Fain announced that General Motors has agreed to include workers at plants making batteries for electric vehicles in the UAW’s national labor agreement. While the UAW wanted—and appears to be obtaining—higher wages, its leaders were especially concerned about what the transition to EVs would do to workers. Fain said that automakers had been planning to phase out the engine and transmission plants worked by union laborers and replace those jobs with lower-wage jobs in non-union battery plants. Until now, automakers had said it would be “impossible” to permit the battery plants to be covered by the union umbrella. Fain called the agreement a “transformative win” and, in light of that agreement, announced that the UAW will not expand its strike into GM’s most profitable plant in Arlington, Texas. Fain said he expects that Ford and Stellantis, which includes Chrysler, Dodge, Jeep, and Ram, will agree to the same deal, and labor scholars agree. Trump visited a non-union plant in this dispute, where he attacked the transition to EVs as job killers for autoworkers. This new agreement makes it unlikely that autoworkers will back Trump over this issue. Biden, on the other hand, weighed in on the fight by joining the UAW picket line. — Notes: https://www.washingtonpost.com/business/2023/10/06/september-jobs-report-unemployment/ ​​ https://www.bls.gov/news.release/empsit.nr0.htm https://www.washingtonpost.com/opinions/2023/10/06/hakeem-jeffries-bipartisan-coalition-house-gop/ https://www.freep.com/story/money/cars/2023/10/06/uaw-strike-update-gm-battery-plants/71085498007/ https://www.detroitnews.com/business/ https://newrepublic.com/article/175979/hakeem-jeffries-house-speaker-dare-say-it Share",,2023-10-06,10,2023,279
May-20-2025,https://heathercoxrichardson.substack.com/p/may-20-2025,6610,600,"Today was a rough day for administration officials on Capitol Hill as Senate committees held hearings on the 2026 budget requests for the Department of Homeland Security, the Department of Health and Human Services, and the Department of State. The Senate Finance Committee also held a hearing for Trump’s nominee to be Commissioner of Internal Revenue, former Missouri representative William “Billy” Long. Democrats came prepared and demanded answers that the department secretaries and nominee were either unable or unwilling to give. Secretary of Homeland Security Kristi Noem was testifying before the Senate Homeland Security and Governmental Affairs Committee about the Department of Homeland Security's budget for fiscal year 2026. When Senator Maggie Hassan (D-NH) asked her to define “habeas corpus,” Noem’s response indicated she has no understanding of the nation’s fundamental law. “Habeas corpus is a constitutional right that the president has to be able to remove people from this country,” Noem said. Hassan corrected her: “Habeas corpus is the legal principle that requires that the government provide a public reason for detaining and imprisoning people. If not for that protection, the government could simply arrest people, including American citizens, and hold them indefinitely for no reason. Habeas corpus is the foundational right that separates free societies like America from police states like North Korea.” Noem’s habit in these hearings is simply to ignore questions and to attack, and she tried that with Hassan, suggesting that the president has the right to suspend habeas corpus if circumstances require it. Her position echoes that of White House deputy chief of staff Stephen Miller, with whom she appears to be working to render immigrants to prisons in third countries, but it is dead wrong. The Constitution permits Congress to suspend habeas corpus; not the president. While Republicans were generally supportive of the Republican officials in the hearings, Senator Josh Hawley (R-MO) used his time to beg Noem for help for Missouri. The state has suffered a number of natural disasters, including a deadly tornado last Friday, but the Federal Emergency Management Agency (FEMA) has not shown up. “The state has pending three requests for major disaster declarations from earlier storms,” Hawley told Noem. “[W]e’ve lost almost 20 people now in major storms just in the last two months in Missouri.” The Department of Homeland Security oversees FEMA, and Hawley asked Noem to expedite the requests and get them in front of Trump. “We are desperate for… assistance in Missouri,” he said. When Senator Richard Blumenthal (D-CT) asked Noem how she planned to meet the needs of American people when the administration is cutting 20% of FEMA employees and the agency has lost most of its leadership, Noem talked over him and said the problem was that the Biden administration had failed the American people. Over in the Appropriations Subcommittee on Departments of Labor, Health and Human Services, and Education, and Related Agencies, things didn’t go much better. Health and Human Services secretary Robert F. Kennedy Jr. exploded when Senator Patti Murray (D-WA) asked him whose decision it was to withhold childcare and development block grant funding. Kennedy immediately pivoted to former president Biden’s 2021 budget. When she tried to get him back on track, he continued to talk over her, accusing her of “presiding over the destruction of the health of the American people” and of not doing her job. Murray repeatedly tried to recall him to appropriate behavior, finally appealing to the Republican chair of the committee, who asked Kennedy to stop. When Murray repeated her question, he simply said the decision was made “by my department.” While he refused to take responsibility for the cuts himself, Murray did get him to admit that the department has blocked billions of dollars in federal child care funding. Senator Dick Durbin (D-IL) spelled out for Kennedy his concern about cuts to research funding for the neurodegenerative disease amyotrophic lateral sclerosis (ALS), sometimes called Lou Gehrig’s disease. “On April 1, ten laboratory heads at National Institute of Neurological Disorders and Strokes received their layoff notices,” he said. “They were all PhDs and senior investigators. They're not administrators, whatever that might be. They were running intramural labs at NIH. If you have your way, they'll all be gone on June 2nd. Science magazine reported 25 of 320 physician researchers at NIH's Internal Clinical Center are leaving, and the number of patients treated in the hospital has been reduced by 30%. Three grants involving ALS and dementia work at Northwestern University [in] Illinois have been paused…. Just last week, an ALS researcher at Harvard had his grant cut.” Durbin asked: “How can we possibly…give hope to people across the country who are suffering from so many diseases when our government is cutting back on that research?” Kennedy replied: “I do not know about any cuts to ALS research.” When Durbin responded, “I just read them to you,” Kennedy reiterated that he didn’t “know about them until you told…me about them at this moment.” Brenda Goodman of CNN noted that when Senator Jack Reed (D-RI) asked Kennedy about ending the childhood lead poisoning prevention program of the Centers for Disease Control and Prevention, Kennedy assured Reed that “[w]e are continuing to fund the program.” Goodman notes that CNN reported in April that officials in Milwaukee, Wisconsin, had asked the CDC for help addressing lead hazards in Milwaukee Public Schools after the agency’s lead experts were fired. The CDC refused, possibly because Kennedy has said lead poisoning prevention would be moving from the CDC to his new “Administration for a Healthy America.” Kennedy told Reed the federal government has “a team in Milwaukee, and we’re giving laboratory support to that, to the analytics in Milwaukee, and we’re working with the health department in Milwaukee.” Officials in Milwaukee said that was untrue. “The City of Milwaukee Health Department is not receiving any federal epidemiological or analytical support related to the MPS lead hazard crisis. Our formal Epi Aid request was denied by the CDC,” spokesperson for the City of Milwaukee Health Department Caroline Reinwald told CNN. Earlier this month, Milwaukee’s health commissioner expressed dismay that the CDC’s entire team working on childhood lead exposure had been laid off. “These are the best and brightest minds in these areas around lead poisoning, and now they’re gone,” he said. At the end of today’s hearing, Senator Tammy Baldwin (D-WI) corrected the record, saying to Kennedy: “There are no staff on the ground deployed to Milwaukee to address the lead exposure of children in schools, and there are no staff left in that office at CDC, because they have all been fired.” Democrats on the Senate Foreign Relations Committee took Secretary of State Marco Rubio to task for abandoning the principles they believed he held when they voted to confirm him. The administration rendered Maryland senator Chris Van Hollen’s constituent Kilmar Abrego Garcia to the notorious CECOT terrorist prison in El Salvador through what the administration said was “administrative error,” and yet officials are refusing to bring him back despite court orders to do so. Van Hollen reminded Rubio that they had served together in Congress for 15 years and that while they didn’t always agree, “I believe we shared some common values: a belief in defending democracy and human rights abroad and honoring the Constitution at home. That’s why I voted to confirm you. I believed you would stand up for those principles. You haven’t. You’ve done the opposite.” Senator Jacky Rosen (D-NV) spoke to him “as a mother, a senator, and a fellow human being,” saying, “I'm not even mad anymore about your complicity in this administration's destruction of U.S. global leadership. I'm simply disappointed. And I wonder if you're proud of yourself in this moment when you go home to your family?"" She noted how he appeared to have abandoned all his past principles, and said she no longer recognized him. When Van Hollen told Rubio he regretted voting to confirm him as secretary of state, Rubio retorted: “Your regret for voting for me confirms I’m doing a good job.” Billy Long had his own problems. In an opening statement, Senator Ron Wyden (D-OR) pointed out that Long was neither “an independent tax professional or somebody with extensive management experience.” He was simply a fierce Trump loyalist who would help Trump “use the IRS as a cudgel to beat his adversaries into submission.” Wyden also noted serious accusations against Long’s involvement with fraudulent tax schemes. In his questioning, Wyden asked, “Did you promise any tax promoter you would help them if you got confirmed?” Long said no. Wyden followed up, asking if he had met with anyone when he was in Washington, D.C., for the inauguration and promised to help them. Long again said no, that he had been in his room for “about 50 hours” with food poisoning. Wyden noted that staff investigators had tapes of a tax promoter saying he had met with Long at the inauguration and that Long had promised him favorable treatment. They also have another tape of a chief financial officer who had donated to Long after he was nominated for the IRS post, also saying he expected favorable treatment. Senators Wyden, Sheldon Whitehouse of Rhode Island, and Elizabeth Warren of Massachusetts are currently investigating these tapes. Warren took up Trump’s misuse of the IRS to hurt his opponents. Trump has threatened to revoke Harvard University’s tax-exempt status, although federal law expressly prohibits any official from using the IRS to punish any individual taxpayers. Warren tried to get Long to say it would be illegal for the president to direct the IRS to revoke a taxpayer’s nonprofit status, but he refused to. Warren concluded: “[T]he fact that you want to sit there and dance around about this tells me that you shouldn't be within 1,000 miles of the directorship of the IRS.” The House was also a troubled place today, as Representative Nancy Mace (R-SC) used a hearing of the House Cybersecurity, Information Technology, and Government Innovation Subcommittee, which she chairs, to accuse her ex-fiancé and other men of sexual abuse. She showed what she claimed were naked photos of herself and other women, taken without their consent. These accusations echo those she made in a speech in the House on February 10th. The men deny the allegations, and one is suing her for defamation. She is taking the position that her attacks on them in Congress are legally protected by the Constitution’s speech and debate clause. If Republican lawmakers didn’t seem up to their jobs today, neither did the president. He announced a “Golden Dome” missile shield defense system—a U.S. version of Israel’s “Iron Dome”—that he claims will be operational in 3 years and cost $175 billion. Experts say it is not yet possible to construct such a defense system for intercontinental ballistic missiles and that such a project could cost as much as $542 billion. When a reporter asked Trump about the cost, Trump claimed “we can afford to do it…we took in $5.1 trillion in the last four days in the Middle East,” a wildly made-up number. Such a system would likely benefit at least one person: it would depend on thousands of satellites, a requirement that seems likely to benefit billionaire Elon Musk’s SpaceX. Administration officials today seemed to illustrate their utter disregard for the work their jobs require and their refusal to govern for Americans. Instead, they seem to see their offices as ways to get access to large amounts of money and power they can use to impose their will on the country. — Notes: https://www.rollingstone.com/politics/politics-news/josh-hawley-begs-trump-administration-fema-aid-missouri-1235343815/ https://www.senate no.gov/committees/hearings_meetings.htm https://www.cnn.com/2025u/05/20/health/kennedy-lead-contamination-milwaukee https://www.washingtonpost.com/national-security/2025/05/20/rubio-senate-hearing-trump-foreign-policy/ https://www.pbs.org/newshour/politics/watch-noem-fumbles-definition-of-habeas-corpus https://www.finance.senate.gov/imo/media/doc/05202025_wyden_statement.pdf https://www.levernews.com/ceo-says-trumps-irs-pick-promised-big-benefits/ https://www.warren.senate.gov/imo/media/doc/letters_to_seven_companies_rebillylong.pdf https://www.npr.org/2025/05/02/nx-s1-5384897/trump-harvard-tax-irs-antisemitism https://www.warren.senate.gov/newsroom/press-releases/with-the-law-in-front-of-him-trump-irs-nominee-refuses-to-say-its-illegal-for-the-president-to-weaponize-the-irs-against-his-political-enemies https://www.washingtonpost.com/national-security/2025/05/20/rubio-senate-hearing-trump-foreign-policy/ https://charlestoncitypaper.com/2025/03/20/mace-facing-legal-political-hurdles-in-defamation-suit-experts-say/ https://www.npr.org/2025/05/20/nx-s1-5405038/trump-golden-dome-missile-defense https://www.404media.co/scientists-explain-why-trumps-175-billion-golden-dome-is-a-fantasy/ https://www.motherjones.com/politics/2025/02/elon-musk-trump-iron-dome-space-x-payday-spacex-missle-defense/ https://missouriindependent.com/briefs/missouris-billy-long-grilled-over-donations-tax-credits-in-senate-confirmation-hearing/ X: https://x.com/Acyn/status/1924854771716129024 Bluesky: atrupar.com/post/3lpmrtlv5y22y murray.senate.gov/post/3lpn3iwj6ec2o atrupar.com/post/3lpmrcjdvq22y thebulwark.com/post/3lpmjn5yxcs2p atrupar.com/post/3lpml3iyank2i atrupar.com/post/3lpmvxyin3k2y Share",,2025-05-20,5,2025,140
July-11-2021,https://heathercoxrichardson.substack.com/p/july-11-2021,940,489,"On Friday, as President Joe Biden signed “An Executive Order Promoting Competition in the American Economy,” he echoed the language of his predecessors. “[C]ompetition keeps the economy moving and keeps it growing,” he said. “Fair competition is why capitalism has been the world’s greatest force for prosperity and growth…. But what we’ve seen over the past few decades is less competition and more concentration that holds our economy back.” Biden listed how prescription drugs, hearing aids, internet service, and agricultural supplies are all overpriced in the U.S. because of a lack of competition (RFD TV, the nation’s rural channel, has a long-running ad complaining of the cost of hearing aids). He also noted that noncompete clauses make it hard for workers to change jobs, another issue straight out of the late nineteenth century, when southern states tried to keep prices low by prohibiting employers from hiring Black workers away from their current jobs. “I’m a proud capitalist,” Biden said. “I know America can’t succeed unless American business succeeds…. But let me be very clear: Capitalism without competition isn’t capitalism; it’s exploitation. Without healthy competition, big players can change and charge whatever they want and treat you however they want…. “[W]e know we’ve got a problem—a major problem.  But we also have an incredible opportunity. We can bring back more competition to more of the country, helping entrepreneurs and small businesses get in the game, helping workers get a better deal, helping families save money every month. The good news is: We’ve done it before.” Biden reached into our history to reclaim our long tradition of opposing economic consolidation. Calling out both Roosevelt presidents—Republican Theodore Roosevelt, who oversaw part of the Progressive Era, and Democrat Franklin Delano Roosevelt, who oversaw the New Deal—Biden celebrated their attempt to rein in the power of big business, first by focusing on the abuses of those businesses, and then by championing competition. Civil War era Republicans had organized around the idea that the American economy enjoyed what they called a “harmony of interest.” By that, they meant that everyone had the same economic interests. People at the bottom of the economy, people who drew value out of the products of nature—trees, or fish, or grain—produced value through their hard work. They created more value than they could consume, and this value, in the form of capital, employed people on the next level of the economy: shoemakers, dry goods merchants, cabinetmakers, and so on. They, in turn, produced more than they could consume, and their excess supported a few industrialists and financiers at the top of the pyramid who, in their turn, employed those just starting out. In this vision, the economy was a web in which every person shared a harmony of interest. But by the 1880s, this idea that all Americans shared the same economic interest had changed into the idea that protecting American businesses would be good for everyone. American businessmen had begun to consolidate their enterprises into trusts, bringing a number of corporations under the same umbrella. The trusts stifled competition and colluded to raise the prices paid by consumers. Their power and funding gave them increasing power over lawmakers. As wealth migrated upward and working Americans felt like they had less and less control over their lives, they began to wonder what had happened to the equality for which they had fought the Civil War. Labor leaders, newspapers, and Democratic lawmakers began to complain about the power of the wealthy in society and to claim the economic game was rigged, but their general critiques of the economy simply left them open to charges of being “socialists” who wanted to overturn society. Congress in 1890 finally gave in and passed an antitrust act, but it was so toothless that only one senator in the staunchly pro-business Senate voted against it, and no one in the House of Representatives voted no. Then, around 1900, the so-called muckrakers hit their stride. Muckrakers were journalists who took on the political corruption and the concentration of wealth that plagued their era, but rather than making general moral statements, they did deep research into the workings of specific industries and political machines—Standard Oil, for example, and Minneapolis city government—and revealed the details behind the general outrage. Their stories built pressure to regulate the robber barons, as they were called by then, but Congress, dominated by business interests, had no interest. Instead, President Theodore Roosevelt and his successor, William Howard Taft, tended to rein in the trusts through the executive branch of the government, especially by legal action undertaken by the Department of Justice. On Friday, Biden promised to use the power of the executive branch to rein in corporations, much as Theodore Roosevelt did during his terms of office. But there was more to Biden’s statement than that. His emphasis on restoring competition is from the next historical phase of antitrust action. In the 1912 election, political language turned away from the evils of trusts and toward the economic competition so central to American life. Both Republican Theodore Roosevelt and Democrat Woodrow Wilson centered their campaigns around the idea that big business was strangling competition. Wilson called for a “New Freedom” that would get rid of the trusts once and for all and return the nation to a world of small enterprise and opportunity. Roosevelt scoffed at this idea. He talked of the “New Nationalism,” in which a large government would restore competition by regulating big businesses. (He said that if you got rid of trusts and then looked away, they would immediately spring up again.) While their solutions were different, both Roosevelt and Wilson had reframed the stratified economy not solely as a problem, but also as an opportunity. Trimming the sails of the corporations was not an attack on the liberty of industrialists, but rather a restoration of the competition that had, in the past, enabled the country’s economy to thrive. And, once elected, Wilson managed to get key items of that agenda passed through Congress. That positive emphasis on competition carried into the administration of the next Roosevelt president, FDR. Biden noted that FDR called for Congress to pass an economic bill of rights, including “the right of every businessman, large and small, to trade in an atmosphere of freedom from unfair competition and domination by monopolies.” And indeed, the idea of restoring a level playing field for all businesses, rather than letting them succeed or fail based on the whims of economic wirepullers, persuaded businessmen who had previously opposed regulation to line up behind the establishment of our Securities and Exchange Act of 1934. Americans have lost this tradition since 1980, Biden said, when we abandoned the “fundamental American idea that true capitalism depends on fair and open competition.” Reframing business regulation as “laws to promote competition,” he promised 72 specific actions to enforce antitrust laws, stop “abusive actions by monopolies,” and end “bad mergers that lead to mass layoffs, higher prices, fewer options for workers and consumers alike.” For 40 years, the Republican Party has offered a vision of America as a land of hyperindividualism, in which any government intervention in the economy is seen as an attack on individual liberty because it hampers the accumulation of wealth. Biden’s speech on Friday reclaims a different theme in our history, that of government protecting individualism by keeping the economic playing field level. —- Notes: https://www.whitehouse.gov/briefing-room/speeches-remarks/2021/07/09/remarks-by-president-biden-at-signing-of-an-executive-order-promoting-competition-in-the-american-economy/",,2021-07-11,7,2021,192
August-5-2023,https://heathercoxrichardson.substack.com/p/august-5-2023,3384,563,"While there is news today, it is also the anniversary of the 1864 Battle of Mobile Bay, which is one of my favorite stories. I’m guessing we could all use a break from the drumbeat of today’s events to remember yesterday’s. The story of the Battle of Mobile Bay started long before August 5, 1864. By the spring of 1864, victory in the Civil War depended on which side could endure longest. Confederates were starving as they mourned their many dead; Union supporters were tired of losing sons to battles that seemed to accomplish nothing. President Abraham Lincoln knew he must land a crushing blow on the South or lose the upcoming presidential election. If he lost, the best Americans could hope for was a negotiated peace that tore the nation in two. In March 1864, Lincoln appointed Ulysses S. Grant commander-in-chief of all the Union armies, hoping that this stubborn westerner could win the war. Grant set out to press the Confederacy on all fronts. In the past, the Union armies had acted independently, permitting Confederates to move troops to the places they were most needed. Grant immediately coordinated all the Union armies to move against the South at once. In the East, the Army of the Potomac would hit Robert E. Lee’s Army of Northern Virginia. In Georgia, William T. Sherman’s western troops would smash their way from Tennessee to Atlanta. Finally, Grant wanted the U.S. Navy to move against Mobile, Alabama, a port on the Gulf Coast so well protected by shifting sands that it had become the major harbor for the blockade runners that still linked the Confederacy to Europe. Grant hoped this strategy would lock the South in a vise. By midsummer, the plan had faltered. The Army of the Potomac had stalled in Virginia after an appalling 17,000 casualties at the Battle of the Wilderness, 18,000 at Spotsylvania, and another 12,000 at Cold Harbor, where soldiers pinned their names and addresses to the backs of their uniforms before the battle so their bodies could be identified. Sherman was stopped outside Atlanta. And the Navy had run aground up the Red River in Louisiana as it made a feint in that direction before the move against Mobile Bay. Union morale was so low that even President Lincoln thought he would lose the election and the war would end in an armistice. By late summer, the pressure was on Admiral David G. Farragut to deliver a victory in Mobile Bay. After weeks of waiting for reinforcements, on the morning of August 5, Farragut ordered the captains of the fourteen wooden ships and four ironclads under his command to “strip your vessels and prepare for the conflict.” At 5:40 a.m., with the wooden ships lashed together in pairs and the ironclads protecting them, the vessels set out in a line to pass the three forts and four warships that guarded the harbor above water, and the minefield that guarded all but a 500-yard channel below. The admiral’s flagship, the Hartford, was in the second pair in line, behind the Brooklyn and its partner. As the ships proceeded under heavy fire, going slowly to stay behind the lumbering ironclads, the foremost ironclad hit a torpedo, turned over, and sank instantly, taking all hands with it. Aware he was on the edge of the minefield, the commander of the Brooklyn hung back, throwing the whole line into confusion under the pummeling of the land batteries. Farragut ordered the captain of the Hartford to take over the lead. As the Hartford passed the stalled Brooklyn, the Brooklyn’s captain warned that they were “running into a nest of torpedoes.” “Damn the torpedoes!” Farragut allegedly shot back. “Full speed ahead!” By 10:00 a.m., the U.S. Navy had taken Mobile Bay, cutting off all Confederate contact with Europe. It was the victory the Union needed, and others followed in its wake: Atlanta fell on September 2, and the Army of the Potomac began to gain ground in Virginia. Finally able to believe that victory was near, voters rallied behind Lincoln’s determination to win the war and backed his administration in November. They gave him 55% of the popular vote and gave the Republicans supermajorities in both the House and the Senate. Damn the torpedoes, indeed. Share",,2023-08-05,8,2023,217
February-8-2025,https://heathercoxrichardson.substack.com/p/february-8-2025,7927,1084,"Yesterday the National Institutes of Health under the Trump administration announced a new policy that will dramatically change the way the United States funds medical research. Now, when a researcher working at a university receives a federal grant for research, that money includes funds to maintain equipment and facilities and to pay support staff that keep labs functioning. That indirect funding is built into university budgets for funding expensive research labs, and last year reached about 26% of the grant money distributed. Going forward, the administration says it will cap the permitted amount of indirect funding at 15%. NIH is the nation’s primary agency for research in medicine, health, and behavior. NIH grants are fiercely competitive; only about 20% of applications succeed. When a researcher applies for one, their proposal is evaluated first by a panel of their scholarly peers and then, if it passes that level, an advisory council, which might ask for more information before awarding a grant. Once awarded and accepted, an NIH grant carries strict requirements for reporting and auditing, as well as record retention. In 2023, NIH distributed about $35 billion through about 50,000 grants to over 300,000 researchers at universities, medical schools, and other research institutions. Every dollar of NIH funding generated about $2.46 in economic activity. For every $100 million of funding, research supported by NIH generates 76 patents, which produce 20% more economic value than other U.S. patents and create opportunities for about $600 million in future research and development. As Christina Jewett and Sheryl Gay Stolberg of the New York Times explained, the authors of Project 2025 called for the cuts outlined in the new policy, claiming those cuts would “reduce federal taxpayer subsidization of leftist agendas.” Dr. David A. Baltrus of the University of Arizona told Jewett and Stolberg that the new policy is “going to destroy research universities in the short term, and I don’t know after that. They rely on the money. They budget for the money. The universities were making decisions expecting the money to be there.” Although Baltrus works in agricultural research, focusing on keeping E. coli bacteria out of crops like sprouts and lettuce, cancer research is the top area in which NIH grants are awarded. Anthropologist Erin Kane figured out what the new NIH policy would mean for states by looking at institutions that received more than $10 million in grants in 2024 and figuring out what percentage of their indirect costs would not be eligible for grant money under the new formula. Six schools in New York won $2.4 billion, including $953 million for indirect costs. The new indirect rate would allow only $220 million for overhead, a loss of $723 million. States across the country will experience significant losses. Eight Florida schools received about $673 million, $231 million for indirect costs. The new indirect rate would limit that funding to $66 million, a loss of $165 million. Six schools in Ohio received a total of about $700 million; they would lose $194 million. Four schools in Missouri received a total of about $830 million; they would lose $212 million. Lawmakers from Republican-dominated states are now acknowledging what those of us who study the federal budget have pointed out for decades: the same Republican-dominated states that complain bitterly about the government’s tax policies are also the same states that take most federal tax money. Dana Nickel of Politico reported yesterday that Republican leaders in the states claim to be enthusiastic about the cuts made by the Department of Government Efficiency but are mobilizing to make sure those cuts won’t hurt their own state programs that depend on federal money. Oklahoma governor Kevin Stitt told Nickel that governors can provide advice about what cuts will be most effective. “Instead of just across the board cutting, we thought, man, they need some help from the governors to say, ‘We can be more efficient in this area or this area, or if you allow block grants in this area, you can reduce our expenditures by 10 percent.’ And so that’s our goal.” Yesterday, Tim Carpenter of the Kansas Reflector reported that Senator Jerry Moran (R-KS) is concerned about the Trump administration’s freeze on food distributions through the United States Agency for International Development (USAID). USAID buys about $2 billion in U.S. agricultural products a year, and farmers are already struggling with rising costs, low prices, and concern with tariffs. Their spokespeople urge the continuation of USAID: the senior director of government affairs at the American Farm Bureau Federation said that “USAID plays a critical role in reducing hunger around the world while sourcing markets for the surplus foods America’s farmers and ranchers grow.” Moran added: “Food stability is essential to political stability, and our food aid programs help feed the hungry, bolster our national security and provide an important market for our farmers, especially when commodity prices are low.” Meanwhile, federal employees are telling the stories of the work they’ve done for the country. Yesterday, a public letter whose author claimed to be an employee of the Federal Bureau of Investigation whose job is at risk in Trump’s purge of the agency wrote an amalgamation of the FBI agents being purged: “I am the coach of your child’s soccer team,” the letter read. “I sit next to you on occasion in religious devotion. I am a member of the PTA. With friends, you celebrated my birthday. I collected your mail and took out your trash while you were away from home. I played a round of golf with you. I am a veteran. I am the average neighbor in your community.” But there is another side to that person, the author wrote. “I orchestrated a clandestine operation to secure the release of an allied soldier held captive by the Taliban. I prevented an ISIS terrorist from boarding a commercial aircraft. I spent 3 months listening to phone intercepts in real time to gather evidence needed to dismantle a violent drug gang. I recruited a source to provide critical intelligence on Russian military activities in Africa. I rescued a citizen being tortured to near death by members of an Outlaw Motorcycle Gang. I interceded and stopped a juvenile planning to conduct a school shooting. I spent multiple years monitoring the activities of deep cover foreign intelligence officers, leading to their arrest and deportation. I endured extensive hardship to infiltrate a global child trafficking organization. I have been shot in the line of duty.” “[W]hen I am gone,” they wrote, “who will do the quiet work that is behind the facade of your average neighbor?” Less publicly, Joseph Grzymkowski expressed on Facebook his pride in 38 years of service “with utmost dedication, integrity, and passion. I was not waste, fraud, and abuse,” he wrote. “Nor was I the “Deep State.... We are the faces of your Government: ordinary and diverse Americans, your friends and neighbors, working behind the scenes in the interest of the people we serve. We are not the enemy.” Wth his statement, Grzymkowski posted a magazine clipping from 1996, when he was a Marine Analyst working in the Marine Navigation Department for the National Imagery and Mapping Agency (NIMA), located in Bethesda, Maryland—now known as the National Geospatial-Intelligence Agency (NGA) in Springfield, Virginia. That office provides maritime intelligence for navigation, international obligations, and joint military operations. On January 6, 1996, a historic blizzard dumped snowfalls of 19 to 31 inches on the East Coast. Stranded alone in the station when his relief couldn’t get through the snow to work, Grzymkowski stayed at the radio. “I realized there were mariners who needed navigation safety messages delivered, and I wasn’t about to jeopardize the safety of life or cargo at sea simply because we were experiencing a blizzard,” he told a journalist. “One doesn’t leave a watch on a ship until properly relieved, and I felt my responsibility at the watch desk as keenly as I would have felt my responsibility for the navigation on the bridge of a ship.” For 33 hours, he stayed at his desk and sent out navigation safety messages. “I had a job to do and I did it,” he recalled. “There were ships at sea relying on me, and I wasn’t going to let them down. It’s nothing that any other member of this department wouldn’t do.” — Notes: https://grants.nih.gov/grants-process https://crsreports.congress.gov/product/pdf/R/R43341/45 https://report.nih.gov/nihdatabook/report/20 https://www.nih.gov/about-nih/what-we-do/budget https://www.unitedformedicalresearch.org/nih-in-your-state/alabama https://www.nih.gov/about-nih/what-we-do/impact-nih-research/serving-society/direct-economic-contributions https://www.nytimes.com/2025/02/07/us/politics/medical-research-funding-cuts-university-budgets.html https://www.washingtonpost.com/politics/2025/02/06/trump-usaid-money-american-farms/ https://kansasreflector.com/2025/02/07/kansas-moran-davids-sound-alarm-on-delay-of-usaid-food-aid-to-starving-people-worldwide/ https://www.politico.com/news/2025/02/07/republican-state-doge-budget-013596 https://southfloridareporter.com/a-trump-policy-change-will-restrict-billions-in-funding-for-medical-research-programs-at-universities/ https://docs.google.com/document/d/12HuhGA67_QPIibLa6nB32BtepQR3zQE_DvDTDGrZ5dU/edit Grzymkowski article is from a 5 th Anniversary Special Edition (1996–2001) of NIMA's Edge magazine, an authorized, internal information publication published for the National Imagery and Mapping Agency personnel and its customers. https://msi.nga.mil/ https://msi.nga.mil/whats-new Bluesky: dianamonkey.bsky.social/post/3lhocfav66s2p X: By_CJewett/status/1888208159866544526 Share",,2025-02-08,2,2025,39
November-24-2019,https://heathercoxrichardson.substack.com/p/november-24-2019,197,0,"As the news came fast and furious today, I could not help thinking of the famous quotation, “The old world is dying, and the New World struggles to be born: now is the time of monsters.” We had plenty of monsters today as old ideas began their death rattle and new ones began to peep. There was lots more on the Ukraine scandal, as leaders formerly in control tried to stay that way. Ranking member of the House Intelligence Committee, Devin Nunes (R-CA), who has been accused of trying to smear the Bidens and down play the Russian attack, was asked point-blank if he had been in Vienna with Shokin, the corrupt Ukrainian prosecutor that Biden helped to fire, as a participant alleged on Friday. Nunes’s answer was illuminating: he simply refused to answer, saying: “Everyone’s going to know the truth…. I can’t compete trying to debate this out with the public media when 90% of the media are totally corrupt.” He added: “We’ve got all the facts on our side.” All the facts on his side, but he couldn’t tell us any of them, because… the media asked him about them? Remember, yesterday I said to watch what he does, not what he says. The same man who said the tale of his trip to meet Shokin was “demonstrably false” and that he was going to sue CNN for breaking the story is now not talking. We also learned today that Nunes did, in fact, go to Austria at exactly the time Giuliani’s associate Lev Parnas said he went, with a number of aides. The trip cost almost $57,000 of taxpayers’ money. Sen. John Kennedy (R-LA) was also toeing the Trump party line when he insisted on Fox News Sunday that we do not know that it was Russia that hacked the Democratic National Committee; it could have been Ukraine. We do know, of course. Our intelligence experts all say it was Russia. It is Russia’s leaders—and a number of Republican politicians– that are pushing the Ukraine story. Kennedy, remember, was one of the eight GOP leaders who spent last July 4 in Moscow. Even FNC’s Chris Wallace, who was conducting the interview, pushed back against Kennedy, and reiterated, once again, the story of Russian interference in the 2016 election. The whole line of argument from Trump supporters has become so absurd that they clearly think of they are on the ropes. Today on the Fox News Channel, personality Jeanine Pirro dismissed ambassador to the European Union Gordon Sondland’s testimony against Trump by saying “that he, like many Deep State bureaucrats, is not a fan of the president.” Sondland is a hotel magnate with no diplomatic experience at all, who got his job by literally giving Trump a million dollars. The argument that he is a hostile bureaucrat sounds desperate. This morning, we also learned that when the Ukraine scandal broke, the White House scrambled to construct a justification for the decision to withhold money from our ally. Another word for this kind of activity is cover-up, and in the end, a cover-up is what sank Richard Nixon. Also significant is that the story was leaked by three people in the White House, so Trump’s control over his people continues to erode. Meanwhile, Jennifer Rubin in the Washington Post came out and said it: Republicans are guilty not only for violating their oath of office by supporting a criminal president, but also for broadcasting Russian propaganda. Remember that Jennifer Rubin is a conservative commentator. We also learned that the House intelligence committee is reviewing audio and video tapes and photographs provided by Lev Parnas, the indicted associate of Trump’s lawyer Rudy Giuliani. Parnas’s lawyer insists that Parnas is “non-partisan,” and wants to do “what is in the best interests of our nation.” Parnas is the same man who refused to honor a subpoena to testify in front of Congress, and his lawyer wrote an incredibly insulting letter to Congress in comic sans font. Their tone has changed in the last month. It is likely that this change of tone reflects a power shift in Washington. We learned today that Trump is no longer using the Oval Office but instead is working from the private residence. The Politico story that broke the news suggests he is doing so because he fears spies and is more comfortable in the private residence, but this does not pass the smell test. Presidents generally work in the Oval Office unless they are ill. Either he is retreating out of fear of the impeachment proceedings, or the cognitive problems that we have all noticed are becoming severe enough that he is no longer comfortable being in public. Finally, perhaps the biggest story today was the firing of Navy Secretary Richard V. Spencer over the case of Edward Gallagher, a Navy seal accused of committing war crimes, and that story highlighted that Trump is both trying cement is power and is being challenged over it. Gallagher was acquitted of murder but convicted of posing with the body of a prisoner. For that, he was demoted. From the first, this case has bothered Trump. On Twitter, he accused the Navy of mistreating Gallagher, and he reinstated Gallagher’s rank. It is extraordinary for a president to get involved in an individual disciplinary cases, and Pentagon officials asked the president not to, because it would hurt military discipline and weaken our standing in the world. In the midst of this wrangling, Spencer announced publicly that Gallagher would have to go before a review board to see if he could stay in the elite Navy SEALs. This afternoon, Spencer announced that “I hereby acknowledge my termination as United States Secretary of the Navy.” The White House offered a complicated story about him being fired for being insubordinate, but it was clear from his carefully written resignation letter that he had been contemplating leaving over the Gallagher case for a while. Today’s date on the letter was clearly written later, by hand, and in a hurry. When he heard of the resignation, Gallagher’s lawyer told a reporter: “This case is bananas. You can quote me on that.” And the letter is a doozy. Spencer says, “I cannot in good conscience obey in order that I believe violates the sacred oath I took in the presence of my family, my flag and my faith to support and defend the Constitution of United States.” Guess who took the same oath. Spencer called out Trump for violating his oath to defend the Constitution, but it is worth noting that right now it is Spencer, not Donald Trump, who is out of a job. “The old world is dying, and the New World struggles to be born: now is the time of monsters.”",,2019-11-24,11,2019,328
January-22-2023,https://heathercoxrichardson.substack.com/p/january-22-2023,1993,334,"We need to put on the record another public mass shooting over the weekend. It happened in Monterey Park, California, last night, when a gunman killed ten people and wounded ten others. This morning, a shooter in Baton Rouge, Louisiana, injured twelve people in what appears to have been a targeted attack at a nightclub, and this afternoon, in another targeted attack, a gunman wounded eight people in Shreveport, Louisiana. This was not the picture I intended to post tonight, but it seems appropriate. Again. [Photo, “Peace,” by Peter Ralston] Share Notes: Peter and Terri Ralston can be found at their studio in Rockport, Maine, or here: https://www.ralstongallery.com/",,2023-01-22,1,2023,22
November-7-2021,https://heathercoxrichardson.substack.com/p/november-7-2021,1589,120,"This time change always throws me for a loop. I'm going to go to bed and hope I have a clue what time it is when I wake up. Despite the time confusion, though, fall evenings are special.... Share",,2021-11-07,11,2021,311
October-10-2022,https://heathercoxrichardson.substack.com/p/october-10-2022,1334,304,"On Saturday morning, the day after Russian president Vladimir Putin’s birthday, a large explosion badly damaged the Kerch Strait Bridge linking Russia to Crimea. Completed in 2018, the Kerch Bridge is a symbol of Putin’s attempt to restore imperial Russia by attaching Ukraine to Russia after the 2014 invasion. The bridge is also a symbol of his corrupt regime, as Putin handed the contract for it to his close associate Arkady Romanovich Rotenberg, who completed it at a cost of close to $4 billion. Although Ukraine has not claimed responsibility, and although the bridge is a clear military target, Putin promptly called the explosions a “terrorist attack aimed at destroying critical Russian civilian infrastructure.” Today, Russia launched 84 cruise missiles at Ukraine, hitting civilian and critical infrastructure sites in at least four regions. Missiles hit the center of the Ukrainian capital, Kyiv, during rush hour, inflicting maximum damage on civilian targets, and several regions are now without power. Putin claimed the attacks were retaliation for the attack on the Kerch Bridge, but Ukrainian military intelligence said in a statement that Russia had planned massive strikes on civilian infrastructure by early last week. Also today, a Russian cyberattack hit websites for U.S. airports: not the airline or safety operations, just the websites. Those included, among others, New York’s La Guardia, Hartsfield-Jackson in Atlanta, Chicago’s O’Hare, Los Angeles International Airport, Des Moines International Airport, and St. Louis Lambert International Airport. Russian president Vladimir Putin has been suggesting he would use nuclear weapons, but observers point out that while such threats must always be taken seriously, Putin is likely making such threats because he is losing his war in Ukraine, and losing it quite badly. According to Deborah Haynes, a security and defense editor at Sky News in the United Kingdom, Sir Jeremy Fleming, who is the director of the U.K.’s intelligence and security agency, will say in a speech tomorrow that the Ukrainian forces are “turning the tide” against Russia. “The costs to Russia…in people and equipment are staggering. We know—and Russian commanders on the ground know—that their supplies and munitions are running out…. Russia’s forces are exhausted. The use of prisoners to reinforce, and now the mobilisation of tens of thousands of inexperienced conscripts, speaks of a desperate situation.” Tonight, Forbes estimated that the missiles used in today’s strikes cost between $400 and $700 million, and it is highly unlikely Putin can replace them. As if to illustrate Russia’s weakness, its influence in Central Asia and the Caucasus region has failed, destabilizing countries formerly under its sway. This opens the way for other influences there: earlier this week, Armenian prime minister Nikol Pashinyan and Azerbaijani president Ilham Aliyev, whose countries have been engaged in a deadly border dispute since Russia got involved in Ukraine and could no longer protect Armenia, held peace talks with French president Emmanuel Macron and European Council president Charles Michel without Russian representatives present. Political scientist and former counselor in the U.S. State Department Eliot A. Cohen points out that as a former KGB agent, Putin always uses mind games, and suggests he is making nuclear threats to get allies to push Ukraine to negotiate. (Trump has offered to lead negotiations, and just last week, the Conservative Political Action Conference tweeted against further aid to Ukraine.) Cohen adds that using nuclear weapons is not just about Ukraine and support for that country. China and India have no interest in seeing nuclear weapons normalized, and for Putin “to use nuclear weapons, many others—hundreds, if not more—have to go along,” Cohen notes. “The United States and other countries probably have the means to communicate to each and every one of them that they will personally pay a price if they do so, if not at the hands of Ukraine’s friends, then under a successor regime in Russia that will have to hold them accountable in order to be readmitted to the economy of the developed world.” If Putin is trying to push Ukraine to the negotiating table, he is apparently throwing everything he can at the war without—so far—using nuclear weapons. On Saturday, after a series of talks with Belarus president Aleksandr Lukashenko, in which Putin urged him to join the war, Belarus officially accused Ukraine of preparing an attack against it. The threat seemed designed to force Ukraine to pull troops from its advance against the Russian forces in Ukraine to face soldiers from Belarus. Russian money props up Belarus, and today, Lukashenko announced troop deployments with Russia, prompting Belarus opposition leader Sviatlana Tsikhanouskaya to warn members of the Belarusian military: “Don’t follow criminal orders, refuse to participate in Putin’s war against our neighbors.” The European Union immediately warned Belarus that Lukashenko’s accusations were “totally unfounded, ridiculous,” and “utterly unacceptable.” Peter Stano, E.U. foreign affairs spokesperson, told reporters: “[A]ll these steps, especially by the Belarusian regime, are against the will of the majority of the population and will be met with new and stronger restrictive measures from the side of the European Union.” Indeed, the deadly attacks on civilians appear to have hardened the resolve of Ukraine’s allies. German defense minister Christine Lambrecht said that Germany will speed up its delivery to Ukraine of air defense systems that can protect entire cities. Originally promised by the end of the year, the systems now should be delivered “in the coming days,” Lambrecht said, since “[t]he renewed missile fire on Kyiv and the many other cities show how important it is to supply Ukraine with air defense systems quickly.” The high representative of the E.U. for Foreign Affairs and Security Policy, Josep Borrell Fontelles, tweeted that he was “deeply shocked” by today’s attacks. “We stand with Ukraine,” he wrote, and added that “[a]dditional military support from the E.U. is on its way.” In the U.S., Senator Bob Menendez (D-NJ), chair of the Senate Foreign Relations Committee, issued a statement saying, “I am horrified by Russia’s depraved and desperate escalation against civilian infrastructure across Ukraine—including in Kyiv. I pledge to use all means at my disposal to accelerate support for the people of Ukraine and to starve Russia’s war machine.” Menendez went on to condemn “the government of Saudi Arabia’s recent decision to help underwrite Putin’s war through the OPEC+ cartel. There simply is no room to play both sides of this conflict—either you support the rest of the free world in trying to stop a war criminal from violently wiping…an entire country off of the map, or you support him. The Kingdom of Saudi Arabia chose the latter in a terrible decision driven by economic self-interest.” Menendez called for a freeze on all aspects of U.S. cooperation with Saudi Arabia, “including any arms sales and security cooperation beyond what is absolutely necessary to defend U.S. personnel and interests…until the Kingdom reassesses its position with respect to the war in Ukraine.” This is a big shift in U.S. policy: the Senate Foreign Relations Committee can veto arms sales. President Joe Biden spoke today with Ukraine’s president, Volodymyr Zelensky, and pledged “to continue providing Ukraine with the support needed to defend itself, including advanced air defense systems.  He also underscored his ongoing engagement with allies and partners to continue imposing costs on Russia, holding Russia accountable for its war crimes and atrocities, and providing Ukraine with security, economic, and humanitarian assistance.” — Notes: https://www.washingtonpost.com/politics/2022/10/01/cpac-ukraine-russia-tweet/ https://www.theatlantic.com/ideas/archive/2022/10/putin-nuclear-weapons-threat-us-sanctions-military/671642/ https://euromaidanpress.com/2022/10/09/putin-urges-lukashenka-to-openly-join-the-war/ Arvydas Anušauskas @a_anusauskas Instead of a tactical nuclear weapon, Lukashenka is being activated. Yesterday Belarus officially accused Ukraine of preparing an attack against it. The goal is to withdraw as many 🇺🇦 forces as possible from the front to the border with Belarus. 6:00 AM ∙ Oct 9, 2022 3,961 Likes 784 Retweets Mark Hertling @MarkHertling “…a terrorist attack aimed at destroying critical Russian civilian infrastructure.”  

The military or a Hague rep would say it’s actually a well-planned & precisely executed conventional attack on undefended &  valid strategic military targets.  

Vlad might not recognize those max seddon @maxseddon Putin makes his first comments about the explosion on the bridge to Crimea. He says it's a ""terrorist attack aimed at destroying critical Russian civilian infrastructure"" and blames ""Ukrainian secret services"" for it. https://t.co/pqIeVndRis 6:10 PM ∙ Oct 9, 2022 7,072 Likes 1,009 Retweets Sam Sweeney @SweeneyABC A Russian cyber attack has hit the websites of multiple U.S. airports, including La Guardia, ATL, ORD, LAX and Des Moines. The attack is not affecting airport/airline/security operations, only airport websites. ATL says it just brought its website back up. 2:46 PM ∙ Oct 10, 2022 9,124 Likes 4,299 Retweets Ana 🗽🌻 @AnaSolitaria7 @SweeneyABC @djrothkopf St. Louis Lambert as well, apparently. flystl.com You are being redirected... 2:58 PM ∙ Oct 10, 2022 26 Likes 5 Retweets https://www.cnn.com/europe/live-news/russia-ukraine-war-news-10-10-22/h_a102b632458ead4f6ffa79918049f1a9 https://www.dw.com/en/germany-to-quickly-send-air-defense-systems-to-ukraine/a-63397544 https://www.cnn.com/europe/live-news/russia-ukraine-war-news-10-10-22/index.html Deborah Haynes @haynesdeborah NEW: Russia is running out of weapons for its war in Ukraine and the costs to the Kremlin are “staggering” in terms of soldiers and equipment lost, UK spy chief Sir Jeremy Fleming, head of @GCHQ , will say in a speech on Tuesday.
1/ 10:02 PM ∙ Oct 10, 2022 7,114 Likes 1,489 Retweets https://www.usip.org/publications/2022/09/amid-ukraine-war-armenia-and-azerbaijan-fighting-risks-broader-conflict https://www.nytimes.com/article/armenia-azerbaijan-clashes.html Jay in Kyiv @JayinKyiv Wow.
Armenia and Azerbaijan meet with EU's Michel and French President Macron WITHOUT Russia.

Now that Putin has no military, Russia now means sh*t. 6:14 PM ∙ Oct 6, 2022 1,325 Likes 232 Retweets https://www.nytimes.com/2022/10/08/world/asia/russia-putin-soviet.html https://www.consilium.europa.eu/en/press/press-releases/2022/10/07/statement-following-quadrilateral-meeting-between-president-aliyev-prime-minister-pashinyan-president-macron-and-president-michel-6-october-2022/ https://thehill.com/policy/international/3681547-belaruss-lukashenko-announcesi-troop-deployments-with-russia-amid-on escalations-in-ukraine/ https://www.euronews.com/my-europe/2022/10/10/eu-warns-lukashenko-of-sanctions-over-joint-grouping-of-troops-with-russia https://www.dw.com/en/how-russian-money-keeps-belarus-afloat/a-58680063 https://www.whitehouse.gov/briefing-room/statements-releases/2022/10/10/readout-of-president-joe-bidens-call-with-president-volodymyr-zelenskyy-of-ukraine/ https://www.foreign.senate.gov/press/dem/release/chairman-menendez-statement-on-future-of-united-states-saudi-relationship https://www.politico.com/news/2022/10/10/dems-rage-at-saudis-over-oil-cut-vow-to-block-weapons-sales-00061123 The Kyiv Independent @KyivIndependent ⚡️Forbes estimates Russia's Oct. 10 missile strikes cost $400-700 million. 

Russia launched 84 cruise missiles and 24 drones all across Ukraine on Oct. 10, with an average total value of $400-700 million, according to Forbes. 9:37 PM ∙ Oct 10, 2022 3,618 Likes 751 Retweets https://www.stltoday.com/business/local/airport-websites-in-st-louis-other-cities-go-offline-cause-being-investigated/article_6bc4a95f-afe3-51e0-810f-e3054feb370c.html Josep Borrell Fontelles @JosepBorrellF Deeply shocked by Russia’s attacks on civilians in #Kyiv and other cities in Ukraine. 

Such acts have no place in 21st century. I condemn them in the strongest possible terms. 

We stand with Ukraine. Additional military support from the EU is on its way. 9:16 AM ∙ Oct 10, 2022 22,529 Likes 3,766 Retweets Share",,2022-10-10,10,2022,283
August-8-2020,https://heathercoxrichardson.substack.com/p/august-8-2020,359,117,"Today’s announcement that Trump was providing economic relief through executive action after Congress failed to pass a coronavirus bill was an attempt to drive a narrative that will give Trump an issue for the upcoming election. The story is this: On May 15, the House of Representatives, controlled by Democrats, passed a $3 trillion coronavirus relief bill, known as the HEROES Act, short for Health and Economic Recovery Omnibus Emergency Solutions Act. It provided relief for workers, protected renters, shored up cratering state budgets, funded emergency changes to the 2020 election, and supported hospitals and schools. Senate Majority Leader Mitch McConnell (R-KY) refused to take it up. In an interview on the Fox News Channel, he said ""We will let you know when we think the time is right to begin to move again.” That time was apparently not until the end of July, just as federal funding for a supplement to unemployment benefits ran out and a moratorium on evictions ended. Then, with unemployed Americans facing a wall and the economy facing a cliff, Senate Republicans began to negotiate their own coronavirus relief package, but it became clear quickly that they could not agree. Senators up for reelection wanted popular measures that would help their constituents; others opposed further federal spending. Unable to come up with a plan, McConnell bowed out of further negotiations. That left House Speaker Nancy Pelosi (D-CA) and Senate Minority Leader Chuck Schumer (D-NY) negotiating with Treasury Secretary Steven Mnuchin and White House chief of staff Mark Meadows. The administration officials proposed $1 trillion in aid, and cutting out state support and election funding, among other things. When the Democrats yesterday offered to compromise on a $2 trillion bill, the White House rejected it out of hand. This opened the way for Trump to step in. This evening, from his golf club at Bedminster, New Jersey, Trump signed three memorandums and one executive order that bypass Congress to provide the relief the White House wanted. Trump said these measures would provide economic relief for struggling Americans by providing temporary benefits, deferring taxes, and by ending evictions. It is not clear the measures will do any such thing. The Constitution establishes that only the House of Representatives can initiate a revenue bill, so Trump cannot come up with new money. Tonight’s memo on relief relies on Trump’s emergency powers. It calls for the Federal Emergency Management Agency (FEMA) to use about $70 billion from the Department of Homeland Security’s Disaster Relief Fund (DRF) to provide an additional $300 of unemployment benefits weekly. But since the law requires states to kick in 25% matching funds for expenditures from the DRF, the memo also calls on states to use their allocation of the $80 billion still unspent from the earlier coronavirus CARES Act to put an additional $100 weekly into relief, for a total of a $400 weekly supplement to state unemployment benefits. Trump has also told states to identify funds they can spend if the DRF falls to $25 billion. States are struggling from the collapse of tax revenues due to the pandemic. They are facing major layoffs and program cuts. Republicans oppose shoring them up apparently with the hope of forcing the states into a restructuring that will cut social benefits. The requirement in this memo will stress them more. It is also unclear how long the DRF’s money will hold out, since more than 30 million Americans are currently collecting unemployment benefits. Another of Trump's memos relies on the law that gives the Treasury Secretary leeway to delay tax filing and collection in case of disasters. Trump directs the Treasury Secretary to defer payroll taxes for workers making less than about $100,000 a year, starting on September 1. Members of both parties disliked this idea, but it has long been one of Trump’s favorite provisions. He insists it will inject money into the economy, although there is argument over that. The taxes would still be due, just not until next year. But Trump appears to want to end them altogether. Trump’s lawyer Jenna Ellis tweeted “This is actually the biggest news of the day: President Trump said that if he is re-elected, he will look into terminating the payroll tax permanently!” It is the payroll tax that funds Social Security and partly funds Medicare. Another memo extends the deferral of student loan payments set up under the CARES Act until December 31. Under the earlier act, it expired in September. Like the payroll tax memo, the “Executive Order on Fighting the Spread of COVID-19 by Providing Assistance to Renters and Homeowners” starts by noting that the coronavirus began in China and from there reiterates some of Trump’s favorite claims about the success of his administration. Then the memo notes how hard-hit people of color have been by Covid-19, and points out that POC are at most danger of eviction. But the memo does not, in fact, provide anything to stop that process. It simply asks various administration officials to consider whether anything can be done to help. So what’s the story behind these four executive actions, announced late Saturday, just in time to make it onto all the Sunday talk shows? McConnell may have sat out the negotiations because he knew he could never get Republican senators to agree on a bill. But by pulling Republicans out of negotiations, he set up a narrative that pitted Democrats against the Trump White House. The White House refused to negotiate, cut off talks, and now Trump has declared that he has the power to fix the problem himself. But it is not at all clear that he does have the power to reallocate funds as he has. Under the Constitution, Congress controls spending, and the president is supposed to execute the laws Congress writes. Congress allocated the money that he now wants to use for pandemic relief for other purposes. So there will almost certainly be pushback on Trump’s actions on legal grounds. But, with Senate Republicans out of negotiations, Republicans can frame legal pushback as Democrats objecting to the relief Americans so desperately need, even though the Democrats have been pushing for a relief bill for almost three months, and it is the Republicans who have been unable to produce one. Such a construction seems to be what Trump and Republican leaders have in mind. Far from being neutral documents to solve a crisis, the documents themselves attack the Democrats for playing “political games.” In his remarks on his memos and order, Trump said: “Nancy Pelosi and Chuck Schumer have chosen to hold this vital assistance hostage on behalf of very extreme partisan demands and the radical left Democrats and we just can't do that…. This is a bill supported by Biden, and Biden is totally controlled now by the Bernie Sanders left wing of the party.” McConnell said: “Struggling Americans need action now…. Since Democrats have sabotaged backroom talks with absurd demands that would not help working people, I support President Trump exploring his options to get unemployment benefits and other relief to the people who need them the most.” Senator Chuck Grassley (R-Iowa), the Senate president pro tempore, meaning he presides over the Senate in the absence of the vice president, tweeted that Trump ""puts the American ppl first compared to nonstop political games by Democrats."" Former Wisconsin Governor Scott Walker tweeted “Congress can’t get it done, so [Trump] does. This is the sort of thing that will get [Trump] reelected in 2020. Voters are tired of the crap in Washington. They want leaders who get things done.” Trump has been unable to manufacture any good news lately. As of today, more than 5 million Americans have been infected with coronavirus and more than 160,000 have died. While most of the rest of the world has gotten the virus under control and is reopening, the U.S economy is faltering. More than 30 million Americans are out of work, and millions are facing eviction. But tonight, Trump has framed himself as a hero, saving Americans when Congress would not. And Republicans can frame the inevitable legal pushback on his relief measure as Democratic hostility to ordinary people. When faced with the idea his executive orders would face challenge, Trump said: “If we get sued, it’s somebody who doesn't want people to get money…. And that's not going to be a popular thing.” —— Notes: Memorandum: https://www.whitehouse.gov/presidential-actions/memorandum-authorizing-needs-assistance-program-major-disaster-declarations-related-coronavirus-disease-2019/ https://www.whitehouse.gov/presidential-actions/memorandum-continued-student-loan-payment-relief-covid-19-pandemic/ https://www.whitehouse.gov/presidential-actions/executive-order-fighting-spread-covid-19-providing-assistance-renters-homeowners/ https://www.whitehouse.gov/presidential-actions/memorandum-deferring-payroll-tax-obligations-light-ongoing-covid-19-disaster/ https://abcnews.go.com/Politics/trump-sign-executive-orders-coronavirus-relief/story Walker: Scott Walker @ScottWalker Congress can’t get it done, so the @POTUS does. This is the sort of thing that will get @realDonaldTrump re-elected in 2020. Voters are tired of the crap in Washington. They want leaders who get things done. google.com Trump orders $400-per-week unemployment payments amid COVID crisis, hits Dems for stonewalling President Trump signed four executive actions Saturday aimed at delivering relief to Americans struggling with the economic fallout of the coronavirus pandemic while accusing Democrats of stonewalling greater aid efforts. 10:11 PM ∙ Aug 8, 2020 1,265 Likes 401 Retweets Jenna Ellis @JennaEllisEsq This is actually the biggest news of the day:

President Trump said if he is re-elected, he will look into terminating the payroll tax permanently! 12:45 AM ∙ Aug 9, 2020 24,545 Likes 7,685 Retweets payroll tax: https://www.ssa.gov/news/press/factsheets/HowAreSocialSecurity.htm https://www.nytimes.com/live/2020/07/23/business/stock-market-today-coronavirus https://www.nytimes.com/interactive/2020/us/coronavirus-us-cases.html state revenue: https://www.npr.org/2020/08/03/893190275/states-are-broke-and-many-are-eyeing-massive-cuts-heres-how-yours-is-doing#bottom https://www.npr.org/2020/07/26/895480905/millions-face-housing-crisis-after-federal-moratorium-on-evictions-expires Share",,2020-08-08,8,2020,221
June-10-2021,https://heathercoxrichardson.substack.com/p/june-10-2021,825,533,"You might have noticed that I wrote through the weekend rather than posting a photo on Saturday, thinking that I was sort of banking time and I would take a break during the week. Well, today was my day. Lots of ongoing stories but nothing big. Went to dinner with my brother and sister-in-law (going to be their 40th this year!) and thought to call it an early night. You know where this is going, right? Came home and opened Twitter. Katie Benner, Nicholas Fandos, Michael S. Schmidt, and Adam Goldman of the New York Times broke a major story tonight: Under former president Trump, the Department of Justice secretly investigated key Democratic lawmakers. In February 2018, the House Intelligence Committee was investigating Russian interference in the 2016 election, and the president became obsessed with figuring out who was apparently leaking information to the press about contacts between his people and Russia. Under then–Attorney General Jeff Sessions, the Department of Justice subpoenaed from Apple the records of the communications of California Democrats Adam Schiff, the top Democrat on the committee, and—we learned at about 11:00 tonight—Eric Swalwell, both of whom were key critics of Trump. The department also investigated members of their families, including one child. The government seized the records of at least a dozen people. “[G]ood God,” journalist Jennifer Rubin tweeted. “They were running a police state.” For the Department of Justice to subpoena records from congressional lawmakers is extraordinary. For it to investigate their families, as well, is mind boggling. Department officials did not find anything, and the investigations slowed down. Remember back in May 2019, when the Senate was interviewing William Barr, who replaced Sessions as attorney general, after his delayed release of the Mueller Report, and then-Senator Kamala Harris asked him if then-president Trump or anyone else in the White House had ever asked him to open an investigation into anyone? Barr danced around the question and then refused to answer it. It turns out that when Barr became attorney general in February 2019, he revived the languishing investigations, moving personnel around to ramp up the inquiry. Even after the Trump administration itself declassified some of the information that had been leaked, undercutting the argument for continuing an investigation, Barr insisted on keeping it going. The Justice Department did not find that the Democrats they were investigating were connected with the leaks. The DOJ also subpoenaed the records of journalists from the Washington Post , the New York Times , and CNN to try to find leakers, a serious threat to freedom of the press. Meanwhile, of course, as journalist Chris Hayes pointed out on Twitter, at the same time the White House and its operatives at the Department of Justice were secretly subpoenaing the records of members of Congress, they were refusing to answer congressional subpoenas of White House personnel. In a statement tonight, Schiff said: “The politicization of the department and the attacks on the rule of law are among the most dangerous assaults on our democracy carried out by the former president.” On CNN, he said: “While I can’t go into who received these subpoenas … I can say that this was extraordinarily broad – people having nothing to do with the intelligence matters that are at least being reported on. It just shows what a broad fishing expedition it was.” Schiff has called for the department’s inspector general to “investigate this and other cases that suggest the weaponization of law enforcement by a corrupt president."" Swalwell’s statement was less restrained: “Like many of the world’s most despicable dictators, former President Trump showed an utter disdain for our democracy and the rule of law.” While there are many layers to this story, it increases the political tension in the country. When Republican leaders tied themselves to Trump after he lost the 2020 election, they tied themselves to whatever came out about his actions. They have tried to explain away the January 6 insurrection and recently refused to investigate what happened on and around that day. Will they now say that it is okay for a president to use the Department of Justice secretly to investigate members of Congress who belong to the opposing party? —- Notes: Manu Raju @mkraju “While I can’t go into who received these subpoenas … I can say that this was extraordinarily broad – people having nothing to do with the intelligence matters that are at least being reported on. It just shows what a broad fishing expedition it was,” Schiff said on CNN 2:06 AM ∙ Jun 11, 2021 798 Likes 194 Retweets https://www.nytimes.com/2021/06/10/us/politics/justice-department-leaks-trump-administration.html Jennifer 'pro-voting' Rubin @JRubinBlogger @kylegriffin1 good God, they were running a police state. Barr needs to be hauled in and at the very least disbarred. 12:45 AM ∙ Jun 11, 2021 4,258 Likes 1,001 Retweets https://www.nbcnews.com/politics/congress/schiff-calls-inquiry-after-report-trump-doj-targeted-democrats-congress-n1270432 https://www.politico.com/news/2021/06/10/adam-schiff-investigation-trump-doj-493343 https://www.cnn.com/2021/06/10/politics/house-intelligence-committee-apple-data-trump-justice-department-doj/index.html Share",,2021-06-10,6,2021,161
September-14-2022,https://heathercoxrichardson.substack.com/p/september-14-2022,1460,455,"It appears that John Durham’s investigation into why the FBI opened an investigation into the ties between the 2016 Trump campaign and Russian operatives is coming to an end. Durham’s investigation was a prime example of Trump’s attempt to use the Department of Justice not to enforce the nation’s laws, but to hurt his enemies, a charge former U.S. attorney for the Southern District of New York Geoffrey Berman has made in his new book. Trump, Berman said, wanted his friends protected and his enemies—including former secretaries of state John Kerry and Hillary Clinton—prosecuted. In April 2019, the month after Special Counsel Robert Mueller’s Report On The Investigation Into Russian Interference in the 2016 Presidential Election finally saw daylight, Attorney General William Barr tapped United States Attorney for the District of Connecticut John Durham to investigate the circumstances under which the FBI began to look into Russian interference in the election in the first place. The appointment was clearly an attempt to continue to distract people from the results of the Mueller report, which Barr had had an instrumental role in diminishing. Barr took office on February 14, 2019, just as Mueller was finishing his report. As Mueller’s superior, Barr got a copy of the report before anyone else, and he spun it to the media, claiming it exonerated the president and his team. In fact, Mueller established that Russia had illegally intervened in the election to benefit Trump and that the campaign “expected it would benefit electorally from information stolen and released through Russian efforts.” Mueller complained to Barr about the spin, but it was too late: the public had bought it. Trump and his allies jumped on Durham’s investigation, promising it would prove that FBI agents were part of a “Deep State” and that Durham would uncover “the crime of the century.” In December 2020, after Trump had lost the election, Barr revealed that he had made Durham a special counsel the previous October so that Durham could continue his work into the next administration. But the investigation itself fizzled. Durham pressed charges against only three people. One pleaded guilty to altering an email and was sentenced to probation and community service. A grand jury alleged two others lied to the FBI. One was acquitted of the charges last May. The other is supposed to go on trial next month but has asked a judge to throw out the case for lack of evidence. But Durham’s three-year investigation did provide talking points for those attacking the FBI’s Russia investigation, keeping alive Trump’s false claims that it was just a “witch hunt.” Trump’s politicization of the Department of Justice was a profound attack on the principles of democracy. Using the law to attack enemies is a hallmark of authoritarians—just ask opposition leader Alexsei Navalny in Russia, who has been sentenced to incarceration on trumped-up charges to get him out of Russian president Vladimir Putin’s way—while it also encourages lawbreaking from those who don’t fear legal consequences. We have seen that sense of being above the law today in stories about the willingness of Mississippi officials, including former governor Phil Bryant, to work with former NFL player Brett Favre to divert about $5 million in federal welfare funds from helping people in poverty to building a volleyball facility at the University of Southern Mississippi, where his daughter was a volleyball player. We have seen it in the anger that Trump allies show when law enforcement treats them as it would anyone suspected of lawbreaking. MyPillow chief executive officer Mike Lindell explained by video that yesterday FBI agents took his phone and that “what we’ve done is weaponize the FBI…it’s disgusting….” Agents executed the search warrant as part of a federal investigation into the alleged breach of Colorado voting machines. We have seen it in Jeffrey Clark’s response today to ethics charges brought against him by the D.C. Bar. Clark was employed by the Department of Justice in late 2020, when he worked to swing the department behind Trump’s lie that he had won the election, a shift that would have utterly destroyed the rule of law in the U.S. Now he claims the D.C. Bar cannot punish him because normal rules of behavior don’t apply. In a filing today, he told the bar: “[T]the President has an absolute right to seek legal and other forms of advice…and officers of the United States have an absolute duty and corresponding privilege to provide their opinions on a confidential basis.” The turning of the courts into a tool for partisan advantage has been part of the Republican project since 1986, when Reagan’s attorney general Edwin Meese vowed to “institutionalize the Reagan revolution so it can’t be set aside no matter what happens in future presidential elections.” That partisan use of the courts inspired then–Senate majority leader Mitch McConnell (R-KY) to help Trump replace about 30% of the federal bench and to swing the Supreme Court to the far right with three new justices. An examination by Politico’s Josh Gerstein and Kyle Cheney shows that Trump’s judges were less experienced on the bench and had spent more time in politics than the judges appointed by other presidents, and that Trump expected them to side with him, calling them “my judges.” “If it’s my judges, you know how they’re gonna decide,” he told evangelical leaders in 2016. And some of them have, indeed, sided with the former president in surprising ways, most recently when Judge Aileen Cannon, confirmed after Trump lost the 2020 election, agreed with his request for a special master to review the government documents recovered by the government from Mar-a-Lago. Trump’s judges have revealed a willingness to break precedent to achieve political ends, and nowhere is that clearer than in the willingness of the Supreme Court to replace long-settled law with their own preferences, most notably in their Dobbs v. Jackson Women’s Health decision overturning the 1973 Roe v. Wade decision protecting the right to abortion, but also in West Virginia v. EPA, limiting Congress’s ability to delegate regulatory authority to agencies, and so on. That replacement of settled law with what looks to be political preferences has tanked popular faith in the Supreme Court. On Monday, Justice Elena Kagan noted that, ​​“Judges create legitimacy problems for themselves…when they instead stray into places where it looks like they’re an extension of the political process or when they’re imposing their own personal preferences.” People should be able to expect that “changes in personnel don’t send the entire legal system up for grabs.” President Joe Biden appears to be trying to restore the rule of law to the Department of Justice, going out of his way to note that he is not involved with Attorney General Merrick Garland’s decisions. Increasingly, it looks like Garland’s Justice Department is bearing down on those who considered themselves untouchable. The trials and convictions of those who participated in the January 6 attack on the U.S. Capitol continue. Yesterday, three more rioters were found guilty of multiple charges. Twenty-five year old Patrick McCaughey III, of Ridgefield, Connecticut, who crushed Metropolitan Police Department officer Daniel Hodges in a doorway, faces decades in prison. Also today, Pamela Brown, Evan Perez, Jeremy Herb, and Kristen Holmes reported at CNN that not all of Trump’s loyalists are still acting as if they are above the law. Trump’s White House chief of staff Mark Meadows has complied with a Department of Justice subpoena. Perhaps most revealing of the restoration of the rule of law at the Justice Department is that former attorney general Barr has been on the television circuit defending the FBI and Biden’s Department of Justice from Trump’s fury over the FBI’s execution of a search warrant at Mar-a-Lago that yielded documents—or empty folders—bearing the highest classified markings. That is, the same man who sponsored Durham’s political mission has recently begun to speak up for the rule of law. — Notes: https://www.nytimes.com/2022/09/08/nyregion/geoffrey-berman-trump-book.html https://www.nytimes.com/2021/11/04/us/politics/igor-danchenko-arrested-steele-dossier.html https://www.cnn.com/2021/01/29/politics/kevin-clinesmith-sentencing-durham/index.html https://www.cnn.com/2022/09/14/politics/john-durham-investigation-update/index.html https://www.nbcnews.com/politics/politics-news/brett-favre-texts-show-role-mississippi-welfare-scandal-rcna47654 https://www.washingtonpost.com/investigations/2022/09/14/mike-lindell-phone-fbi-mypillow/ https://apnews.com/article/brett-favre-welfare-money-ed4cd2825a366af603634c82a4ddddbf https://www.politico.com/news/r2022/09/12/trump-judges-mar-a-lago-courts-00056071 https://www.washingtonpost.com/opinions/2022/09/14/kagan-speech-supreme-court-legitimacy-roberts/ Sarah N. Lynch @SarahNLynch Former DOJ official Jeff Clark has filed his redacted response to the DC Bar’s ethics charges. He claims he is basically exempt from the rules and the office lacks jurisdiction. 3:41 PM ∙ Sep 14, 2022 388 Likes 156 Retweets https://www.latimes.com/opinion/story/2022-09-09/william-barr-donald-trump-legacy-russia-mar-a-lago-search https://talkingpointsmemo.com/news/all-the-people-who-trump-tried-to-make-the-feds-investigate-for-being-mean-to-him ​​ https://www.mediamatters.org/fox-news/fox-fueled-durham-probe-ending-whimper https://www.cbsnews.com/news/patrick-mccaughey-convicted-7-felonies-pinned-daniel-hodges-in-door-frame-january-6-capitol-riot/ https://www.latimes.com/archives/la-xpm-1985-01-26-mn-13684-story.html Ron Filipkowski 🇺🇦 @RonFilipkowski The FBI nabbed Lindell at a Hardees and seized his phone. 12:38 AM ∙ Sep 14, 2022 40,814 Likes 5,207 Retweets https://www.cnn.com/2022/09/14/politics/mark-meadows-subpoena-justice-department-january-6/index.html Share",,2022-09-14,9,2022,257
April-10-2021,https://heathercoxrichardson.substack.com/p/april-10-2021,3906,238,"Sometimes it seems like we live in different time zones in this house: I write very late and Buddy gets up very early. On Thursday, Buddy captured the confusion of our schedules when he got up about two hours after I went to bed, went out onto the porch, and took a ""sunrise"" picture over the island... of a predawn moonrise. Going to bed early for once, myself. Will see you tomorrow. [Photo by Buddy Poland] Share",,2021-04-10,4,2021,100
December-13-2024,https://heathercoxrichardson.substack.com/p/december-13-2024,5104,898,"Time magazine’s interview with President-elect Donald Trump, published yesterday, revealed a man who was so desperate to be reelected to the presidency that he constructed a performance that he believed would woo voters, but who has no apparent plans for actual governance. Trump deliberately patterned the Republican National Convention where he accepted the party’s nomination for president on a professional wrestling event, even featuring a number of professional wrestlers. It appears now that the campaign itself was, similarly, a performance—possibly, as Tom Nichols of The Atlantic suggested, simply to avoid the threat of conviction in one of the many federal or state cases pending against him. In the Time interview, Trump called his campaign “72 Days of Fury.” During the campaign, Trump repeatedly promised he would “slash” the prices that soared during the post-pandemic economic recovery, although in fact they have been largely stable for the past two years. He hammered on the idea that he would erase transgender Americans from public life—the Republicans invested $215 million in ads that pushed that theme, making it a key cultural battle. He and his surrogates attacked immigrants, lying that Haitian immigrants in Springfield, Ohio, for example, were eating local pets and that Aurora, Colorado, a suburb of Denver, had been taken over by Venezuelan gangs, and falsely claiming that the Biden administration had opened the southern border. The Time interview suggests that, now that he has won back power, Trump has lost interest in the promises of the campaign. Notably, when a Time journalist asked Trump if his presidency would be a failure if he doesn’t bring the price of groceries down, he answered: “I don't think so. Look, they got them up. I'd like to bring them down. It's hard to bring things down once they're up. You know, it's very hard. But I think that they will.” He then pivoted to a different subject, and that was all he had to say about the price of groceries. When the journalist asked Trump about the current attempt of Republican lawmakers to force transgender women to use men’s bathrooms, Trump indicated he didn’t really want to talk about it, noting that “it's a very small number of people we're talking about, and it's ripped apart our country.” Caitlyn Jenner, who is herself transgender, is a frequent guest at Mar-a-Lago and has indicated she uses the women’s bathroom there. Asked whether he would reverse Biden’s protections for transgender children under the Title Nine section of the Education Amendments of 1972, prohibiting sex-based discrimination in schools, Trump clearly hadn’t given the issue much thought. Although it was this expansion that fed Trump’s rhetorical fury over what Republicans claimed was boys participating in girls’ sports, he answered simply:” I'm going to look at it very closely. We're looking at it right now. We're gonna look at it. We're gonna look at everything. Look, the country is torn apart. We're gonna look at everything.” Trump’s response to the interviewer about immigration can’t really be parsed because it remains based in a completely false version of the actual conditions, including that the Biden administration has admitted more than 13,000 murderers to the U.S.—which has been repeatedly debunked—and that other countries are emptying “people from mental institutions” into the U.S., an apparent misunderstanding of the word “asylum” in immigration. Under both U.S. and international law, a person fleeing violence or persecution has the right to apply for protection, or asylum, in another country. If Trump has now abandoned the performance he used to win the election, Trump’s planned appointments to office reveal that the actual pillars of his presidency will be personal revenge, the destruction of American institutions, and the use of political office for gain, also known as graft. Trump appears to have tapped henchmen for revenge against those who tried to hold him accountable to the law. On Tuesday, Department of Justice inspector general Michael Horowitz reported that during Trump’s first term, his Justice Department secretly seized records from 2 members of Congress and 43 congressional staffers as well as phone and text records from journalists. That use of the Department of Justice against those he considers his enemies seems to have been behind his attempt to make loyalist former Florida representative Matt Gaetz the United States attorney general. Mired in a sex-trafficking scandal, Gaetz had to step aside. Trump then tapped former Florida attorney general Pam Bondi, whose support for him extended not only to pushing the Big Lie that he won the 2020 election but also, apparently, to dropping Florida’s case against the fraudulent Trump University in exchange for a $25,000 donation to one of Bondi’s political action committees. The conservative Washington Examiner has urged U.S. senators to “closely scrutinize” Bondi in confirmation hearings. The Justice Department oversees the Federal Bureau of Investigation (FBI), and Trump’s handling of the director of the FBI also appears to be aimed at his enemies. In 1976, Congress established that an FBI director would serve a single ten-year term, with the idea that such a director would not be tied to a single president. In 2017, Trump fired the Republican FBI director picked by President Barack Obama, James Comey, after Comey refused to drop the investigation into the ties between Trump’s campaign and Russian operatives. In Comey’s place, he settled on Christopher Wray. But Wray oversaw the FBI’s investigations into the pro-Trump January 6 rioters and the raid on Mar-a-Lago after Trump lied about retaining top secret documents. Trump was also angry that Wray told a congressional committee that he had seen no sign of cognitive decline in President Joe Biden. Trump made it clear he intended to get rid of Wray and replace him with extreme loyalist Kash Patel. Wray’s term expires in 2027, but on Wednesday he announced he would step down at the end of Biden’s term, as Trump wants him to. Trump cheered the announcement, saying the FBI had “illegally raided” his home—in fact, a judge signed off on a search warrant—and added: “We want our FBI back.” Kash Patel has vowed to dismantle the FBI, as well as to go after media that he considers disloyal to Trump. He has written a trilogy of children’s books about Trump, titled “The Plot Against the King,” and he has published an “enemies list” of 60 people he believes should be investigated for crimes because of their political stances. Trump’s appointments also feed his anti-establishment supporters who want to destroy institutions, especially his tapping of Robert F. Kennedy Jr. to become the secretary of Health and Human Services. A leader in the anti-vax movement, Kennedy has attacked the Centers for Disease Control and Prevention, the National Institutes of Health, and the Food and Drug Administration (FDA). Today, Christina Jewett and Sheryl Gay Stolberg of the New York Times reported that the lawyer who is helping Kennedy pick the health officials he will bring into office, Aaron Siri, has tried to stop the distribution of 13 vaccines. In addition, in 2022 he petitioned the FDA to revoke its approval of the polio vaccine. If approved, Kennedy will oversee the FDA. The third pillar of Trump’s presidency appears to be graft for himself, his cronies, and his family. Dana Mattioli and Rebecca Ballhaus of the Wall Street Journal reported Wednesday that Amazon founder Jeff Bezos is planning to donate $1 million to Trump’s inauguration fund in an effort to shore up his ties to the incoming president. Mark Zuckerberg of Meta handed over $1 million as well, as did both the chief executive officer of OpenAI and AI search startup Perplexity. Trump has refused to sign the paperwork that would require him to disclose the donors to the inauguration fund. Today, Jonathan V. Last of The Bulwark called the fund “a slush fund, pure and simple.” There is no required accounting for how the money is spent, making it, as Last says, “a way for rich people to funnel money to the incoming president that he can then use however he sees fit, completely unfettered and under cover of darkness. The inauguration fund is no different than feudal lords approaching the new king with gifts of rubies, or mobsters showering a new mayor with envelopes of cash.” There are other ways for people to buy influence in the new administration. As Judd Legum pointed out on December 2 in Popular Information , crypto currency entrepreneur Justin Sun, a Chinese national, bought $30 million in crypto tokens from Trump’s new crypto venture, an essentially worthless investment that nonetheless freed up about $18 million for Trump himself. In March 2023 the Securities and Exchange Commission charged Sun with fraud and market manipulation. Sun posted on social media that his company “is committed to making America great again.” Trump appears willing to reward cronies with positions that could be lucrative as well, tapping billionaire Tom Barrack, for example, to become his administration’s ambassador to Türkiye. Barrack chaired Trump’s 2016 inauguration fund and was accused—and acquitted—of secret lobbying for the United Arab Emirates in exchange for investments of tens of millions of dollars in an office building and one of his investment funds. Trump is also putting family members into official positions, tapping his son Don Jr.’s former fiancee Kimberly Guilfoyle to become the U.S. ambassador to Greece shortly after news broke that Don Jr. is seeing someone else. Trump is pushing Florida governor Ron DeSantis to name his daughter-in-law Lara Trump to the Senate seat that will be vacated by Marco Rubio’s elevation to secretary of state, and he has tapped his daughter Tiffany’s father-in-law, Massad Boulos, to become his Middle East advisor. Various newspapers have reported that Boulos’s reputation as a billionaire mogul at the head of Boulos Enterprises is undeserved: in fact, he is a small-time truck salesman who has nothing to do with Boulos Enterprises but permitted the confusion, he says, because he doesn’t comment on his business. And then there is Eric Trump, who announced yesterday that the Trump Organization has made a deal with Dubai-based real estate developer Dar Global to build a Trump Tower in the Saudi capital of Riyadh. When asked about potential conflicts of interest, Eric Trump said: “I have no interaction with Washington, D.C. I want no interaction with Washington, D.C.” So far, there has been little outcry over Eric Trump’s announcement, despite years of stories focusing on Republicans’ claims that Hunter Biden and President Biden had each taken $5 million from the Ukrainian energy company on whose board Hunter Biden sat. Yesterday the key witness behind that accusation, Alexander Smirnov, pleaded guilty of lying to the FBI and hiding the more than $2 million he received after that testimony. Early this month, President Biden pardoned Hunter, saying that he had been charged “only because he is my son,” and that “there’s no reason to believe it will stop here.” On December 5, Representative Nicole Malliotakis (R-NY) told the Fox News Channel that House Republicans would continue to investigate Hunter Biden despite the pardon. If there is one major continuity between Trump’s campaign and plans for his administration, it is that his focus on shock and performance, rather than the detailed work of governing, still plays well to the media. — Notes: https://time.com/7201565/person-of-the-year-2024-donald-trump-transcript/ https://www.pbs.org/newshour/politics/democrats-were-hammered-with-misleading-attacks-on-transgender-issues-the-party-is-grappling-with-how-to-move-forward https://meidasnews.com/news/we-do-not-caitlyn-jenner-indicates-trump-grants-bathroom-access-to-trans-women-at-mar-a-lago https://oig.justice.gov/sites/default/files/reports/25-010.pdf https://www.msnbc.com/top-stories/latest/pam-bondi-doj-trump-loyalists-republicans-rcna183832 https://www.washingtonexaminer.com/opinion/3256581/senators-should-closely-scrutinize-attorney-general-nominee-pam-bondi/ https://www.usatoday.com/story/news/politics/2024/12/10/justice-department-congress-records-seizures/76887400007/ https://www.ncja.org/crimeandjusticenews/how-trump-doj-probed-congress-journalists-on-first-term-leaks https://www.lawfaremedia.org/article/why-did-congress-set-ten-year-term-fbi-director https://www.politico.com/news/2024/12/11/fbi-director-trump-wray-00193822 https://www.cnn.com/2024/12/02/politics/who-is-kash-patel-trump-fbi-director/index.html https://news.bloomberglaw.com/ip-law/openai-ceo-perplexity-give-1-million-to-trumps-inaugural-fund https://www.wsj.com/tech/mark-zuckerbergs-meta-donates-1-million-to-trumps-inaugural-fund-32a999c1 https://www.sec.gov/newsroom/press-releases/2023-59 https://www.theguardian.com/us-news/2022/nov/04/tom-barrack-trump-foreign-influence-acquitted-emirates https://www.washingtonpost.com/politics/2024/12/03/trump-crypto-chinese-entrepreneur/ https://www.nytimes.com/2024/12/12/world/africa/trump-massad-boulos-middle-east.html https://www.cbsnews.com/news/alexander-smirnov-pleads-guilty-bidens-fbi-informant/ https://www.whitehouse.gov/briefing-room/statements-releases/2024/12/01/statement-from-president-joe-biden-11/ https://www.nytimes.com/2024/12/13/health/aaron-siri-rfk-jr-vaccines.html https://www.npr.org/2024/12/11/nx-s1-5225390/trump-kimberly-guilfoyle-ambassador-greece https://www.palmbeachpost.com/story/news/politics/2024/12/11/lara-trump-steps-down-from-rnc-florida-senator-speculations-ring/76892362007/ https://www.usatoday.com/story/news/politics/elections/2024/12/12/trump-tower-saudi-arabia-eric-trump/76942638007/ https://www.washingtonpost.com/politics/2024/12/03/patel-deep-state-trump-retribution/ X: RpsAgainstTrump/status/1867275935105659369 RadioFreeTom/status/1861112503645643037 Bluesky: wordswithsteph.bsky.social/post/3ld3bfsuzts2s /profile/atrupar.com/post/3lclp4os3nk2h Share",,2024-12-13,12,2024,348
July-31-2022,https://heathercoxrichardson.substack.com/p/july-31-2022,4908,336,"Here in the midst of high summertime, I am finishing a book and burning the candle at both ends. Going to take an early night and be back at it tomorrow. Share",,2022-07-31,7,2022,212
August-28-2024,https://heathercoxrichardson.substack.com/p/august-28-2024,4222,564,"Former president Trump appears to have slid further since last night’s news about a new grand jury’s superseding indictment of him on charges of trying to overthrow the 2020 presidential election. Over the course of about four hours this morning, Trump posted 50 times on his social media platform, mostly reposting material that was associated with QAnon, violent, authoritarian, or conspiratorial. He suggested he is “100% INNOCENT,” and that the indictment is a “Witch Hunt.” He called for trials and jail for special counsel Jack Smith, former president Barack Obama, and the members of Congress who investigated the January 6, 2021, attack on the U.S. Capitol. And he reposted a sexual insult about the political careers of both Vice President Kamala Harris and former Secretary of State Hillary Clinton. Meanwhile, Trump’s campaign has today escalated the fight about Trump’s photo op Monday at Arlington National Cemetery, where campaign staff took photos and videos in Section 60, the burial ground of recent veterans, apparently over the strong objections of cemetery officials. Then the campaign released photos and a video from the visit attacking Harris. Arlington National Cemetery was established on the former property of General Robert E. Lee in 1864, after the Lee family did not pay their property taxes. At the time, Lee was leading Confederate forces against the United States government, and those buried in the cemetery in its early years were those killed in the Civil War. The cemetery is one of two in the United States that is under the jurisdiction of the U.S. Army, and it is widely considered hallowed ground. A statement from the Arlington National Cemetery reiterated: “Federal law prohibits political campaign or election-related activities within Army National Military Cemeteries, to include photographers, content creators or any other persons attending for purposes, or in direct support of a partisan political candidate's campaign. Arlington National Cemetery reinforced and widely shared this law and its prohibitions with all participants. We can confirm there was an incident, and a report was filed.” Republican vice presidential candidate Senator J.D. Vance of Ohio first said there was a “little disagreement” at the cemetery, but in Erie, Pennsylvania, today he tried to turn the incident into an attack on Harris. “She wants to yell at Donald Trump because he showed up?” Vance said. “She can go to hell.” Harris has not, in fact, commented on the controversy. VoteVets, a progressive organization that works to elect veterans to office, called the Arlington episode “sickening.” In an interview with television personality Dr. Phil that aired last night, Trump suggested that Democrats in California each got seven ballots and that he would win in the state if Jesus Christ counted the votes. As Philip Bump of the Washington Post pointed out today, Trump has always said he could not lose elections unless there was fraud; last night he suggested repeatedly that God wants him to win the 2024 election. When asked his opinion of Vice President Harris, Trump once again called her “a Marxist,” a reference that would normally be used to refer to someone who agrees with the basic principles outlined by nineteenth-century philosopher Karl Marx in his theory of how society works. In Marx’s era, people in the U.S. and Europe were grappling with what industrialization would mean for the relationship between individual workers, employers, resources, and society. Marx believed that there was a growing conflict between workers and capitalists that would eventually lead to a revolution in which workers would take over the means of production—factories, farms, and so on—and end economic inequality. Harris has shown no signs of embracing this philosophy, and on August 15, when Trump talked at reporters for more than an hour at his Bedminster property in front of a table with coffee and breakfast cereal at what was supposed to be a press conference on the economy, he said of his campaign strategy: “All we have to do is define our opponent as being a communist or a socialist or somebody that’s going to destroy our country.” Trump uses “Marxist,” “communist,” and “socialist” interchangeably, and when he and his allies accuse Democrats of being one of those things, they are not talking about an economic system in which the people, represented by the government, take control of the means of production. They are using a peculiarly American adaptation of the term “socialist.” True socialism has never been popular in America. The best it has ever done in a national election was in 1912, when labor organizer Eugene V. Debs, running for president as a Socialist, won 6% of the vote, coming in behind Woodrow Wilson, Theodore Roosevelt, and William Howard Taft. What Republicans mean by ""socialism"" in America is a product of the years immediately after the Civil War, when African American men first got the right to vote. Eager to join the economic system from which they had previously been excluded, these men voted for leaders who promised to rebuild the South, provide schools and hospitals (as well as prosthetics for veterans, a vital need in the post-war U.S.), and develop the economy with railroads to provide an equal opportunity for all men to rise to prosperity. Former Confederates loathed the idea of Black men voting almost as much as they hated the idea of equal rights. They insisted that the public programs poorer voters wanted were simply a redistribution of wealth from prosperous white men to undeserving Black Americans who wanted a handout, although white people would also benefit from such programs. Improvements could be paid for only with tax levies, and white men were the only ones with property in the Reconstruction South. Thus, public investments in roads and schools and hospitals would redistribute wealth from propertied men to poor people, from white men to Black people. It was, opponents said, “socialism.” Poor black voters were instituting, one popular magazine wrote, ""Socialism in South Carolina"" and should be kept from the polls. This idea that it was dangerous for working people to participate in government caught on in the North as immigrants moved into growing cities to work in the developing factories. Like their counterparts in the South, they voted for roads and schools, and wealthy men insisted these programs meant a redistribution of wealth through tax dollars. They got more concerned still when a majority of Americans began to call for regulation to keep businessmen from gouging consumers, polluting the environment, and poisoning the food supply (the reason you needed to worry about strangers and candy in that era was that candy was often painted with lead paint). Any attempt to regulate business would impinge on a man's liberty, wealthy men argued, and it would cost tax dollars to hire inspectors. Thus, they said, it was a redistribution of wealth. Long before the Bolshevik Revolution in Russia brought the fears of a workers' government to life, Americans argued that their economy was under siege by socialists. Their conviction did indeed lead to a redistribution of wealth, but as regular Americans were kept from voting, the wealth went dramatically upward, not down. The powerful formula linking racism to the idea of an active government and arguing that a government that promotes infrastructure, provides a basic social safety net, and regulates business is socialism has shaped American history since Reconstruction. In the modern era the Brown v. Board of Education Supreme Court decision of 1954 enabled wealthy men to convince voters that their tax dollars were being taken from them to promote the interests of Black Americans. President Ronald Reagan made that formula central to the Republican Party, and it has lived there ever since, as Republicans call any policy designed to help ordinary Americans “socialism.” Vice President Harris recently said she would continue the work of the Biden administration and crack down on the price-fixing, price gouging, and corporate mergers that drove high grocery prices in the wake of the pandemic. Such plans have been on the table for a while: Senator Bob Casey (D-PA) noted last year that from July 2020 through July 2022, inflation rose by 14% and corporate profits rose by 75%. He backed a measure introduced by Senator Elizabeth Warren (D-MA)—who came up with the idea of the Consumer Financial Protection Bureau—that would set standards to prevent large corporations from price gouging during an “exceptional market shock” like a power grid failure, a public health emergency, a natural disaster, and so on. Harris’s proposal was met with pushback from opponents saying that such a law would do more harm than good and that post-pandemic high inflation was driven by the market. Yesterday, during testimony for an antitrust case, an email from the senior director for pricing at the grocery giant Kroger, Andy Groff, to other Kroger executives seemed to prove that those calling out price gouging were at least in part right. In it, Groff wrote: “On milk and eggs, retail inflation has been significantly higher than cost inflation.” — Notes: https://www.thedailybeast.com/dr-phil-asks-donald-trump-if-joe-biden-and-kamala-harris-were-ok-with-him-being-shot https://talkingpointsmemo.com/news/donald-trump-responds-to-new-indictment-with-qanon-filled-posting-spree https://apnews.com/article/trump-social-media-conspiracy-e3bbd855a2710d6b4bb4f480dd77e190 https://abcnews.go.com/Photos/arlington-national-cemetery-confirms-incident-trump-team-remembrance/story?id=113201141 https://www.cnn.com/2024/08/28/politics/trump-campaign-arlington-national-cemetery-incident/index.html https://www.washingtonpost.com/politics/2024/08/28/trump-arlington-national-cemetery-law-explained/ https://www.cnbc.com/2024/08/28/trump-arlington-cemetery-incident-harris-election.html https://www.arlingtoncemetery.mil/Portals/0/Web%20Final%20PDF%20of%20Brochure%20March%202015.pdf https://www.thedailybeast.com/veterans-groups-condemn-trumps-arlington-national-cemetery-photo-op https://www.washingtonpost.com/politics/2024/08/28/trump-dr-phil-god/ https://www.washingtonpost.com/politics/2024/08/28/trump-arlington-cemetery-section-60/ https://web.archive.org/web/20100913093837/http://www.arlingtoncemetery .org/historical_information/arlington_house.html https://www.politico.com/news/2024/08/14/harris-food-prices-economy-speech-00174112 https://www.cbsnews.com/news/kamala-harris-dnc-economic-plan-price-gouging-ban-inflation/ https://www.newsweek.com/kroger-executive-admits-company-gouged-prices-above-inflation-1945742 https://www.congress.gov/bill/117th-congress/senate-bill/4214/text https://www.bbc.com/news/articles/cy8xqy0jv24o https://www.casey.senate.gov/imo/media/doc/greedflation1.pdf X: VaughnHillyard/status/1828875846209437870 Acyn/status/1828851684153741333 joshtpm/status/1828888452818964511 cmclymer/status/1828756880036114826 votevets/status/1828836255687139604 American_Bridge/status/1828593815839522856 atrupar/status/1824201300029936100 Share",,2024-08-28,8,2024,241
April-21-2024,https://heathercoxrichardson.substack.com/p/april-21-2024,3347,505,"During her confirmation hearings in 2021, Interior Department secretary Deb Haaland promised “to responsibly manage our natural resources to protect them for future generations—so that we can continue to work, live, hunt, fish, and pray among them.” Noting her Indigenous heritage, Haaland tweeted, “A voice like mine has never been a Cabinet secretary or at the head of the Department of Interior…. I’ll be fierce for all of us, our planet, and all of our protected land.” Her approach was a shift from the practice the Interior Department had established at the beginning of the twentieth century when it began to prioritize mineral, oil, and gas development, as well as livestock grazing, on U.S. public lands. But the devastating effects of climate change have brought those old priorities into question. Republicans, especially those from states like Wyoming, which collects more than a billion dollars a year in royalties and taxes from the oil, gas, and coal produced on federal lands in the state, opposed Haaland’s focus on responsible management of natural resources for the future  and warned that the Biden administration is “taking a sledgehammer to Western states’ economies.” On Thursday, April 18, the Interior Department finalized a new rule for a balanced management of America’s public lands. Put together after a public hearing period that saw more than 200,000 comments from states, individuals, Tribal and local governments, industry groups, and advocacy organizations, the new rule prioritizes the health of the lands and waters the Interior Department’s Bureau of Land Management oversees. Those consist of about 245 million acres, primarily in 12 western states. The new rule calls for protection of the land, restoration of the places that have been harmed in the past, and a promise to make informed decisions about future use based on “science, data, and Indigenous knowledge.” It “recognizes conservation as an essential component of public lands management, on equal footing with other multiple uses of these lands.” The Bureau of Land Management will now auction off leases not only for drilling, but also for conservation and restoration. Western state leaders oppose the Biden administration’s efforts to change the Interior Department’s past practices, calling them “colonial forces of national environmental groups who are pushing an agenda” onto states like Wyoming. The timing of the Interior Department’s new rule can’t help but call attention to Earth Day, celebrated tomorrow, on April 22. Earth Day is no novel proposition. Americans celebrated it for the first time in 1970. Nor was it a partisan idea in that year: Republican president Richard M. Nixon established it as Americans recognized a crisis that transcended partisanship and came together to fix it. The spark for the first Earth Day was the 1962 publication of marine biologist Rachel Carson’s Silent Spring , which showed the devastating effects of people on nature by documenting the effect of modern pesticides on the natural world. Her exposé of how the popular pesticide DDT was poisoning the food chain in American waters illuminated the dangerous overuse of chemicals and their effect on living organisms, and it caught readers’ attention. Carson’s book sold more than half a million copies in 24 countries. Democratic president John F. Kennedy asked the President’s Science Advisory Committee to look into Carson’s argument, and the committee vindicated her. Before she died of breast cancer in 1964, Carson noted: ""Man's attitude toward nature is today critically important simply because we have now acquired a fateful power to alter and destroy nature. But man is a part of nature, and his war against nature is inevitably a war against himself? [We are] challenged as mankind has never been challenged before to prove our maturity and our mastery, not of nature, but of ourselves."" As scientists organized the Environmental Defense Fund, Americans began to pay closer attention to human effects on the environment, especially after three crucial events. First, on December 24, 1968, astronaut William Anders took a color photograph of the Earth rising over the horizon of the moon from outer space during the Apollo 8 mission, powerfully illustrating the beauty and isolation of the globe on which we all live. Then, over 10 days in January and February 1969, a massive oil spill off the coast of Santa Barbara, California, poured between 80,000 and 100,000 barrels of oil into the Pacific, fouling 35 miles of California beaches and killing seabirds, dolphins, sea lions, and elephant seals. Public outrage ran so high that President Nixon went to Santa Barbara in March to see the cleanup efforts, telling the American public that “the Santa Barbara incident has frankly touched the conscience of the American people.” And then, in June 1969, the chemical contaminants that had been dumped into Cleveland’s Cuyahoga River caught fire. A dumping ground for local heavy industry, the river had actually burned more than ten times in the previous century, but with increased focus on environmental damage, this time the burning river garnered national attention. In February 1970, President Nixon sent to Congress a special message “on environmental quality.” “[W]e…have too casually and too long abused our natural environment,” he wrote. “The time has come when we can wait no longer to repair the damage already done, and to establish new criteria to guide us in the future.” “The tasks that need doing require money, resolve and ingenuity,” Nixon said, “and they are too big to be done by government alone. They call for fundamentally new philosophies of land, air and water use, for stricter regulation, for expanded government action, for greater citizen involvement, and for new programs to ensure that government, industry and individuals all are called on to do their share of the job and to pay their share of the cost.” Meanwhile, Gaylord Nelson, a Democratic senator from Wisconsin, visited the Santa Barbara oil spill and hoped to turn the same sort of enthusiasm people were bringing to protests against the Vietnam War toward efforts to protect the environment. He announced a teach-in on college campuses, which soon grew into a wider movement across the country. Their “Earth Day,” held on April 22, 1970, brought more than 20 million Americans—10% of the total population of the country at the time—to call for the nation to address the damage caused by 150 years of unregulated industrial development. The movement included members of all political parties, rich Americans and their poorer neighbors, people who lived in the city and those in the country, labor leaders and their employers. It is still one of the largest protests in American history. In July 1970, at the advice of a council convened to figure out how to consolidate government programs to combat pollution, Nixon proposed to Congress a new agency, the Environmental Protection Agency, which Congress created that December. In honor of Earth Day 2024, Democratic president Joe Biden has called for carrying on the legacy of our predecessors “by building a greener, more sustainable planet and, with it, a healthier, more prosperous nation.” In a statement, Biden noted that no one can any longer deny the impacts and staggering costs of climate change as the nation confronts historic floods, droughts, and hurricanes. “Deforestation, nature loss, toxic chemicals, and plastic pollution also continue to threaten our air, lands, and waters, endangering our health, other species, and ecosystems,” he said. He noted the administration’s efforts to build a clean energy economy, providing well-paid union jobs as workers install solar panels, service wind turbines, cap old oil wells, manufacture electric vehicles, and so on, while also curbing air pollution from power plants and lead poisoning from old pipes, the burden of which historically has fallen on marginalized communities. Biden noted that he brought the U.S. back into the Paris Climate Accord Trump pulled out of, is on track to conserve more lands and waters than any president before him, and has worked with the international community to slash methane emissions and restore lost forests. And yet there is much more to be done, he said. He encouraged “all Americans to reflect on the need to protect our precious planet; to heed the call to combat our climate and biodiversity crises while growing the economy; and to keep working for a healthier, safer, more equitable future for all.” Happy Earth Day 2024. — Notes: https://www.washingtonpost.com/climate-environment/2021/02/23/deb-haaland-interior-secretary-hearing/ https://www.nytimes.com/2021/03/02/climate/biden-interior-department-haaland.html https://www.nytimes.com/2021/02/22/climate/deb-haaland-interior.html https://www.blm.gov/public-lands-rule https://www.washingtonpost.com/climate-environment/2023/11/28/public-lands-wyoming-biden-oil-mining/ https://www.blm.gov/press-release/biden-harris-administration-finalizes-strategy-guide-balanced-management-conservation https://www.blm.gov/press-release/interior-department-releases-proposed-plan-guide-balanced-management-public-lands https://www.nrdc.org/stories/story-silent-spring https://www.presidency.ucsb.edu/documents/special-message-the-congress-environmental-quality https://www.presidency.ucsb.edu/documents/remarks-following-inspection-oil-damage-santa-barbara-beach https://www.epa.gov/history/origins-epa https://www.earthday.org/history/ https://www.epa.gov/archive/epa/aboutepa/ddt-regulatory-history-brief-survey-1975.html https://www.nps.gov/articles/story-of-the-fire.htm . https://www.epa.gov/laws-regulations/discover-history-clean-water-act https://nelsonearthday.net/gaylord-nelson-earth-day-origins/ https://www.whitehouse.gov/briefing-room/presidential-actions/2023/04/21/executive-order-on-revitalizing-our-nations-commitment-to-environmental-justice-for-all/ https://www.whitehouse.gov/briefing-room/presidential-actions/2024/04/19/a-proclamation-on-earth-day-2024/ Twitter (X): DebHaalandNM/status/1339722046373130241 Share",,2024-04-21,4,2024,112
July-10-2021,https://heathercoxrichardson.substack.com/p/july-10-2021,1099,243,"In July, living in Maine is often like living in a painting. After being on the water all day, I am falling into bed and letting my friend Peter take the wheel with a picture that captures the wonder around us in these magical summer days. I'll see you tomorrow. [""Easting,"" by Peter Ralston.] Share —- Notes: Peter provides photos sometimes for this project because he’s nice, but he is indeed a professional photographer. If you want to know more about his work, you can find him at his studio in Rockport, Maine, or at www.ralstongallery.com.",,2021-07-10,7,2021,191
February-11-2025,https://heathercoxrichardson.substack.com/p/february-11-2025,7547,621,"On February 12, 1809, Nancy Hanks Lincoln gave birth to her second child, a son: Abraham. Abraham Lincoln grew up to become the nation’s sixteenth president, leading the country from March 1861 until his assassination in April 1865, a little over a month into his second term. He piloted the country through the Civil War, preserving the concept of American democracy. It was a system that had never been fully realized but that he still saw as “the last, best hope of earth” to prove that people could govern themselves. Lincoln grew up in rural poverty as wealthy enslavers took over prime land in his family's home state of Kentucky and pushed them across the Ohio River to Indiana, where Nancy Lincoln died. From there, they moved on to the frontier state of Illinois, where Abraham sowed seed, hoed fields, grubbed roots, cut trees, made fences, and harvested crops both at home and for farmers to whom his father hired him out for wages, for the elder Lincoln never managed to get his feet under him after leaving Kentucky. In 1831, finally an adult, Abraham set out to make his mark in the world, as did thousands of other young men in his dynamic era. But making it on his own wasn’t much easier for the young Lincoln than it had been for his father. He settled in the town of New Salem, a village of about a hundred people on a bluff above the Sangamon River, where he failed as a storekeeper, then cobbled together various jobs, eking out a living splitting rails and making deliveries. Government appointments, first as a postmaster and then as a surveyor, kept him afloat and made him well enough known that in 1834, voters elected him to the state legislature, and he was on his way to prominence. Lincoln’s time as a young man on the make had made him think hard about the relationship between Americans and their government. In his era, elite southern enslavers insisted that government had no role to play in the country except in protecting property, a concept of government that permitted them to amass fortunes thanks to the labor of their Black neighbors. But Lincoln had watched his town of New Salem die because its settlers—hard workers, eager to make the town succeed—could not dredge the Sangamon River to promote trade by themselves. Lincoln later mused, “The legitimate object of government is ‘to do for the people what needs to be done, but which they can not, by individual effort, do at all, or do so well, for themselves,’… as public roads and highways, public schools, charities, pauperism, orphanage, estates of the deceased, and the machinery of government itself.” Once elected to the presidency, Lincoln joined with members of his new Republican Party to make the government work for the American people. They created national money and the income tax. They took land from speculators and gave it to men willing to farm it. They established public colleges to enable poor men to get an education, the Department of Agriculture to make sure poor men had access to good seeds, and transcontinental railroads so poor men could both get to western lands and get their products back to eastern markets. And they used the power of the federal government to end human enslavement in the United States except as punishment for crime. A generation later, under Republican president Theodore Roosevelt, progressives at the turn of the twentieth century expanded on Lincoln's understanding of the role of government in supporting the American people. In that era, corrupt industrialists increased their profits by abusing their workers, adulterating milk with formaldehyde and painting candies with lead paint, dumping toxic waste into neighborhoods, and paying legislators to let them do whatever they wished. Those concerned about the survival of democracy worried that individuals were not actually free when their lives were controlled by the corporations that poisoned their food and water while making it impossible for individuals to get an education or make enough money ever to become independent. To restore the rights of individuals, progressives of both parties argued that individuals needed a strong, active government to protect them from the excesses and powerful industrialists of the modern world. Under the new governmental system that Theodore Roosevelt pioneered, the government cleaned up the sewage systems and tenements in cities, protected public lands, invested in public health and education, raised taxes, and called for universal health insurance, all to protect the ability of individuals to live freely without being crushed by outside influences. Reformers sought, as Roosevelt said, to return to “an economic system under which each man shall be guaranteed the opportunity to show the best that there is in him.” In the 1920s, the idea that the government should be run as a business eclipsed Roosevelt’s progressive government, but after the Great Crash of 1929 and the ensuing Great Depression, Democrats under President Franklin Delano Roosevelt in the 1930s offered a “new deal for the American people.” That New Deal meant that the government would no longer work simply to promote business, but would also regulate business, provide a basic social safety net, and promote infrastructure. World War II accelerated the construction of that active government, and by the time it was over, Americans quite liked the new system. After the war, Republican Dwight Eisenhower embraced the active government. He explained that in the modern world, the government must protect people from disasters created by forces outside their control, and it must provide social services that would protect people from unemployment, old age, illness, accidents, unsafe food and drugs, homelessness, and disease. He called his version of the New Deal “a middle way between untrammeled freedom of the individual and the demands of the welfare of the whole Nation.” One of his supporters echoed Lincoln when he explained, “If a job has to be done to meet the needs of the people, and no one else can do it, then it is the proper function of the federal government.” Both Republicans and Democrats embraced this idea, which became known as the “liberal consensus.” In the second half of the twentieth century, they expanded the role of government to protect civil rights, the environment, access to healthcare and education, equal opportunity in employment, and so on. But those who objected to the liberal consensus rejected the idea that the government had any role to play in the economy or in social welfare and made no distinction between the liberal consensus and international communism. They insisted that the country was made up of “liberals,” who were pushing the nation toward socialism, and “conservatives” like themselves, who were standing alone against the Democrats and Republicans who made up a majority of the country and liked the new business regulations, safety net, infrastructure, and protection of civil rights. That reactionary mindset came to dominate the Republican Party after Ronald Reagan’s election in 1980. Republicans began to insist that anyone who embraced the liberal consensus of the past several decades was un-American and had no right to govern, no matter how many Americans supported that ideology. And now, forty-five years later, we are watching as a group of reactionaries dismantle the government that serves the needs of ordinary Americans and work, once again, to concentrate wealth and power in the hands of an elite. The idea of a small government that serves the needs of a few wealthy people, Lincoln warned in his era, is “the same old serpent that says you work and I eat, you toil and I will enjoy the fruits of it. Turn in whatever way you will—whether it come from the mouth of a King, an excuse for enslaving the people of his country, or from the mouth of men of one race as a reason for enslaving the men of another race, it is all the same old serpent.” —- Notes: https://quod.lib.umich.edu/l/lincoln/lincoln2/1:261 Dwight D. Eisenhower, February 2, 1953, Message to Congress. Arthur Larson, A Republican Looks at His Party (New York: Harper & Brothers, 1956), quotation on p. 159. https://teachingamericanhistory.org/document/speech-at-chicago-illinois/ Share",,2025-02-11,2,2025,42
March-19-2020,https://heathercoxrichardson.substack.com/p/march-19-2020,236,0,"Today began with the news that three weeks ago, Republican Richard Burr of North Carolina, Chair of the Senate Intelligence Committee, and therefore privy to classified intelligence reports about the novel coronavirus, warned a small group of wealthy and well-connected constituents that the disease was much more serious than public reports suggested. The same day that Trump told the nation, “It’s going to disappear. One day, like a miracle. It will disappear,” Burr told members of an exclusive club that the novel coronavirus was fast moving, like the 1918 pandemic, and could lead to school closings and military mobilization to combat it. Thirteen days before the State Department warned against European travel, Burr suggested business leaders should not send their employees to Europe. Interestingly, this story broke because someone leaked a secret recording of the speech-- just who is unclear. It does, though, raise the possibility that even one of Burr’s wealthy constituents is unhappy with the disinformation coming from Republican leadership. The story that the chair of the Senate Intelligence Committee was saying one thing in private to businessmen and another thing in public to the rest of us was bad enough, but then it got worse. Thursday evening, ProPublica noted that Burr sold off more than $1.5 million in stock during this period, an amount that made up almost all of his assets. The sales were a set of 33 transactions that were the most stock he had sold in a single day in 14 months. So while he was privy to daily security briefings on how bad things were going to get, he reassured the public and sold his own stock. A week later, the market began its historical slide, losing about 30% of its value since he sold. When NPR asked his spokesperson to comment on the stock sale, Caitlin Carroll responded “lol.” She later said that was in response to the story itself and was intended to be off the record. But then it got weirder. It turns out that Burr was not the only one. Apparently Senator Kelly Loeffler (R-GA) also dropped seven figures worth of stock the day that she, as a member of the Senate Health Committee, heard a private briefing on the coronavirus from administration officials including the CDC director and Anthony Fauci, the head of the National Institute of Allergy and Infectious Diseases. She then turned around and bought stock in Citrix, a technology company that makes GoToMeeting software for telecommuting, and another technology company, Oracle. She, too, continued to downplay the coronavirus, claiming “Democrats have dangerously and intentionally misled the American people on #Coronavirus readiness. Here’s the truth: [Trump] & his administration are doing a great job working to keep Americans healthy and safe.” When asked about her stock transactions, Loeffler tweeted: “This is a ridiculous and baseless attack. I do not make investment decisions for my portfolio. Investment decisions are made by multiple third-party advisors without my or my husband’s knowledge or involvement.” In fact, her initial disclosure of the stock sales said they were her husband’s stocks; she later revised it to say they were jointly owned. Loeffler is married to the chairman and CEO of the New York Stock Exchange. Her worth is estimated at $500 million. She was not elected to her seat, but was appointed by Georgia Governor Brian Kemp to the seat of retiring Senator Johnny Isakson, likely in hopes of attracting more suburban women to the Republican standard in 2020. Loeffler has pledged $20 million of her own money to hold her seat in November. On his show on the Fox News Channel tonight, personality Tucker Carlson said that Burr had betrayed the country and must resign and await prosecution for insider trading. But Renato Mariotti, a former federal prosecutor and legal analyst for CNN, explained that it would be really hard for prosecutors to prove insider trading in his case. He noted first of all the insider trading by members of Congress was legal until the STOCK Act of 2012, and that Burr was one of the only three senators who voted against it, arguing that insider trading laws already applied to Congress. STOCK stands for “Stop Trading on Congressional Knowledge.” But then Mariotti explained how a prosecutor would have to prove that Burr had a specific piece of knowledge that the public did not, and that that information would drop stock prices. Burr could simply say there was a lot of information about the coronavirus out there, and that he could not have predicted what would happen to the stock market because of it. There is no doubt the SEC (the U.S. Securities and Exchange Commission), which oversees the stock market, should look into it, Mariotti says, but it’s premature to jump to the conclusion that Burr can be charged with insider trading. This matters, though, because sure looks bad, and it brings to mind what happened in the U.S. after the stock market crash of 1929 and the ensuing Depression. During the heady days of the 1920s, people hadn’t paid a lot of attention to how leaders were making money. When they started to pay attention after the Crash, they discovered that the leaders who were preaching to them about austerity had been cheating. When the Senate held hearings about how to resolve the crisis, the former president of the Stock Exchange, a man named Richard Whitney, told senators the only way to fix the problem was to cut government salaries and veterans’ benefits. (When senators asked him why he couldn’t take a pay cut himself, he told them he made “very little,” only $60,000 a year, which was six times what a senator made.) Six years later, Americans learned that Whitney had been stealing assets and investing the money in failing companies. He went to prison for embezzlement. Whitney’s story, and others like it, destroyed the reputation of the American businessman, the figure who had come to symbolize the genius behind what had seemed to be the prosperity of the 1920s. From being lionized as the nation’s leaders, they became symbols of what had gone wrong with America. In October 1936, after four years of New Deal programs, Franklin Delano Roosevelt illustrated this change. He noted: “They had begun to consider the Government of the United States as a mere appendage to their own affairs. We know now that Government by organized money is just as dangerous as Government by organized mob.” A similar redefinition seems quite possible now. On Twitter, David Frum noted that “we need to see the stock trades of President Trump and his family in the month of February,” to which writer Greg Olear responded: “And January.” Today in coronavirus news, California Governor Gavin Newsom ordered the state’s 40 million residents to stay at home except for essential trips for supplies; the Trump administration asked state labor officials to be vague about how many unemployment claims are coming in; the State Department has urged Americans abroad either to come home now or plan to stay where they are; and while Italy’s deaths continue to climb, China today reported that it has had no new local cases in the past 48 hours (although 39 people had brought the disease in from overseas). The U.S. now has more than 10,000 confirmed coronavirus infections and has suffered 140 deaths. The surge in cases is likely a result of increased testing. —- Notes: Burr: https://www.npr.org/2020/03/19/818192535/burr-recording-sparks-questions-about-private-comments-on-covid-19 https://www.politico.com/news/2020/03/19/senate-intel-chair-warned-of-coronavirus-disruption-in-private-137407 votes against STOCK: https://www.propublica.org/article/senator-dumped-up-to-1-6-million-of-stock-after-reassuring-public-about-coronavirus-preparedness Loeffler: Sam Stein @samstein One other data point: Loeffler had not made a single stock transaction during the three weeks she served in office prior to this one. This was her first. The day she got the coronavirus briefing. Sam Stein @samstein NEW — Sen. Kelly Loeffler Dumped Millions in Stock After Coronavirus Briefing

https://t.co/qxKbzHXC2k 1:25 AM ∙ Mar 20, 2020 24,816 Likes 9,709 Retweets Preet Bharara @PreetBharara “One of Loeffler’s two purchases was stock worth between $100,000 and $250,000 in Citrix, a technology company that offers teleworking software”

Welcome to private life, Senator https://t.co/wSzIauSzsN Jonah Goldberg @JonahDispatch Good lord. https://t.co/UlEF51vlpA 1:28 AM ∙ Mar 20, 2020 36,804 Likes 12,061 Retweets Noah Shachtman @NoahShachtman EXCLUSIVE: It's not just Burr. A second GOP senator dumped millions in stock after an all-senate coronavirus briefing. thedailybeast.com Sen. Kelly Loeffler Dumped Millions in Stock After Coronavirus Briefing The Georgia Republican is the second senator who has gotten rid of their holdings right as the stock market went bad. 12:53 AM ∙ Mar 20, 2020 11,790 Likes 7,016 Retweets https://www.rollcall.com/2019/12/03/johnny-isakson-farewell-highlights-challenges-in-georgia-senate-race/ https://www.thedailybeast.com/sen-kelly-loeffler-dumped-millions-in-stock-after-coronavirus-briefing Carlson: Acyn Torabi @Acyn Tucker Carlson calls for Senator Burr to resign and await prosecution for insider trading if he cannot provide a reasonable explanation for his actions. He goes on to say it appears that Senator Burr betrayed his country in a time of crisis 1:04 AM ∙ Mar 20, 2020 78,392 Likes 20,368 Retweets Frum: David Frum @davidfrum We need to see the stock trades of President Trump and his family in the month of February. 1:08 AM ∙ Mar 20, 2020 74,817 Likes 20,911 Retweets Coronavirus news: https://www.nytimes.com/2020/03/19/world/coronavirus-update-cases.html https://www.cnn.com/2020/03/19/asia/coronavirus-covid-19-update-china-intl-hnk/index.html https://www.washingtonpost.com/world/2020/03/20/coronavirus-latest-news/ https://www.nytimes.com/interactive/2020/us/coronavirus-us-cases.html Mariotti: Renato Mariotti @renato_mariotti THREAD:  Did Senator Richard Burr engage in insider trading when he sold off $1.6 million in stock while he was receiving briefings about the coronavirus? 11:36 PM ∙ Mar 19, 2020 21,931 Likes 6,453 Retweets FDR: http://docs.fdrlibrary.marist.edu/od2ndst.html",,2020-03-19,3,2020,79
June-12-2025,https://heathercoxrichardson.substack.com/p/june-12-2025,6385,866,"At a press conference for Secretary of Homeland Security Kristi Noem in Los Angeles today, Noem’s security assaulted Senator Alex Padilla (D-CA), dragged him into the hallway, forced him to the floor, and handcuffed him as he tried to ask the secretary a question. Senator Padilla is the highest-ranking Democrat on the Senate Judiciary subcommittee on immigration, citizenship, and border safety. That subcommittee has “oversight of federal agencies with citizenship, asylum, refugee, and immigration enforcement responsibilities.” After the attack, Senator Padilla explained: “I'm here in Los Angeles today, and I was here in the federal building in the conference room, awaiting a scheduled briefing from federal officials as part of my responsibility as a senator to provide oversight and accountability. While I was waiting for the briefing…, I learned that Secretary Noem was having a press conference a couple of doors down the hall. Since the beginning of the year, but especially…over the course of recent weeks, I—several of my colleagues—have been asking the Department of Homeland Security for more information and more answers on their increasingly extreme immigration enforcement actions. And we've gotten little to no information in response to our inquiries. “And so I came to the press conference to hear what she had to say, to see if I could learn any new additional information…. At one point, I had a question. And so I began to ask a question. I was almost immediately forcibly removed from the room. I was forced to the ground, and I was handcuffed. I was not arrested. I was not detained. “I will say this. If this is how this administration responds to a senator with a question, if this is how the Department of Homeland Security responds to a senator with a question, you can only imagine what they're doing to farm workers, to cooks, to day laborers out in the Los Angeles community and throughout California and throughout the country. We will hold this administration accountable.” Secretary Noem implied that neither she nor her security knew who the senator was, but even if she had forgotten speaking with him in Senate hearings, a video of the encounter records him saying clearly: “I’m Senator Alex Padilla. I have a question for the secretary.” Senator or not, he did not behave in a way that suggested a threat to the secretary. The Department of Homeland Security said Padilla “chose disrespectful political theater and interrupted a live news conference” and claimed that he “lunged” toward the secretary. Senator Patty Murray (D-WA) answered: “This is a lie. We all saw the video. The Senator clearly identified himself, and he did not ‘lunge’ toward anyone.” She added: “If these miserable propagandists will lie to you about roughing up a U.S. Senator in a room full of reporters, what won't they lie to you about?” The assault on Padilla comes days after the Department of Justice under Trump indicted Representative LaMonica McIver (D-NJ) on federal charges saying she impeded immigration officers outside a New Jersey detention center. While Democratic senators and representatives are outraged, they are having little success getting their Republican colleagues to join them. House speaker Mike Johnson (R-LA) suggested that Padilla had charged Noem—the videos show no such thing—and suggested the Senate should censure Padilla for “wildly inappropriate” behavior. While much focus has been on the assault itself, what Noem was saying before Padilla spoke out is crucially important. ""We are not going away,” she said. “We are staying here to liberate this city from the socialists and the burdensome leadership that this governor and that this mayor have placed on this country and what they have tried to insert into the city."" In other words, the Trump administration is vowing to get rid of the democratically elected government of California by using military force. That threat is the definition of a coup. It suggests MAGA considers any political victory but their own to be illegitimate and considers themselves justified in removing those governmental officials with violence: a continuation of the attempt of January 6, 2021, to overturn the results of a presidential election. Priscilla Alvarez and Natasha Bertrand of CNN reported today that, although the Trump administration said its federalization of the National Guard and mobilization of Marines into Los Angeles was an emergency response to rioting, in fact White House officials began talking about using the National Guard and the military as support for immigration enforcement as early as February. White House deputy chief of staff Stephen Miller and officials from the Department of Homeland Security led the talks. They also want to use military facilities to hold detainees. Andrew Gumbel of The Guardian reported today that the National Guard troops and Marines deployed to Los Angeles do not want to be caught in a political battle and are deeply unhappy about their position. Marine Corps veteran Janessa Goldbeck, who runs the Vet Voice Foundation, told Gumbel: “The overall perception was that the situation was nowhere at the level where marines were necessary.” Yesterday, Trump’s hand-picked chairman of the Joint Chiefs of Staff, retired Lieutenant General Dan Caine, told the Senate that the United States is not, in fact, “being invaded by a foreign nation,” the argument Trump used to send Venezuelans to the notorious CECOT prison in El Salvador. Caine said: “[A]t this point in time I don’t see any foreign state-sponsored folks invading.” Asked by Senator Brian Schatz (D-HI) if there was “a rebellion somewhere in the United States,” he answered simply, “I think there’s definitely some frustrated folks out there.” Alvarez and Bertrand note that Defense Secretary Pete Hegseth on Wednesday confirmed what California governor Gavin Newsom has been calling out: that Trump’s Saturday order activating the National Guard was not specific to California. It could apply to other states. “Part of it was about getting ahead of the problem, so that if in other places, if there are other riots, in places where law enforcement officers are threatened, we would have the capability to surge National Guard there, if necessary,” Hegseth said on Wednesday. Earlier this week, Texas announced plans to deploy 5,000 troops, and Dionne Searcey of the New York Times reported today that Missouri’s Republican governor, Mike Kehoe, activated the Missouri National Guard as well. “While other states may wait for chaos to ensue, the State of Missouri is taking a proactive approach in the event that assistance is needed to support local law enforcement in protecting our citizens and communities,” Kehoe said in a press release. It certainly appears as though militarization is no longer about deportations. This morning, Trump posted on social media: “Our great Farmers and people in the Hotel and Leisure business have been stating that our very aggressive policy on immigration is taking very good, long time workers away from them, with those jobs being almost impossible to replace. In many cases the Criminals allowed into our Country by the VERY Stupid Biden Open Borders Policy are applying for those jobs. This is not good. We must protect our Farmers, but get the CRIMINALS OUT OF THE USA. Changes are coming!” This afternoon he told reporters: “Our farmers are being hurt badly by, you know, they have very good workers, they've worked for them for 20 years, they're not citizens, but they've turned out to be, you know, great. And we're going to have to do something about that. We can't take farmers and take all their people and send them back because they don't have maybe what they're supposed to have, maybe not. And you know what's going to happen and what is happening? They get rid of some of the people, because, you know, you go into a farm and you look and people don't, they've been there for 20, 25 years and they've worked great, and the owner of the farm loves them and everything else. And then you're supposed to throw them out, and you know what happens? They end up hiring the people, the criminals that have come in. The murderers from prisons and everything else. So we're gonna have an order on that pretty soon, I think. We can't do that to our farmers and leisure too, hotels. We're gonna have to use a lot of common sense on that.” So if it is no longer administration policy to engage in the sweeps that are causing such chaos and sparking protests, why are Republican authorities mobilizing troops? After today’s events, Representative Jamie Raskin (D-MD), a constitutional scholar, stood in front of the Capitol and reminded Americans: “We have no kings here, we have no queens here, we have no emperors, we have no dictators, we have no despots, and we have no serfs and no slaves and no subjects, and none of us is a subject to Donald Trump. None of us is a subject to Mike Johnson. We are all citizens, those of us who aspire and attain to public office are nothing but the servants of the people. And the minute that somebody in public office thinks that they're a king, they're a queen, they're an emperor, they're a dictator, that is time for the people to evict, eject, reject, impeach, try, convict, and start all over again, because the most important words of our Constitution are the three first words of the Constitution: ‘We the people.’” Tonight, U.S. District Judge Charles R. Breyer ruled that Trump broke the law when he federalized the California National Guard and that he must return those troops to the control of California governor Gavin Newsom. Breyer granted California’s request for a restraining order but delayed enforcement of his order until Friday at noon. Just before midnight Eastern Time, a panel of the 9th Circuit granted a stay that permits Trump to retain control until a June 17 hearing. Tonight, Israel launched what it called “a pre-emptive strike on Iran, and declared a state of emergency in Israel” in anticipation of a retaliatory strike. Secretary of State Marco Rubio, who is also currently Trump’s national security advisor, issued a statement for the White House saying that the U.S. was not involved in the strikes and that “our top priority is protecting American forces in the region.” He urged Iran not to “target U.S. interests or personnel.” — Notes: https://www.cnn.com/2025/06/12/politics/alex-padilla-removed-noem-press-conference https://www.cnn.com/2025/06/12/politics/immigration-protests-military-national-guard https://www.nytimes.com/live/2025/06/12/us/la-protests-trump-marines-ice/missouri-joins-texas-in-assembling-national-guard-troops?smid=url-shar Donald J. Trump, Truth Social post, June 12, 2025, 9:43 a.m. https://apnews.com/article/alex-padilla-democrats-angry-congress-noem-removal-f0f76a2600fbf2fa4b353546db95e028 https://www.bbc.com/news/live/c93ydeqyq71t https://www.cnn.com/2025/06/11/politics/dan-caine-trump-invasion-claim-analysis?cid=ios_app https://thehill.com/homenews/house/5347773-johnson-padilla-press-conference-censure/ https://www.theguardian.com/us-news/2025/jun/12/los-angeles-national-guard-troops-marines-morale X: GovMikeHuckabee/status/1933302492147687876 DHSgov/status/1933236707060822447 WhiteHouse/status/1933328486669697508 Bluesky: justinbaragona.bsky.social/post/3lrgj6ff52s26 davidgura.bsky.social/post/3lrgmenvzgc2v thetnholler.bsky.social/post/3lrgf2wt4kk2y raskin.house.gov/post/3lrgxb6ggbk2a murray.senate.gov/post/3lrh2mn7grk22 atrupar.com/post/3lrdqoddbom2h potustracker.us/post/3lrgk3jugic2h kenklippenstein.bsky.social/post/3lrggy42ve22f justinbaragona.bsky.social/post/3lrgr3flhvk26 kyledcheney.bsky.social/post/3lrhjciqeug2y chrisgeidner.bsky.social/post/3lrhjdt66sk2k Youtube: watch?v=fWZWjf8dF7o Share",,2025-06-12,6,2025,163
May-1-2022,https://heathercoxrichardson.substack.com/p/may-1-2022,1929,123,The boats are going in; the season commences. I’ll see you tomorrow. [Photo by Buddy Poland.] Share,,2022-05-01,5,2022,121
November-25-2024,https://heathercoxrichardson.substack.com/p/november-25-2024,4915,772,"Today, President Joe Biden laid out very clearly the argument behind the economic policies his administration has put into place. “When I took office, the pandemic was raging and the economy was reeling,” he wrote. “From Day One, I was determined to not only deliver economic relief, but to invest in America and grow the economy from the middle out and bottom up, not the top down.” “Over the last four years, that’s exactly what we’ve done,” he wrote. “We passed legislation to rebuild our infrastructure, build a clean energy economy, and bring manufacturing back to the United States after decades of offshoring.” Investing in America included the Bipartisan Infrastructure Law that is rebuilding our roads, bridges, water systems, ports, and airports, as well as making high-speed broadband available in underserved areas; the CHIPS and Science Act that invested in bringing the manufacture of silicon chips back to the U.S. and promoting research; and the Inflation Reduction Act, which invested in technologies to combat climate change. Today the White House announced that this federal investment has attracted more than $1 trillion in private-sector investments. “These investments in industries of the future,” Biden wrote, “are ensuring the future is made in America, by American workers.” He noted that more than 1.6 million construction and manufacturing jobs have been created over the last four years and that “our investments are making America a leader in clean energy and semiconductor technologies that will protect our economic and national security, while expanding opportunities in red states and blue states.” In a White House memo, White House deputy chief of staff Natalie Quillian wrote: “The progress we've made...represents only a fraction of the full impact of this agenda. If future Administrations continue to implement at the pace we have, people across the country will enjoy the benefits of safer water, cleaner air, faster internet, and smoother commutes.” But the incoming Trump administration will advance a different economic vision. Instead of trying to expand the economy through investment in infrastructure and manufacturing, Trump’s team has emphasized cutting taxes for the wealthy and corporations and slashing regulations. The argument behind this approach to the economy is that concentrating wealth in the hands of investors will spur more investment, while creating an environment that’s “friendly” to business will create jobs. Jack Brook of the Associated Press reported that earlier this month, the state of Louisiana illustrated what this policy looks like to ordinary people when it cut income taxes to a flat 3% rate, reducing revenue by about $1.3 billion. They made up that revenue by increasing the sales tax to 5%, thus shifting the burden of taxation to lower- and middle-class families. “Louisiana just became a much more attractive place to do business,” Louisiana economic development secretary Susan Bourgeois told Brook. It is becoming clear what Trump’s economic policy will look like at the national level. Super wealthy donors funded Trump’s 2024 campaign, and in a departure from every previous incoming president, Trump is refusing to sign the documents required as part of a presidential transition at least in part because those documents mandate that he disclose who is funding his transition and limit those donations to $5,000 per donor. Without that disclosure, it is impossible to see who is funding him. For all we know, that list could include foreign governments. As activist Melanie D’Arrigo put it on Bluesky: “‘Secret donations’ are bribes. The hundreds of millions he received from Elon Musk and other billionaires are also bribes. There’s a reason Donald Trump isn’t signing ethics pledges.” Indeed, after his first term, the watchdog organization Citizens for Responsibility and Ethics in Washington concluded that “there is absolutely no doubt that Trump tried at every turn to use the presidency to benefit his bottom line,” and noted that those who spent money at Trump’s properties often received favorable policy decisions from the administration. During the campaign, Trump promised to fight for ordinary Americans, but many of Trump’s picks to fill offices in his administration are notable for their extreme wealth. His pick for treasury secretary is billionaire Scott Bessent, a hedge fund executive who invested money for philanthropist George Soros for more than ten years. To head the Commerce Department, Trump has tapped billionaire Howard Lutnick, the chief executive officer of financial giant Cantor Fitzgerald. Trump’s choice for education secretary, Linda McMahon, and his choice for Interior Secretary, North Dakota governor Doug Burgum, are both billionaires. And then there are the two men Trump tapped for his Department of Government Efficiency. Former pharmaceutical executive Vivek Ramaswamy is worth around a billion dollars, but Elon Musk is usually at the top of the list of the richest people in the world. He’s worth about $332.6 billion. Laura Mannweiler of U.S. News and World Report today estimated the worth of Trump’s current roster of appointees to be at least $344.4 billion, more than the gross domestic product of 169 countries. That number does not include Bessent, whose net worth is hard to find. In comparison, Mannweiler notes, the total net worth of the officials in Biden’s Cabinet was about $118 million. Economist Robert Reich noted yesterday that the wealth of America’s 815 billionaires grew by nearly $280 billion after Trump’s reelection, and the president-elect is promising to extend the 2017 tax cuts that are set to expire in 2025. Now, after all their complaints about the budget deficits under Biden as he invested in the country, Republicans are, according to Andrew Duehren of the New York Times , considering rejiggering the government’s accounting so that extending the tax cuts, which will create about $4 trillion in deficits, shows up as not costing anything. Deregulation, too, is on the agenda. It’s a cause close to the heart of Elon Musk, who frequently complains that unnecessary regulations are making it impossible for visionary entrepreneurs to develop the technological sector as quickly and efficiently as they could otherwise. In the Wall Street Journal yesterday, Susan Pulliam, Emily Glazer, and Becky Peterson noted that although Musk says his goal is to “protect life on Earth,” his companies “show a pattern of breaking environmental rules again and again.” The authors report that Tesla’s facility in Fremont, California, has received “more warnings for violations of air pollution rules over the past five years than almost any other company’s plant in California,” 112 of them. Federal regulators recently fined SpaceX for dumping about 262,000 gallons of wastewater into protected wetlands in Texas. Tesla, too, has dumped contaminated water into public sewer systems. One staffer for environmental compliance told the Environmental Protection Agency that ““Tesla repeatedly asked me to lie to the government so that they could operate without paying for proper environmental controls.” People who have worked with Musk “for years” told Pulliam, Glazer, and Peterson that they expect Musk will try to cut environmental regulations, especially the ones that affect his companies. After Trump announced that he was creating DOGE and putting Musk in charge of it, Musk posted: “We finally have a mandate to delete the mountain of choking regulations that do not serve the greater good.” Musk’s companies have brought in at least $15.4 billion in federal contracts over the past decade, and his companies have been targeted in at least 20 government investigations recently. Eric Lipton, David A. Fahrenthold, Aaron Krolik, and Kristen Grind of the New York Times note that Trump’s victory and his appointment of Musk to an oversight role in the government “essentially give[s] the world’s richest man and a major government contractor the power to regulate the regulators who hold sway over his companies, amounting to a potentially enormous conflict of interest.” Today, Sara Murray, Kristen Holmes, and Kate Sullivan of CNN reported that Trump’s lawyers have conducted an investigation into whether top Trump advisor Boris Epshteyn has been selling access to Trump. Payments for his promotion of candidates for administration positions or access to administration officials were as much as $100,000 a month. The lawyers recommended that the Trump team should jettison Epshteyn, but it has apparently decided not to. “I am honored to work for President Trump and with his team,” Epshteyn said in a statement to CNN. “These fake claims are false and defamatory and will not distract us from Making America Great Again.” Today, special prosecutor Jack Smith moved to drop both federal cases against Trump: the federal election case for his attempt to overturn the results of the 2020 presidential election, and the case concerning Trump’s retention of highly classified documents after he left office in 2021. Trump had said he would break the usual norms around special counsels when he returns to office—Biden retained the special counsel investigating his son, Hunter—and fire Smith. But Smith pointed to the position of the Department of Justice that a sitting president cannot be prosecuted as a reason for the cases’ dismissal. “This outcome is not based on the merits or strength of the case against the defendant,” he wrote. “The Government’s position on the merits of the defendant’s prosecution has not changed.” Smith left open the possibility that the charges could be brought again in the future after Trump leaves office. Trump’s approach to the cases was to delay and delay and delay in hopes voters would return him to the White House, and it appears his strategy worked. As democracy lawyer Marc Elias wrote: “Justice delayed was justice denied.” — Notes: https://www.whitehouse.gov/briefing-room/statements-releases/2024/11/25/statement-from-president-joe-biden-on-1-trillion-in-private-sector-investments-under-the-biden-harris-administration/ https://www.axios.com/2024/11/25/biden-agenda-trump-manufacturing https://www.yahoo.com/news/trump-refuses-disclose-funding-transition-165029331.html https://apnews.com/article/louisiana-tax-reform-special-session-landry-95db6e608809dcdcfae5f5de8b0355d4 https://www.nytimes.com/2024/11/24/us/politics/donald-trump-2024-campaign-transition.html https://www.nytimes.com/2024/11/23/us/politics/trump-tax-cuts-republicans-deficit.html https://www.cnn.com/2024/11/25/business/ceos-react-bessent-trump-treasury-pick/index.html https://www.theguardian.com/us-news/2024/nov/22/scott-bessent-trump-treasury https://www.msnbc.com/opinion/msnbc-opinion/trump-cabinet-commerce-secretary-howard-lutnick-tariffs-rcna181400 https://www.usnews.com/news/national-news/articles/2024-11-25/how-many-billionaires-are-in-trumps-administration-and-what-is-their-worth https://www.forbes.com/sites/alisondurkee/2024/11/22/kelly-loeffler-expected-as-trumps-agricultural-secretary-pick-after-spending-millions-to-help-him-get-elected/ https://www.wsj.com/business/autos/elon-musk-tesla-environment-1263cd60 https://www.cnn.com/2024/11/25/politics/trump-lawyers-investigate-allegations-boris-epshteyn-financial-gain/index.html https://www.cnn.com/2024/11/25/politics/trump-special-counsel-jack-smith/index.html https://storage.courtlistener.com/recap/gov.uscourts.ca11.87822/gov.uscourts.ca11.87822.79.0_1.pdf https://www.citizensforethics.org/reports-investigations/crew-reports/president-trump-legacy-corruption-3700-conflicts-interest/ https://www.nytimes.com/2024/10/20/us/politics/elon-musk-federal-agencies-contracts.html https://www.nytimes.com/2024/11/15/us/politics/boris-epshteyn-trump.html https://www.nytimes.com/2024/11/20/us/politics/rockbridge-trump-vance-wiles.html X: rbreich/status/1860760328369308082 Bluesky: darrigomelanie.bsky.social/post/3lbrmqmu4nc2g marcelias.bsky.social/post/3lbsj6y7u6c2x Share",,2024-11-25,11,2024,330
January-4-2023,https://heathercoxrichardson.substack.com/p/january-4-2023,1860,478,"The Republicans won a narrow majority in the House of Representatives in 2022—aided by gerrymandering and new laws that made it harder to vote—but they remain unable to come together to elect a speaker. In three ballots yesterday, Republican leader Kevin McCarthy (R-CA) could not muster a majority of the House to back him, as a group of 20 far-right Republicans are backing their own choices. The saga continued today with three more ballots; McCarthy still came up short. In contrast, the Democrats have consistently given minority leader Hakeem Jeffries of New York 212 votes, more votes than McCarthy received but not a majority of the body. When former Speaker Nancy Pelosi nominated Jeffries yesterday, she blew him a kiss and the caucus rose up in a standing ovation. Because it is still unorganized, the House technically has no members. No one is sworn in, and so they cannot perform their official duties or hire staff. About 70 new members brought their families to Washington, D.C., to watch their swearing in, and the extra days as the speakership contest drags on are becoming hard to manage. The chaos suggests that Republican leadership does not have the skills it needs to govern. Leaders often have to negotiate in order to take power—Nancy Pelosi had to bring together a number of factions to win the speakership in 2019—but since 1923 those negotiations have been completed before the start of voting. Just weeks ago, McCarthy and his supporters were furious at Senate Republicans for negotiating with their Democratic colleagues to pass the omnibus bill to fund the government, insisting they could do a better job. Now they can’t even agree on a speaker. “Thank God they weren’t in the majority on January 6,” Pelosi told reporters, “because that was the day you had to be organized to stave off what was happening, to save our democracy, to certify the election of the president.” One story here is about competence. Josh Marshall of Talking Points Memo points out that Pelosi ran the House with virtually the same margin the Republicans have now and yet managed to hold her caucus together tightly enough to pass a slate of legislation that rivaled those of the Great Society and the New Deal. McCarthy can’t even organize the House, leaving the United States without a functioning Congress for the first time in a hundred years. But there is a larger story here about the destruction of the traditional Republican Party over the past forty years. In those years, a party that believed the government had a role to play in leveling the country’s economic and racial playing fields was captured by a reactionary right wing determined to uproot any such government action. When voters—including Republicans—continued to support business regulation, a basic social safety net, and civil rights laws, the logical outcome of opposition to such measures was war on the government itself. That war is not limited to the 20 far-right Republicans refusing to elect McCarthy speaker. Pundits note that those 20 have supported former president Trump’s positions, particularly the Big Lie that the 2020 election was stolen. They also worked to overturn the 2020 election, challenging the electors from a number of states. But 139 Republicans, including McCarthy himself, voted in 2021 to challenge electors from a number of states and went on to embrace the Big Lie, and McCarthy’s staunchest supporter is extremist Marjorie Taylor Greene of Georgia. And today, more than 60 prominent right-wing figures, from President Ronald Reagan’s attorney general Edwin Meese III to Trump lawyers Cleta Mitchell and John Eastman, who were both instrumental in the effort to overturn Biden’s election in 2020, and Justice Clarence Thomas’s wife Ginni Thomas, who also participated in that effort, declared themselves “disgusted with the business-as-usual, self-interested governance in Washington.” They declared their support for the 20. The roots of today’s Republican worldview lie in the Reagan Revolution of 1980. Reagan and his allies sought to dismantle the regulation of business and the social welfare state that cost tax dollars, but they recognized those policies were popular. So they fell back on an old Reconstruction era trope, arguing that social welfare programs and regulation were a form of socialism because they cost tax dollars that were paid primarily by white men while their benefits went to poor Americans, primarily Black people or people of color. In that formula, first articulated by former Confederates after the Civil War, minority voting was a form of socialism that would destroy America. When Reagan used this argument, he emphasized its idea of economic individualism over its racism, but that racism was definitely there, and many of his supporters heard it. When he stood about seven miles from Philadelphia, Mississippi, where Ku Klux Klan members had murdered civil rights workers James Chaney, Andrew Goodman, and Michael Schwerner just 16 years before as they tried to register Black people to vote, and said “I believe in states’ rights,” the racist wing of the old Democratic Party knew what he meant and voted for him. In the years since, party leaders cut taxes and deregulated business while rallying voters with warnings that government policies that regulated business, provided a social safety net, or protected civil rights were socialism that redistributed white tax dollars to minorities. In the 1990s, under the leadership of House speaker Newt Gingrich, Chamber of Commerce lawyer Grover Norquist, and talk radio host Rush Limbaugh, the party purged from its ranks traditional Republicans, replacing them with ideological fellow travelers. As their policies threatened to lose voters by concentrating wealth upward and hollowing out the middle class, Republicans increasingly warned that minority voters wanted socialism and were destroying the nation to get it. Trump rode that narrative to power, and now tearing down the current government is the idea that drives the Republican base. Just last night, in his apparent realization that the party is moving beyond him, Trump launched a new attack on Black Georgia election worker Ruby Freeman, falsely accusing her once again of delivering suitcases of fraudulent ballots in the 2020 presidential election to steal victory from him. Trump said he is fighting “the evils and treachery of the Radical Left monsters who want to see America die.” That Republicans now have a wing openly determined to destroy the federal government is not a function of a few outliers who have wormed their way into Congress; it is the logical outcome of this worldview. Lawmakers like Matt Gaetz (R-FL) and Lauren Boebert (R-CO) are clearly enjoying the power they are currently wielding, but their larger project is the one the party has advertised since they were children: stopping the government from any of the actions it has called “Marxist” or “socialist,” burning it all down to make white Americans free. Destruction doesn’t take skill at governance; it only requires obstruction. The 20 are good at that. But a new era is pushing the Reagan era aside. Plenty of Republicans who want to deregulate business and cut taxes recognize that it is our democratic government and the rule of law that protects their investments, and that maintaining the government will take basic laws and the skills to negotiate and pass them. At the same time, after two years of Democratic control, Americans have seen that government can work for them, and they appear to like the new laws that have created jobs—including in manufacturing—and invested in social services and are rebuilding infrastructure. Republicans who want to get reelected are moving away from the extremists to take credit for the laws passed under the Democrats. Just today, Senate minority leader Mitch McConnell of Kentucky, Ohio governor Mike DeWine, and former Ohio senator Rob Portman—all Republicans—joined President Joe Biden, Democratic governor of Kentucky Andy Beshear, and Democratic Ohio senator Sherrod Brown in Covington, Kentucky, to visit the Brent Spence Bridge between Covington and Cincinnati, Ohio. The bridge is on one of the country’s busiest freight corridors and is being rebuilt with money from the bipartisan infrastructure law passed in 2021. In Ohio yesterday, Jason Stephens, a Republican promising to stop far-right policies, joined with Democrats to snatch the speaker’s chair from a far-right Republican who focused on religion and opposing abortion rights and who believed he had sewn up the necessary votes in his party. A Democratic state representative told Morgan Trau of ABC News , “Speaker Stephens led a coalition of moderate lawmakers from across the aisle, who will now focus on delivering the common sense solutions that Ohioans sent us here to deliver…. Now we can work on investing in our communities, on public education and workforce development.” — Notes: Josh Marshall @joshtpm Worth remembering: Nancy Pelosi just ran the House for two years with the exact same margin. She not only easily commanded the Speakership but passed a lot of legislation. Part of this is that the Dems are not the GOP. The radicalism and propensity for parliamentary ... 5:44 PM ∙ Jan 3, 2023 9,946 Likes 1,562 Retweets https://www.vox.com/2021/1/6/22218058/republicans-objections-election-results https://www.nytimes.com/interactive/2021/01/07/us/elections/electoral-college-biden-objectors.html https://www.cnbc.com/2019/01/02/nancy-pelosi-voted-house-speaker-as-democrats-take-majority.html https://www.bostonglobe.com/2023/01/04/nation/there-isnt-any-house-speaker-drama-ripples-throughout-basic-congressional-function/ Lalee Ibssa @LaleeIbssa “None of us has seen anything like this disrespect for the institution in a most cavalier, frivolous way. It’s quite sad,” Pelosi said.

“But let’s be hopeful that in the next day or so as they find their purpose and their unity, they understand why they are here.” 2:35 AM ∙ Jan 5, 2023 10,891 Likes 1,953 Retweets ABC News @ABC Amid multiple failed House speaker votes, former Speaker Nancy Pelosi says ""thank God"" Republicans weren't in the majority on Jan. 6 — ""because that was the day you had to be organized to stave off what was happening."" abcn.ws/3GEAFat 4:47 PM ∙ Jan 4, 2023 10,464 Likes 2,264 Retweets https://www.dallasnews.com/news/politics/2023/01/03/razor-thin-gop-majority-in-congress-rests-on-4-extra-seats-from-texas-gerrymander/ The Tennessee Holler @TheTNHoller PELOSI: “Happily, the honorable Hakeem Jeffries.”

Pelosi graciously votes for Jeffries for speaker and blows him a kiss — gets an ovation. A peaceful transfer of power that must look very foreign to the GOP. 6:32 PM ∙ Jan 3, 2023 14,142 Likes 2,461 Retweets https://www.msnbc.com/rachel-maddow-show/maddowblog/trumps-offensive-ruby-freeman-reaches-ugly-new-level-rcna64038 https://www.cnn.com/2023/01/04/politics/biden-kentucky-infrastructure-wednesday/index.html https://conservativeactionproject.com/conservatives-call-for-new-house-leadership/ https://www.news5cleveland.com/news/politics/ohio-politics/moderate-republican-jason-stephens-snatches-ohio-house-speaker-position-in-surprise-upset Share",,2023-01-04,1,2023,4
June-4-2020,https://heathercoxrichardson.substack.com/p/june-4-2020,411,0,"The large picture today is of a president increasingly isolated as protests increase and establishment figures turn against him and the politics he represents. That large picture is made up of many individual moments. Protests continued for a tenth day today in the face of ongoing police brutality. That statement is going to anger some readers, but hoo, boy, the images of the police attacking peaceful protesters and journalists are going to be in textbooks in a few years, and our great grandchildren are going to ask how on earth this happened. Confusion over who the troops in Washington, D.C. actually are turned into anger today. The mayor of the city, Mayor Muriel E. Bowser, rejected the White House push to take control of D.C. police, and did not request any help from outside the city. Nonetheless, the streets have been full of men in unidentifiable uniforms without name tags, both customary on military personnel. Speaker of the House Nancy Pelosi demanded from Trump “a full list of the agencies involved and clarifications of the roles and responsibilities of the troops and federal law enforcement resources operating in the city. Congress and the American people need to know who is in charge, what is the chain of command, what is the mission, and by what authority is the National Guard from other states operating in the capital.” Contrary to reports from those present, Attorney General William Barr said today that the protesters in Lafayette Square on Monday whom police cleared out with tear gas and rubber bullets were violent, and that officials “could not continue to protect” federal property. Barr was, perhaps, responding to a tweet from Richard W. Painter, the chief White House ethics lawyer in the George W. Bush administration. On Tuesday, Painter tweeted “Attorney General Barr personally ordered an attack on peaceful people in the courtyard of a church. He should be impeached and removed from office immediately for that and everything else he has done to destroy the rule of law in America.” There are also small—very small-- cracks in Trump’s Republican support in Congress. Lisa Murkowski (R-AK) praised General James Mattis’s statement opposing Trump and said she is not sure she’ll vote for the president's reelection in the fall. “I think there are… important conversations that we need to have as an American people amongst ourselves about where we are right now,"" she said. Trump immediately vowed he would work to unseat her when her term is up in 2022. The Senate Intelligence Committee approved a measure that would require presidential campaigns to report to federal authorities any offers made by foreign individuals to influence elections, including campaign donations or coordination with a campaign. Senator Marco Rubio (R-FL) is following Senator Richard Burr (R-NC) in his deep concern over foreign attacks on our elections. The bill passed thanks to Democrats and the crossover vote of Senator Susan Collins (R-ME), but Senate Republicans plan to defeat this provision when it comes to the floor of the Senate. And Senator Chuck Grassley (R-IA), has said he will block two of Trump’s appointees from nomination until the president adequately addresses his removal of the inspectors general of the Intelligence Community and the State Department. The White House has refused to account for those firings, instead reiterating that the president has the authority to fire the men. Notably, though, the stalled nominations were for the undersecretary for arms control and international security at the State Department and the director of the National Counterterrorism Center, important positions both, but probably nothing that will badly hamper the president. If Grassley had wanted the threat to have teeth, he could have put a hold on judicial appointments, which Majority Leader Mitch McConnell has continued to push through at a cracking pace even during this crisis week in American history. Trump is literally behind a wall, now, as officials have ordered the White House compound barricaded behind fences, and metal enclosures as if it were a military base. The Washington Post wrote: ""The White House is now so heavily fortified that it resembles the monarchical palaces or authoritarian compounds of regimes in faraway lands — strikingly incongruous with the historic role of the executive mansion at 1600 Pennsylvania Ave. NW, which since its cornerstone was laid in 1792 has been known as the People’s House and celebrated as an accessible symbol of American democracy.” The Secret Service says the changes are in effect only until June 10. —- Notes: Pelosi letter: https://www.speaker.gov/sites/speaker.house.gov/files/06.04.2020.Letter%20to%20President%20Trump_2.pdf Barr: https://www.usatoday.com/story/news/politics/2020/06/04/george-floyd-ag-bill-barr-defends-clearing-protest-near-white-house/3143726001/ Barr gave the order: https://www.washingtonpost.com/politics/barr-personally-ordered-removal-of-protesters-near-white-house-leading-to-use-of-force-against-largely-peaceful-crowd/2020/06/02/0ca2417c-a4d5-11ea-b473-04905b1af82b_story.html Painter: Richard W. Painter @RWPUSA Attorney General Barr personally ordered an attack by armed federal officers on peaceful people in the courtyard of a church.  He should be impeached and removed from office immediately for that and everything else he has done to destroy the rule of law in America. 10:40 PM ∙ Jun 2, 2020 13,508 Likes 5,131 Retweets White House wall: https://www.washingtonpost.com/politics/with-his-white-house-effectively-a-fortress-trump-sees-strength--but-others-see-weakness/2020/06/04/3c70fa26-a672-11ea-b619-3f9133bbb482_story.html Senate intelligence committee vote: https://www.cnn.com/2020/06/03/politics/senate-intelligence-committee-reporting-foreign-election-help/index.html Grassley: https://www.cnn.com/2020/06/04/politics/grassley-block-trump-nominees/index.html McConnell: https://americanindependent.com/mitch-mcconnell-judges-confirmations-senate-donald-trump-police-violence-coronavirus-gop/",,2020-06-04,6,2020,156
January-25-2025,https://heathercoxrichardson.substack.com/p/january-25-2025,7022,994,"We have all earned a break for this week, but as some of you have heard me say, I write these letters with an eye to what a graduate student will need to know in 150 years. Two things from last night belong in the record of this time, not least because they illustrate President Donald Trump’s deliberate demonstration of dominance over Republican lawmakers. Last night the Senate confirmed former Fox News Channel weekend host Pete Hegseth as the defense secretary of the United States of America. As Tom Bowman of NPR notes, since Congress created the position in 1947, in the wake of World War II, every person who has held it has come from a senior position in elected office, industry, or the military. Hegseth has been accused of financial mismanagement at the small nonprofits he directed, has demonstrated alcohol abuse, and paid $50,000 to a woman who accused him of sexual assault as part of a nondisclosure agreement. He has experience primarily on the Fox News Channel, where his attacks on “woke” caught Trump’s eye. The secretary of defense oversees an organization of almost 3 million people and a budget of more than $800 billion, as well as advising the president and working with both allies and rivals around the globe to prevent war. It should go without saying that a candidate like Hegseth could never have been nominated, let alone confirmed, under any other president. But Republicans caved, even on this most vital position for the American people's safety. The chair of the Senate Armed Services Committee, Roger Wicker (R-MS), tried to spin Hegseth’s lack of relevant experience as a plus: “We must not underestimate the importance of having a top-shelf communicator as secretary of defense. Other than the president, no official plays a larger role in telling the men and women in uniform, the Congress and the public about the threats we face and the need for a peace-through-strength defense policy.” Vice President J.D. Vance had to break a 50–50 tie to confirm Hegseth, as Republican senators Lisa Murkowski of Alaska, Susan Collins of Maine, and Mitch McConnell of Kentucky joined all the Democrats and Independents in voting no. Hegseth was sworn in early this morning. That timing mattered. As MSNBC host Rachel Maddow noted, as soon as Senator Joni Ernst (R-IA), whose “yes” was secured only through an intense pressure campaign, had voted in favor, President Trump informed at least 15 independent inspectors general of U.S. government departments that they were fired, including, as David Nakamura, Lisa Rein, and Matt Viser of the Washington Post noted, those from “the departments of Defense, State, Transportation, Labor, Health and Human Services, Veterans Affairs, Housing and Urban Development, Interior, Energy, Commerce, and Agriculture, as well as the Environmental Protection Agency, Small Business Administration and the Social Security Administration.” Most were Trump’s own appointees from his first term, put in when he purged the inspectors general more gradually after his first impeachment. Project 2025 called for the removal of the inspectors general. Just a week ago Ernst and her fellow Iowa Republican senator Chuck Grassley co-founded a bipartisan caucus—the Inspector General Caucus—to support those inspectors general. Grassley told Politico in November that he intends to defend the inspectors general. Congress passed a law in 1978 to create inspectors general in 12 government departments. According to Jen Kirby, who explained inspectors general for Vox in 2020, a movement to combat waste in government had been building for a while, and the fraud and misuse of offices in the administration of President Richard M. Nixon made it clear that such protections were necessary. Essentially, inspectors general are watchdogs, keeping Congress informed of what’s going on within departments. Kirby notes that when he took office in 1981, President Ronald Reagan promptly fired all the inspectors general, claiming he wanted to appoint his own people. Congress members of both parties pushed back, and Reagan rehired at least five of those he had fired. George H.W. Bush also tried to fire the inspectors general but backed down when Congress backed up their protests that they must be independent. In 2008, Congress expanded the law by creating the Council of Inspectors General on Integrity and Efficiency. By 2010 that council covered 68 offices. During his first term, in the wake of his first impeachment, Trump fired at least five inspectors general he considered disloyal to him, and in 2022, Congress amended the law to require any president who sought to get rid of an inspector general to “communicate in writing the reasons for any such removal or transfer to both Houses of Congress, not later than 30 days before the removal or transfer.” Congress called the law the “Securing Inspector General Independence Act of 2022.” The chair of the Council of Inspectors General on Integrity and Efficiency, Hannibal “Mike” Ware, responded immediately to the information that Trump wanted to fire inspectors general. Ware recommended that Director of Presidential Personnel Sergio Gor, who had sent the email firing the inspectors general, “reach out to White House Counsel to discuss your intended course of action. At this point, we do not believe the actions taken are legally sufficient to dismiss” the inspectors general, because of the requirements of the 2022 law. This evening, Nakamura, Rein, and Viser reported in the Washington Post that Democrats are outraged at the illegal firings and even some Republicans are expressing concern and have asked the White House for an explanation. For his part, Trump said, incorrectly, that firing inspectors general is “a very standard thing to do.” Several of the inspectors general Trump tried to fire are standing firm on the illegality of the order and plan to show up to work on Monday. The framers of the Constitution designed impeachment to enable Congress to remove a chief executive who deliberately breaks the law, believing that the determination of senators to hold onto their own power would keep them from allowing a president to seize more than the Constitution had assigned him. In Federalist No. 69, Alexander Hamilton tried to reassure those nervous about the centralization of power in the new Constitution that no man could ever become a dictator because unlike a king, “The President of the United States would be liable to be impeached, tried, and, upon conviction of treason, bribery, or other high crimes or misdemeanors, removed from office; and would afterwards be liable to prosecution and punishment in the ordinary course of law.” But the framers did not anticipate the rise of political parties. Partisanship would push politicians to put party over country and eventually would induce even senators to bow to a rogue president. MAGA Senator John Barrasso of Wyoming told the Fox News Channel today that he is unconcerned about Trump’s breaking the law written just two years ago. “Well, sometimes inspector generals don't do the job that they are supposed to do. Some of them deserve to be fired, and the president is gonna make wise decisions on those.” There is one more story you’ll be hearing more about from me going forward, but it is important enough to call out tonight because it indicates an important shift in American politics. In an Associated Press/NORC poll released yesterday, only 12% of those polled thought the president relying on billionaires for policy advice is a good thing. Even among Republicans, only 20% think it’s a good thing. Since the very earliest days of the United States, class was a central lens through which Americans interpreted politics. And yet, in the 1960s, politicians began to focus on race and gender, and we talked very little about class. Now, with Trump embracing the world’s richest man, who invested more than $250 million in his election, and with Trump making it clear through the arrangement of the seating at his inauguration that he is elevating the interests of billionaires to the top of his agenda, class appears to be back on the table. — Notes: https://www.washingtonpost.com/politics/2025/01/24/trump-fire-inspectors-general-federal-agencies/ https://www.congress.gov/bill/95th-congress/house-bill/8588 https://www.vox.com/2020/5/28/21265799/inspectors-general-trump-linick-atkinson https://www.law.cornell.edu/uscode/text/5/403 https://www.npr.org/2025/01/24/nx-s1-5272854/trump-cabinet-picks-pete-hegseth-senate-confirmation-vote https://avalon.law.yale.edu/18th_century/fed69.asp https://www.nytimes.com/2025/01/24/us/politics/trump-fires-inspectors-general.html https://www.govexec.com/oversight/2025/01/inspectors-general-have-new-bipartisan-caucus-senate/402256/ https://www.politico.com/news/2024/11/25/trump-inspectors-general-watchdogs-00191381 https://www.newyorker.com/news/the-lede/the-pressure-campaign-to-get-pete-hegseth-confirmed-as-defense-secretary https://apnorc.org/projects/although-support-for-doge-is-mixed-a-majority-believe-corruption-inefficiency-and-red-tape-are-major-problems/ https://talkingpointsmemo.com/edblog/new-poll-recommends-eating-the-billionaires https://www.washingtonpost.com/politics/2025/01/24/trump-fire-inspectors-general-federal-agencies/ Bluesky: macfarlanenews.bsky.social/post/3lgl4v3bzok2r atrupar.com/post/3lgljigrlc32e maddow.msnbc.com/post/3lglkcliga22f Share",,2025-01-25,1,2025,25
March-14-2022,https://heathercoxrichardson.substack.com/p/march-14-2022,1045,486,"Today, Russia continued its offensive against Ukraine, striking hard at civilians in Kyiv and Mariupol. The Russian army is gaining ground, but it appears to be sustaining massive losses of personnel and equipment which, in turn, is making leaders focus on grinding Ukraine into submission through sheer brutality. House Speaker Nancy Pelosi (D-CA) and Senate Majority Leader Chuck Schumer (D-NY) announced that Ukraine president Volodymyr Zelensky will speak virtually to Congress on Wednesday morning. They said: “The Congress remains unwavering in our commitment to supporting Ukraine as they face [Russian president Vladimir] Putin’s cruel and diabolical aggression, and to passing legislation to cripple and isolate the Russian economy as well as deliver humanitarian, security and economic assistance to Ukraine. We look forward to the privilege of welcoming President Zelenskyy’s address to the House and Senate and to convey our support to the people of Ukraine as they bravely defend democracy.” American focus on the horrors unleashed on Ukraine has clarified our own struggle between democracy and authoritarianism here at home. In the Freedom House 2022 report on the dire threat to global freedom, released last month, authors Sarah Repucci and Amy Slipowitz noted that “democracies are being harmed from within by illiberal forces, including unscrupulous politicians willing to corrupt and shatter the very institutions that brought them to power.” Their primary example was that of the United States, which “has fallen below its traditional peers on key democratic indicators, including [presidential] elections, freedom from improper political influence, and equal treatment of minority groups.” Repucci and Slipowitz explained that in the U.S. and elsewhere, “Undemocratic leaders and their supporters… have worked to reshape or manipulate political systems, in part by playing on voters’ fears of change in their way of life…. They have promoted the idea that, once in power, their responsibility is only to their own demographic or partisan base, disregarding other interests and segments of society and warping the institutions in their care so as to prolong their rule. Along the way, the democratic principles of pluralism, equality, and accountability—as well as basic stewardship and public service—have been lost, endangering the rights and well-being of all residents.” To solidify their hold on power, they have spread distrust in elections, as former president Donald Trump famously did in the 2020 election season even before his loss to Democrat Joe Biden, claiming that he would only lose if there were fraud. National, state, and local officials lined up behind Trump to try to overturn the election results, spreading the Big Lie that Biden’s election was illegitimate. The result was the assault on the U.S. Capitol. That failed, but those who backed it, as Repucci and Slipowitz note, “continue to exert significant influence on the US political system,” while those “who refused to display loyalty to the former leader faced political marginalization, severe intraparty pressure, and outright threats of violence.” They continue to push the lie that the Democrats stole the 2020 election and must be stopped before the 2022 midterms. To that end, after Biden took office, 19 states passed 34 laws restrict­ing access to voting, and six states launched illegitimate partisan reviews of election results. The trend continues: according to the Brennan Center for Justice, an inde­pend­ent, nonpar­tisan law and policy organ­iz­a­tion defending U.S. demo­cracy and justice, as of January 14, 2022, lawmakers in at least 27 states have backed 250 bills with restrict­ive provi­sions. The Big Lie has also led to the replacement of nonpartisan election boards with partisans, changing systems in place for decades. “It is now impossible to ignore the damage to democracy’s foundations and reputation,” Repucci and Slipowitz wrote in February. But now, Putin’s war on Ukraine has clarified the contest between democracy and authoritarianism even as the House Select Committee to Investigate the January 6th Attack on the U.S. Capitol is uncovering just how close we came to our own authoritarian coup. This confluence is uncomfortable for a number of Republicans, who see Putin’s declared support for traditional values and the implicit white supremacy in that support as part of a global conservative movement they like. Since the 1980s, U.S. evangelicals have embraced Russian Orthodox leaders concerned with the falling birthrate of white people. Since at least 2013, when Putin formally began an attack on LGBTQ rights, sparking outrage in liberal democracies, that embrace has become more widespread. With that attack, Putin claimed he was putting Russia at the forefront of conservative opposition to “genderless and fruitless so-called tolerance” which he said “equals good and evil,” goals right-wing Americans applauded. As Putin has come to represent to them an attack on the secular social norms and civil rights embraced by democracies, Republicans have increasingly openly admired his declared stand for “traditional values.” In 2014, shortly after the Ukrainians rose up and ousted Russian-allied president Viktor Yanukovych, who had been installed with the help of American political operative Paul Manafort, Republicans began to back Putin over then-president Barack Obama. Evangelical leader Franklin Graham praised Putin’s attack on gay rights for protecting children from “the damaging effects of any gay and lesbian agenda,” while Obama and his attorney general “have turned their backs on God and His standards, and many in the Congress are following the administration’s lead. This is shameful.” Trump’s pressure to shift U.S. foreign policy away from our traditional democratic allies and toward Russia was almost certainly a reflection of the financial benefits of dealing with oligarchs and illicit money, but others undoubtedly were willing to follow because they believed they were defending “traditional values” and children, especially as stories of pedophilia rings flooded the internet. But now, Putin’s vicious attack on Ukraine has stripped away the unspoken link between “traditional values” and authoritarianism. Some right-wing leaders nonetheless cannot quit him: Fox News personality Tucker Carlson’s monologues are so supportive of Putin they are being replayed on Russian state television, Representative Madison Cawthorn (R-NC) has called Zelensky a thug and says democratic Ukraine is “incredibly evil and has been pushing woke ideologies,” and Representatives Marjorie Taylor Greene (R-GA) and Paul Gosar (R-AZ) were part of a conference in which white nationalists cheered on Putin’s attack on Ukraine and chanted his name. But others recognize that they have been caught on the wrong side of history. According to an Economist/YouGov poll, Americans believe by a margin of 70 to 11 that Putin is committing war crimes. At the same time, the findings of the January 6 committee reveal that the pro-Putin wing of the Republican Party appears to have been willing to overturn our own liberal democracy so long as it could get what it wanted. A tape today revealed that Cawthorn called into a right-wing talk show on January 6th and said he had brought “multiple weapons” with him that day, suggesting he had known what was planned. Also today, Ginni Thomas, the wife of Supreme Court Justice Clarence Thomas, appeared to be trying to get ahead of a story about her participation in the events of January 6 when she told her story to the right-wing Free Beacon. It reported: “She did not help organize the White House rally that preceded the riot at the Capitol. She did attend the rally, but got cold and left early. And most importantly, in her view, her involvement with the event has no bearing on the work of her husband, Supreme Court justice Clarence Thomas.” How will all this play out? Trump’s attorney general William Barr is currently trying to sell his new book on a tour trying to whitewash his own participation in the Big Lie, but while he blamed Trump for trying to overthrow our democracy, he nonetheless suggested he would vote for him if he were the Republican nominee in 2024, “because I believe that the greatest threat to the country is the progressive agenda being pushed by the Democratic Party.” — Notes: Major General (just retired!) Mick Ryan @WarintheFuture 5/25 It is also a strategic risk. Russia has deployed a large proportion of its ground combat power on a single mission that it hoped would be over quickly. This was not a calculated risk by the Russians; it was a gamble. There is a big difference between the two in military ops. 10:34 PM ∙ Mar 14, 2022 805 Likes 89 Retweets https://nymag.com/intelligencer/article/trump-campaign-steal-presidency-timeline.html https://www.brennancenter.org/our-work/research-reports/voting-laws-roundup-december-2021 https://www.washingtonpost.com/nation/2022/03/14/georgia-elections-fraud-purge/ https://www.speaker.gov/newsroom/31422-0 https://www.washingtonblade.com/2013/06/30/vladimir-putin-signs-anti-gay-bill-into-la/ https://www.theguardian.com/world/2013/dec/12/vladimir-putin-defends-russia-anti-gay-conservatism https://www.washingtonpost.com/national/religion/franklin-graham-putin-is-better-on-gay-issues-than-obama/2014/03/14/4997c75e-abb3-11e3-b8ca-197ef3568958_story.html?fbclid=IwAR0lP1ZxCjhAk7yY55GSNyw-jI1TWvlloqzSzQjR1w20x94_Qt4JlKpRy8Q https://today.yougov.com/topics/politics/articles-reports/2022/03/10/americans-reconsider-zelensky-biden-and-putin-war- https://slate.com/news-and-politics/2022/03/tucker-carlson-madison-cawthorn-republicans-ukraine.html https://www.reuters.com/world/us/ukraine-war-becomes-cudgel-republican-partys-internal-conflict-2022-03-13/ Katie S. Phang @KatiePhang Hmm...how did Madison Cawthorn know that there would be the need for weapons on January 6? PatriotTakes 🇺🇸 @patriottakes Unearthed: Madison Cawthorn called into the Charlie Kirk show during the January 6th attack and said he used his wheelchair to transport “multiple weapons” ahead of the Capitol riot and armed those around him. https://t.co/AoQDaqSDjs 3:54 PM ∙ Mar 14, 2022 7,534 Likes 2,014 Retweets https://www.washingtonpost.com/politics/2022/03/14/ginni-thomas-jan-6-rally-capitol-attack/ https://www.rollingstone.com/politics/politics-news/william-barr-book-voting-trump-2024-1317548/ https://freedomhouse.org/report/freedom-world/2022/global-expansion-authoritarian-rule Share",,2022-03-14,3,2022,73
June-5-2020,https://heathercoxrichardson.substack.com/p/june-5-2020,559,0,"Today marks the end of a momentous week in American history. The president has not changed over the course of the week: he is still dismantling checks and balances in favor of his own power. With the help of Attorney General William Barr, he has taken control of the law enforcement teams that make up about 132,000 federal law enforcement officers and, taking advantage of the fact that Washington, D. C., is not a state, has turned nearly 3000 members of those forces loose on the protesters in the capital to join the 4000 others there from different forces. About half of the federal officers come from the FBI, ATF, Secret Service, DEA, and CBP; others come from 80 other, smaller, forces, and answer to the executive branch of the government. While we have all been paying attention to the crisis in the streets of Washington, D.C., Trump yesterday signed an executive order permitting government agencies to waive environmental laws in order to speed up approval for development, citing an economic “emergency” caused by the pandemic. This follows an executive order from two weeks ago, telling agencies they can simply ignore regulations they believe burden the economy. His executive orders override Congressional legislation, and will likely not stand in court, but for now, anyway, reinforce his emphasis on turning the country over to businessmen. “This is a huge win for pro-growth policies,” said David McIntosh, president of the anti-regulation Club for Growth. That focus on the economy showed as well today in Trump’s triumphant focus on a better jobs report for May than economists had expected. The report showed an unemployment rate of 13.3%, although it had been expected to come in about six points higher. Even with those gains, the US has one of the highest unemployment rates in the world, according to Josh Lipsky of the Atlantic Council. And there is a problem with the report’s numbers, noted on the report itself. Because there was a “misclassification error”—people furloughed because of the pandemic did not get counted as unemployed-- the numbers are about 3 percentage points low, putting the real unemployment rate at about 16.3%. Still, in his meandering speech about the numbers, Trump reiterated that a strong economy was key to equality in America. He then talked about the protests and said that Black Americans must get fair treatment from law enforcement. He said, “Hopefully George is looking down right now and saying, “This is a great thing that’s happening for our country.” This is a great day for him. It’s a great day for everybody. This is a great day for everybody. This is a great, great day in terms of equality. It’s really what our Constitution requires and it’s what our country is all about.” Trump’s key supporters in Congress haven’t changed: they are still using governmental machinery to smear Trump’s opponents. The Senate Judiciary Committee has launched a probe into the origins of the Russia investigation, and yesterday, Chair Lindsey Graham (R-SC) sought to get authorization for subpoenas for more than 50 individuals. Graham is up for election and, with challenger Jaime Harrison collecting more campaign money than Graham, is looking to solidify his standing with Trump’s base. Graham was forced to postpone the vote, though, after a fight broke out. Senator Ben Sasse (R-Neb) called out the hearings for the campaign propaganda they are. ""Can we get a sense of how long we're going to be here? ... With all due respect, I don't think anybody in private ever disagrees with me when I say that it's bullshit the way people grandstand for cameras in here. The reality is if we didn’t have cameras in this room, the discussion would be different,” he said. The Chair of the Senate Homeland Security and Governmental Affairs Committee, Ron Johnson (R-WI) had better luck: he got the subpoena power he wanted for his version of the same investigation. (Johnson is one of the Republican lawmakers who spent July 4, 2018 in Russia.) Trump’s key supporters on the ground haven’t changed: they continue to support the president and the use of force against protesters. After two Buffalo, New York police officers on the force’s emergency response team were suspended for pushing a 75-year-old man backward onto a sidewalk, where he hit his head and lay bleeding and unconscious as they walked on by, 57 of their colleagues resigned from the team (although not from the force, where they remain employed). They resigned “in disgust because of the treatment of two of their members, who were simply executing orders,” said John Evans, the president of the Buffalo Police Benevolent Association. The National Guard troops in Washington appear all to have been sent by Republican governors: Utah, South Carolina, Tennessee, Missouri, Maryland, and Florida. Governors in New York, Pennsylvania, Delaware, and Virginia—all Democrats-- have refused to send troops. What has changed this week is that there are critical numbers of Americans, including those who control the military, publicly rejecting Trump and his version of America. Crucially, the week saw military leaders taking a firm stand that they would not permit military personnel to be used against Americans. This is a huge deal, putting to rest any thought that Trump could rally the military to his standard. Over the course of the week, more and more former officers declared their support for equal rights and the Constitution, to which they swore an oath, and opposed Trump’s suggestion that he would call soldiers to put down protesters. Today, 89 former defense officials added their voices with an op-ed in the Washington Post echoing their colleagues, but going further to note: “We are alarmed at how the president is betraying” his oath to the Constitution. Without consulting the president, the Pentagon today disarmed the federalized National Guard troops in Washington and sent back to their bases the regular troops that had been moved to the city. Today, the Marines directed their corps commanders to “identify, and remove the display of the Confederate battle flag or its depiction within work places, common-access areas, and public areas on their installations.” The order is to “support our core values, ensure unit cohesion and security, and preserve good order and discipline.” Washington, D.C., Mayor Muriel Bowser ended the state of emergency in the city and formally asked Trump to withdraw all extraordinary federal law enforcement and military presence from Washington, D.C. In Denver, a federal court issued a restraining order against Denver Police prohibiting them from using chemicals and projectiles against peaceful protesters. A poll from early this week found that 64% of American adults were “sympathetic to people who are out protesting right now,” while 27% said they disapproved, and 9% said they weren’t sure what they thought. For ten days, now, Americans have filled the streets of cities and towns across the country, their anger over the death of George Floyd under the knee of a casual murderer in a blue uniform growing into a larger rejection of an America where white and might make right. Today, Trump visited the state of Maine, where he was greeted with a message from the editorial board of the Portland Press Herald . The headline read: “To President Trump: You should resign now.” —- Notes: https://www.washingtonpost.com/climate-environment/2020/06/04/trump-sign-order-waive-environmental-reviews-key-projects/ https://www.washingtonpost.com/climate-environment/citing-an-economic-emergency-trump-directs-agencies-across-government-to-waive-federal-regulations/2020/06/05/6a23546c-a0fc-11ea-b5c9-570a91917d8d_story.html Police: https://www.politico.com/news/magazine/2020/06/05/protests-washington-dc-federal-agents-law-enforcement-302551 Economic news: https://www.independent.co.uk/news/world/americas/us-politics/trump-george-floyd-press-conference-today-job-numbers-a9551426.html https://www.washingtonpost.com/business/2020/06/05/may-2020-jobs-report-misclassification-error/ Bowser: Mayor Muriel Bowser @MayorBowser I request that @realDonaldTrump withdraw all extraordinary federal law enforcement and military presence from our city. 1:19 PM ∙ Jun 5, 2020 90,346 Likes 26,296 Retweets Johnson: https://www.rollcall.com/2018/07/09/after-moscow-trip-ron-johnson-says-election-meddling-overblown/ Buffalo: https://www.cnn.com/2020/06/05/us/buffalo-police-suspension-shoving-man-trnd/index.html National guard: https://talkingpointsmemo.com/edblog/on-troop-movements-in-dc-and-the-rush-for-trump-loyalty Investigations: https://thehill.com/homenews/senate/501134-graham-postpones-russia-probe-subpoena-vote-as-tensions-boil-over Harrison: https://www.cnbc.com/2020/04/20/south-carolina-senate-race-jaime-harrison-gains-bundlers-in-race-against-lindsey-graham.html Graham and base: https://www.cnn.com/2020/06/04/politics/lindsey-graham-james-mattis/index.html Trump, Floyd: https://factcheck.thedispatch.com/p/did-trump-say-he-hoped-george-floyd Defense officials: https://www.washingtonpost.com/opinions/2020/06/05/89-former-defense-officials-military-must-never-be-used-violate-constitutional-rights/ Denver: Allison Sherry @allisonsherry BREAKING: Federal court just issued restraining order against Denver Police Department in using chemicals and projectiles in peaceful protests. 3:42 AM ∙ Jun 6, 2020 14,866 Likes 4,548 Retweets Marines: https://www.marines.mil/News/Messages/Messages-Display/Article/2210513/removal-public-displays-of-the-confederate-battle-flag/ https://www.washingtonpost.com/national-security/pentagon-disarms-guardsmen-in-washington-dc-in-signal-of-de-escalation/2020/06/05/324da91a-a733-11ea-8681-7d471bf20207_story.html Poll: https://www.reuters.com/article/us-minneapolis-police-poll-exclusive/exclusive-most-americans-sympathize-with-protests-disapprove-of-trumps-response-reuters-ipsos-idUSKBN239347 Portland Press Herald: https://www.msnbc.com/rachel-maddow-show/newspaper-editorial-board-tells-trump-resign-now-n1225751",,2020-06-05,6,2020,157
December-22-2021,https://heathercoxrichardson.substack.com/p/december-22-2021,884,425,"Year-end accounts of the U.S. economy are very strong indeed. According to Bloomberg and the Wall Street Journal —which are certainly not giddy media outlets—U.S. economic output has jumped more than 7% in the last three months of 2021. Overall growth for 2021 should be about 6%, and economists predict growth of around 4% in 2022—the highest numbers the U.S. has seen in decades. China’s growth in the same period will be 4%, and the eurozone (which is made up of the member countries of the European Union that use the euro) will grow at 2%. The U.S. is “outperforming the world by the biggest margin in the 21st century,” wrote Matthew A. Winkler in Bloomberg , “and with good reason: America’s economy improved more in Joe Biden’s first 12 months than any president during the past 50 years….” In February, Biden’s first month in office, the jobless rate was 6.2%; today it has dropped to 4.2%. This means the Biden administration has created 4.1 million jobs, more than were created in the 12 years of the Trump and George W. Bush administrations combined. Wages in America are growing at about 4% a year, compared with less than 1% a year in the eurozone, as worker shortages and strikes at places like Deere & Co. (which makes John Deere products) and Kellogg’s are pushing wages up and as states increase minimum wages. The American Rescue Plan, passed by Democrats in March without a single Republican vote, cut child poverty in half by putting $66 billion into 36 million households. More than 4.6 million Americans who were not previously insured have gotten healthcare coverage through the Affordable Care Act, bringing the total covered to a record 13.6 million. When Biden took office, about 46% of schools were open; currently the rate is 99%. In November, Congress passed a $1.2 trillion infrastructure bill that will repair bridges and roads and get broadband to places that still don’t have it. Support for consumers has bolstered U.S. companies, which are showing profit margins higher than they have been since 1950, at 15%. Companies have reduced their debt, which has translated to a strong stock market. The American economy is the strongest it’s been in decades, with the U.S. leading the world in economic growth…so why on earth do 54% of Americans disapprove of Biden’s handling of the economy (according to a CNN/SSRS poll released yesterday)? That disapproval comes partly from inflation, which in November was at 6.8%, the highest in 39 years, but inflation is high around the world as we adjust to post-pandemic reopening. Gas prices, which created an outcry a few weeks ago, have come down significantly. Patrick De Haan, an oil and refined products analyst at GasBuddy, an app to find cheap gas prices, tweeted today that average gas prices have fallen under $3 a gallon in 12 states and that in 36 U.S. cities, prices have fallen by more than $0.25 a gallon in the past 30 days. Falling prices reflect skyrocketing gasoline inventories. Respondents also said they were upset by disruptions in the supply chain. But in fact, the much-hyped fear that supply chain crunches would keep packages from being delivered on time for the holidays has proved to be misguided: 99% of packages are arriving on time. This is a significant improvement over 2020, and even over 2019. It reflects that companies have built more warehouse space and expanded delivery hours, that people have shopped early this year, and that buyers are venturing back into stores rather than relying on online shopping. What it does not reflect is a weakened retail market. Major ports in the U.S. will process almost one-fifth more containers in terms of volume than they did in 2019. Container traffic at European ports has stayed flat or declined. Consumer goods are flying off the shelves at a rate about 45% higher than they did in 2018: it looks like Americans will spend about 11.5% more in this holiday season than they did in 2020. Indeed, according to Tom Fairless in the Wall Street Journal , American consumer demand was the key factor in the global supply chain bottlenecks in the first place. And yet 63% of the poll’s respondents to the CNN/SSRS poll said that the nation's economy is in poor shape. And here’s why: 57% of them say that the economic news they've heard lately has been mostly bad. Only 19% say they are hearing mostly good news about the economy. How people think about the country depends on the stories they hear about it. Those maintaining the Big Lie that Trump won the 2020 election know that principle very well. Yesterday, former national security advisor Michael Flynn filed a request for a restraining order against House Speaker Nancy Pelosi (D-CA) and a temporary injunction against a subpoena from the House Select Committee to Investigate the January 6th Attack on the U.S. Capitol. Today, U.S. District Judge Mary Scriven of Tampa denied Flynn’s request, noting that his lawyers had not followed correct procedure. On Twitter today, legal analyst Teri Kanefield pointed out that, like so many others launched by Trump loyalists, Flynn’s lawsuit was not an actual legal argument but part of the false narrative that Trump and his loyalists are being persecuted by Democrats, led by House Speaker Nancy Pelosi, who stole the election. That was the strategy behind the sixty or more lawsuits over the election—Trump won only a single minor one—and behind the continuing demands of Trump loyalists to relitigate the 2020 election. They have produced no evidence of the rampant fraud they allege, but the constant demand that election officials defend the results sows increasing distrust of our democratic system. Douglas Frank, an associate of Trump loyalist and MyPillow founder Mike Lindell, has pressed claims across the country and told the staff of Ohio Secretary of State Frank LaRose, a Republican, that he was launching lawsuits across the country and that LaRose’s office had better cooperate. “I’m warning you that I’ve been going around the country. We’re starting lawsuits everywhere,” Frank said, according to a recording reported on by the Washington Post’s Amy Gardner, Emma Brown, and Josh Dawsey. “And I want you guys to be allies, not opponents. I want to be on your team, and I’m warning you.” Frank has called for “firing squads” for anyone found guilty of “treason,” by turning “a blind eye to the massive election fraud that took place in 2020.” And yet, we continue to learn about the reality of the effort to overturn the election. Today the January 6 committee asked Representative Jim Jordan (R-OH) to provide information about his conversations with Trump on January 6—a topic that has made Jordan noticeably uncomfortable whenever it comes up—as well as any other discussions the two men had about overturning the election results, and whether Trump talked about offering pardons to those involved in the insurrection. In October, Jordan said he would be happy to talk to the committee. Also today, Proud Boy Matthew Greene pleaded guilty to conspiring with others to obstruct law enforcement on January 6 and has agreed to cooperate with law enforcement. His guilty plea and testimony that he helped to program handheld radios for the Proud Boys on January 5 establishes that there was a shared plan and preparation to attack the Capitol. There are signs that some Republicans might want to get out from under whatever might be coming. Representative Tom Rice (R-SC) today said he regrets voting against counting the electoral votes of two states that voted for Biden, although he continued to say there were problems with the election. “In retrospect I should have voted to certify,” Rice told Olivia Beavers of Politico . “Because President Trump was responsible for the attack on the Capitol.” And in a new interview, quite casually, when talking about his border wall rather than about the election itself, Trump himself undercut the Big Lie altogether: “We built almost five hundred miles of wall,” he said, “and had we won the election it would…be completed by now.” — Notes: https://www.nytimes.com/2021/12/22/business/christmas-gifts-delivery-supply-chain.html https://www.politico.com/minutes/congress/12-22-2021/mcconnells-plea/ Kaivan Shroff @KaivanShroff Biden has the best first year economic indicators of any president over the last 4 decades…but the worst first year economic poll ratings of any president over that same period.

Only explanation?

A mainstream media dedicated to pushing false narratives abt this administration. 9:29 PM ∙ Dec 22, 2021 4,249 Likes 1,656 Retweets https://www.wsj.com/articles/booming-u-s-economy-ripples-world-wide-straining-supply-chains-and-driving-up-prices-11640082604 President Biden @POTUS As 2021 draws to a close, I am proud to say that more than 4.6 million Americans have gained health coverage through the Affordable Care Act since I took office. From November 1st to December 15th alone, more than 13.6 million Americans signed up — an all-time high. 3:49 PM ∙ Dec 22, 2021 13,413 Likes 2,263 Retweets https://www.bloomberg.com/opinion/articles/2021-12-20/president-biden-s-economic-performance-has-proved-unbeatable ​ https://www.cnn.com/2021/12/15/politics/cnn-poll-economy/index.html https://www.cnn.com/2021/12/21/politics/joe-biden-jimmy-carter-economic-ratings/index.html Patrick De Haan ⛽️📊 @GasBuddyGuy GasBuddy now counts 12 states with average #gasprices under $3/gal and 36 US cities where prices have fallen by over 25c/gal in the last 30 days 2:45 PM ∙ Dec 22, 2021 5,862 Likes 1,557 Retweets https://www.gasbuddy.com/go/gasoline-inventories-skyrocket-as-oil-inventories-stumble https://www.wsj.com/articles/as-inflation-rises-cost-of-living-raises-gain-popularity-11640092736 https://www.nytimes.com/2021/12/22/upshot/on-more-generous-terms-obamacare-proves-newly-popular.html https://www.pewresearch.org/fact-tank/2021/11/24/inflation-has-risen-around-the-world-but-the-u-s-has-seen-one-of-the-biggest-increases/ https://www.nbcnews.com/politics/congress/judge-denies-michael-flynn-s-request-restraining-order-against-jan-n1286507 https://talkingpointsmemo.com/muckraker/jim-jordan-jan-6-committee-letter Teri Kanefield @Teri_Kanefield There is a Twitter consensus that the purpose of all these lawsuits (like the one Flynn filed seeking an injunction against the select committee) is to ""run out the clock.""

This makes no sense because the clock runs until at least 2024 and the cases are moving quickly.

1/ 2:55 PM ∙ Dec 22, 2021 2,112 Likes 493 Retweets Ron Filipkowski @RonFilipkowski In a new interview, Trump admits he lost the 2020 election. 12:21 AM ∙ Dec 23, 2021 8,718 Likes 2,883 Retweets https://www.washingtonpost.com/politics/trump-election-officials-pressure-campaign/2021/12/22/8a0b0788-5d26-11ec-ae5b-5002292337c7_story.html https://www.washingtonpost.com/dc-md-va/2021/12/22/matthew-greene-proud-boy/ Share",,2021-12-22,12,2021,356
July-20-2023,https://heathercoxrichardson.substack.com/p/july-20-2023,2194,449,"Russian president Vladimir Putin’s decision not to attend the BRICS summit in Johannesburg, South Africa, illustrates how fully his 2022 invasion of Ukraine has made him an international pariah. BRICS is an organization made up of Brazil, Russia, India, China, and South Africa, all considered fast-growing economies that would dominate the global economy by 2050 at the time it began to organize in 2006. A lot has changed since then. Because the International Criminal Court (ICC) has issued an arrest warrant for Putin for war crimes, specifically his regime’s deportation of Ukrainian children to Russia, he was at risk of arrest and extradition if he went to South Africa. Although that country has maintained neutrality in the war, it signed on to the treaty governing the ICC and thus has an obligation to arrest and surrender those under indictment by the ICC. After much speculation about whether he would attend the summit while he pressured South African president Cyril Ramaphosa to agree not to arrest him, yesterday Putin announced that by “mutual agreement” with Ramaphosa, he will not attend and Russian foreign minister Sergey Lavrov will go in his place. Alexandra Sharp of Foreign Policy noted that his inability to attend the summit shows how his position as an accused war criminal has isolated Putin and “highlights just how much the Russian leader’s global standing has changed thanks to his war on Ukraine.” Also yesterday, the U.S. Department of Defense announced another security assistance package for Ukraine, worth $1.3 billion and including surface to air missile systems, mine-clearing equipment, fuel trucks, and tactical vehicles to tow, haul, and recover equipment. That matériel will take time to provide, but much of it signals an army retaking territory. As if to demonstrate what power he has left, Putin’s forces attacked the key Ukrainian shipping ports of Mykolaiv and Odesa, destroying 60,000 tons of grain that Ukraine president Volodymyr Zelensky said was destined for Africa and Asia, including China. Then Putin announced that he was ending Russian participation in the Black Sea Grain Initiative as of July 20 and would consider any ships that sailed to or from Ukraine’s ports on the Black Sea a “Hostile Military Transport.” Putin’s declaration that he might target the civilian ships of foreign powers threatened to escalate the war, but he quickly backed down on that threat today. Russia’s ambassador to the U.S. said Russia is not preparing to attack civilian ships. The Black Sea grain deal, which facilitates the export of Ukrainian grain to the world market so long as the ships travel in certain channels, already gave Russia more influence over international shipping than its 10% of the Black Sea coastline warranted. And, to maintain that control, Russia planted sea mines in the waters around Ukrainian ports outside the safe channels. Now the White House has warned that U.S. officials have information that Russia has added more mines in those waters with the intention of blaming Ukraine if those mines cause damage to foreign ships. There are (at least) three key aspects of this announcement. First, Putin is threatening vulnerable countries with starvation and trying to jack up grain prices around the world, which will hit all countries but primarily poorer ones. The United Kingdom’s permanent representative to the United Nations, Ambassador Barbara Woodward, pointed out that 33 million tons of grain have been exported under the grain deal, and that the primary beneficiaries have been Ethiopia, Yemen, Afghanistan, Turkey, Sudan, Kenya, and Somalia. Second, he was daring the other countries on the Black Sea, three of which belong to the North Atlantic Treaty Organization (NATO), to call his bluff. Third, he is trying to destroy Ukrainian shipping infrastructure to hamstring its post-war future. Odesa is a historic and fabled city; it is also the key to shipping grain out of Ukraine. Capturing it, with its symbolic and practical value, was likely Putin’s primary goal in the first place. His willingness to destroy the city seems to indicate that he has given up on claiming it. In response, Ukrainian forces began to use the so-called cluster munitions the U.S. provided earlier this month, firing the weapons at the Russian troops in Ukraine. Cluster munitions explode over a target, blanketing a large area with deadly smaller munitions. They are banned in more than 120 countries because those smaller munitions often hit the ground unexploded and lie there until civilians run across them, with deadly results. Ukraine, Russia, and the U.S. have not banned the weapons, and Ukraine asked the U.S. to provide them for use within Ukraine, against Russian troops. Biden did so, after months of debate within the White House and strong disagreement from those who want the weapons banned altogether. President Biden eventually decided to send the cluster munitions, apparently in part because the areas of Ukraine where they would be deployed are already uninhabitable because of Russian mines and in part because Ukrainians themselves requested the weapons to throw out the Russian invaders, who have been using cluster munitions against Ukrainian civilians. “Of course it’s a tragedy, but everything right now is a tragedy,” former defense minister of Ukraine Andriy Zagorodnyuk told Josh Kovensky of Talking Points Memo about using the munitions. “So the question is how to end the tragedy and, unfortunately, the only way so far to get peace is to win the peace.” The U.S. Treasury and the U.S. State Department today announced additional sanctions on companies that have given Russia access to products that feed the war, provide revenue from minerals and mining, give it access to the international financial system, or provide military technology. — Notes: https://www.cnn.com/2023/07/19/world/putin-brics-summit-south-africa-intl/index.html https://link.foreignpolicy.com/view/64427b421a7f1f1e29e10678j4o8k.11ju/b0aa6a9e https://www.military.com/daily-news/2023/07/19/us-approves-13-billion-package-of-long-term-military-aid-ukraine.html https://www.reuters.com/world/europe/white-house-russia-may-attack-civilian-shipping-black-sea-2023-07-19/ https://www.theguardian.com/world/2023/jul/19/odesa-suffers-hellish-night-as-russia-attacks-ukraines-grain-facilities https://www.aljazeera.com/news/2023/7/20/at-least-11-hurt-in-russian-raids-on-ukraines-mykolaiv-odesa https://home.treasury.gov/news/press-releases/jy1636 https://www.nytimes.com/2022/08/19/world/europe/odesa-ukraine-putin-russia.html https://www.nytimes.com/2023/07/19/world/europe/odesa-ukraine-war-russia.html https://www.reuters.com/world/europe/russia-has-no-plans-attack-civilian-ships-black-sea-ambassador-2023-07-20/ https://www.reuters.com/world/europe/no-ships-inspected-tuesday-under-ukraine-black-sea-grain-deal-un-2023-04-11/ https://cepa.org/article/time-to-end-russias-black-sea-piracy/ https://www.reuters.com/world/europe/russia-has-no-plans-attack-civilian-ships-black-sea-ambassador-2023-07-20/ https://www.reuters.com/world/europe/russia-warns-ships-black-sea-ukraine-create-temporary-grains-export-route-2023-07-19/ https://www.washingtonpost.com/world/2023/07/20/cluster-munitions-ukraine-war-russia/ https://talkingpointsmemo.com/muckraker/cluster-bombs-what-the-us-debate-looks-like-from-ukraine Twitter: komadovsky/status/1681711912935882762 JuliaDavisNews/status/1681704224504135680 NSC_Spox/status/1680961375164682242 sentdefender/status/1681704119654858752 BWoodward_UN/status/1681676769869414400 Share",,2023-07-20,7,2023,201
June-9-2024,https://heathercoxrichardson.substack.com/p/june-9-2024,3647,700,"Yesterday the Washington Post published an article by Beth Reinhard examining the philosophy and the power of Russell Vought, the hard-right Christian nationalist who is drafting plans for a second Trump term. Vought was the director of the Office of Management and Budget from July 2020 to January 2021 during the Trump administration. In January 2021 he founded the Center for Renewing America, a pro-Trump think tank, and he was a key player in the construction of Project 2025, the plan to gut the nonpartisan federal government and replace it with a dominant president and a team of loyalists who will impose religious rule on the United States. When Republicans took control of the House of Representatives in 2023, Vought advised the far right, calling for draconian cuts to government agencies, student loans, and housing, health care, and food assistance. He called for $2 trillion in cuts to Medicaid over ten years, more than $600 billion in cuts to the Affordable Care Act, more than $400 billion in cuts to food assistance, and so on. Last month the Republican National Committee (RNC), now dominated by Trump loyalists, named Vought policy director of the RNC platform committee, the group that will draft a political platform for the Republicans this year. In 2020 the Republican Party did not write a platform, simply saying that it “enthusiastically” supported Trump and his agenda. With Vought at the head of policy, it is reasonable to think that the party’s 2024 platform will skew toward the policies Vought has advanced elsewhere. Vought argues that the United States is in a “post constitutional moment” that “pays only lip service to the old Constitution.” He attributes that crisis to “the Left,” which he says “quietly adopted a strategy of institutional change,” by which he appears to mean the growth of the federal government to protect individual Americans. He attributes that change to the presidency of President Woodrow Wilson beginning in 1913. Vought calls for what he calls “Radical Constitutionalism” to destroy the power of the modern administrative state and instead elevate the president to supreme authority. There are historical problems with this assessment, not least that it attributes to “the Left” a practical and popular change in the U.S. government to adjust it to the modern industrial world, as if somehow that change was a fringe stealth campaign. While it has been popular among the radical right to bash Democratic president Woodrow Wilson for the 1913 Revenue Act that established the modern income tax, suggesting that it was this moment that began the creation of the modern state, the recasting of government in fact took place under Republican Theodore Roosevelt a decade before Wilson took office, and it was popular without regard to partisanship. The liberalism on which the United States was founded in the late 1700s came from the notion—radical at the time—that individuals have rights and that the government generally must not intrude on those rights. This idea was central to the thinking of the Founders who wrote the Declaration of Independence, who put into the form of a mathematical constant—“we hold these truths to be self-evident”—the idea that “all men are created equal” and that they have the right to “life, liberty, and the pursuit of happiness,” as well as the right to live under a government of their own choosing. To keep the government from crushing those individual rights, the Constitution’s Framers wrote the Bill of Rights. Those first ten amendments to the Constitution hold back the federal government by, among other things, prohibiting Congress from making laws that would establish a national religion or prohibit the free exercise of religion, limit freedom of speech or of the press, or hamper people’s right to assemble peacefully or to petition the government for a redress of grievances. The belief that liberalism depended on a small government dominated the eighteenth and early nineteenth centuries, but the rise of industry in the late nineteenth century shifted the relationship between individuals and the government. Was everyone really equal when industrialists were worth millions and commanded state legislatures and Congress, while workers, consumers, and children had little leverage to protect themselves? The majority of Americans said no, and Theodore Roosevelt agreed. The danger for individuals in their era was not that the government would crush them, but that industrialists would. In order for the government truly to protect the people, Roosevelt argued, it must regulate businesses and support the ability of ordinary Americans to prosper. A true liberal government, one that protected the rights of individuals, must be big enough and strong enough to act as a referee between workers, consumers, and businessmen. Roosevelt actually loathed Wilson, in part because Wilson ran for office in 1912 with the argument that as soon as the government broke up big corporations, the country could revert back to a small government. To Roosevelt, this made no sense. Unless the conditions of the modern economy were changed—and he believed they could not be, because the trend was always toward bigger and bigger enterprises—industry would always concentrate. Only a big government could stop those corporations from taking over the country. Tearing apart the modern state, as those like Vought advocate, would take us back to the world Roosevelt recognized as being antithetical to the rights of individuals promised by the Declaration of Independence. A key argument for a strong administrative state was that it could break the power of a few men to control the nation. It is no accident that those arguing for a return to a system without a strong administrative state are eager to impose their religion on the American majority, who have rejected their principles and policies. Americans support abortion rights, women’s rights, LBGTQ+ rights, minority rights: the equal rights articulated in the Declaration of Independence. And therein lies the second historical problem with Vought’s “Radical Constitutionalism.” James Madison, the key thinker behind the Constitution, explained why a democracy cannot be based on religion. As a young man, Madison had watched officials in his home state of Virginia arrest itinerant preachers for attacking the established church in the state. He was no foe of religion, but by 1773 he had begun to question whether established religion, which was common in the colonies, was good for society. By 1776, many of his broad-thinking neighbors had come to believe that society should “tolerate” different religious practices, but he had moved past tolerance to the belief that men had a right of conscience. In that year, he was instrumental in putting Section 16 into the Virginia Declaration of Rights on which our own Bill of Rights would be based. It reads: “That religion, or the duty which we owe to our Creator, and the manner of discharging it, can be directed only by reason and conviction, not by force or violence; and therefore all men are equally entitled to the free exercise of religion, according to the dictates of conscience; and that it is the mutual duty of all to practice Christian forbearance, love, and charity toward each other.” In 1785, in a “Memorial and Remonstrance against Religious Assessments,” Madison explained that what was at stake was not just religion, but also representative government itself. The establishment of one religion over others attacked a fundamental human right—an unalienable right—of conscience. If lawmakers could destroy the right of freedom of conscience, they could destroy all other unalienable rights. Those in charge of government could throw representative government out the window and make themselves tyrants. Journalist Reinhard points out that Trump strategist Steve Bannon recently praised Vought and his colleagues as “madmen” who are going to destroy the U.S. government. “We’re going to rip and shred the federal government apart, and if you don’t like it, you can lump it,” Bannon said. In July 2022 a jury found Bannon guilty of contempt of Congress for his defiance of a subpoena from the House Select Committee to Investigate the January 6th Attack on the U.S. Capitol, and that October, U.S. District Judge Carl Nichols, a Trump appointee, sentenced him to four months in prison. Bannon fought the conviction, but in May 2024 a federal appeals court upheld it. On June 6, Judge Nichols ordered him to report to prison by July 1. — Notes: https://americanmind.org/salvo/renewing-american-purpose/ https://www.washingtonpost.com/politics/2024/06/08/russ-vought-trump-second-term-radical-constitutional/ https://www.presidency.ucsb.edu/documents/resolution-regarding-the-republican-party-platform https://www.washingtonpost.com/us-policy/2023/02/19/russ-vought-republican-debt-ceiling-strategy/ https://founders.archives.gov/documents/Madison/01-01-02-0027 https://www.archives.gov/founding-docs/virginia-declaration-of-rights https://founders.archives.gov/documents/Madison/01-08-02-0163#JSMN-01-08-02-0163-fn-0014-ptr https://www.politico.com/news/2024/06/06/steve-bannon-prison-jan-6-subpoena-trump-00162065 https://www.politico.com/news/2024/05/10/appeals-court-upholds-steve-bannons-conviction-for-defying-jan-6-probe-00157301 https://abcnews.go.com/US/judge-trump-adviser-steve-bannon-begin-prison-sentence/story?id=110890486 Share",,2024-06-09,6,2024,161
December-16-2019,https://heathercoxrichardson.substack.com/p/december-16-2019,142,0,"There are four big stories for today. Three add up to a single narrative of Trump and his Republican Party in trouble and desperate to stay in power. The fourth—the Washington Post’s crucially important story about the 18-year war in Afghanistan—is just tragic. Trump’s lawyer, and apparently fixer, Rudy Giuliani has been in the news again, first because his “documentary” on the pro-Trump One America News Network accusing Ukraine of interfering in the 2016 elections and attacking the Bidens has played on state television in Russia; and second because investigations into his business dealings show how Trump has been remaking our government along the lines of an oligarchy in which powerful men work to please him in exchange for government favors. On December 9, Josh Kovensky at TalkingPointsMemo revealed how Giuliani was working with Ukrainian oligarchs for access to the president. In the Washington Post today, David Ignatius detailed how Giuliani became the man to see for access to Trump. Foreigners in trouble with the law in America hired Giuliani for huge sums of money to pilot their cases into safer waters; businessmen in Ukraine eager to make corrupt deals in the natural gas industry hired Giuliani to get rid of anti-corruption figures like U.S. Ambassador Marie Yovanovitch. Casey Michel at the New Republic has a similar story today, in which a Ukrainian oligarch offered dirt on Biden in exchange for getting US charges of money laundering against him dropped. (He allegedly used shell companies and real estate purchases to launder hundreds of millions of dollars in the US.) There were suggestions a few weeks ago that Trump might throw Giuliani under the bus, but the opposite has happened. Trump has hosted Giuliani at the White House as recently as last Friday, and a Wall Street Journal article describes Trump talking to Giuliani as soon as he got back from his recent Ukraine trip. According to Giuliani, Trump asked “What did you get?” and Giuliani answered “More than you can imagine.” A New Yorker article by Adam Entous quotes Giuliani as saying that he had, indeed, torpedoed US Ambassador Marie Yovanovitch “because I believed that I needed Yovanovitch out of the way. She was going to make the investigations difficult for everybody.” (This is a major concession.) And today, Trump praised Giuliani as “a great person who loves our country and he does this out of love.” This sort of oligarchic system, in which rich men evade the law by cozying up to the nation’s leader, is what Republican leaders are now stuck trying to defend. As expected, last night’s letter from Senate Minority Leader Chuck Schumer (D-NY) has boxed Republicans into a corner. Schumer’s requests were based on rules the Republicans set during Bill Clinton’s impeachment, and his request for fact witnesses and documents was kind of a no-brainer. So Republicans today have floated the idea that the Senate is simply a jury and that the place for pursuing facts was in the House. If the Democrats missed that opportunity it’s not the Senate’s problem. Law professor and former US Acting Solicitor General Neal Katyal said “The technical legal term to describe this argument is… dumb. It would mean prosecutors could never introduce testimony or evidence that wasn’t presented to the grand jury. McConnell should just say what is really motivating him: he is scared silly of what the witnesses will say.” [I cleaned up the punctuation in Katyal's tweet.] Democrats are talking about passing the articles of impeachment but then simply holding onto them, leaving Trump impeached but not exonerated. This would keep the Senate from whitewashing the Ukraine scandal. It would also drive Trump nuts. We’ll see how that plays out. The Republicans are doubling down on Trump in part because he has solidified his hold on the Republican Party by alienating everyone else. Today’s Republican leaders know they cannot win in a free and fair vote, so they are working to purge Democrats from voter rolls. On Friday, the Atlanta Journal-Constitution revealed that last year’s poll closures in Georgia prevented between 54,000 and 85,000 voters, primarily Democrats, from casting ballots. In last year’s governor’s race, Democrat Stacey Abrams lost to Georgia’s Secretary of State, Republican Brian Kemp, who oversaw the voting procedures. (Kemp was also the only state election official to refuse help from the Department of Homeland Security to protect against Russian cyberattacks in 2016, and when election observers sued to examine the insecure servers for signs of a breach, technicians wiped the servers clean and, two months later, also wiped clean the backup servers.) Abrams lost by just over 50,000 votes. She refused to concede the race, acknowledging that Kemp had won, but maintaining that the election had been tainted. Today, a federal judge in Georgia permitted Georgia to purge more than 313,000 voters, about 4% of the state’s total. Fair Fight, an organization Abrams started to fight voter suppression, asked for an emergency hearing hours before the purge was due to begin. The judge has scheduled the hearing, but is permitting the purge to start with the expectation that people culled from the rolls unjustly can be quickly reinstated. Georgia’s voter purge looks much like what we saw happen on Friday in Wisconsin. In a victory for Republicans, Judge Paul Malloy ordered a purge of more than 234,000 voters from the rolls in Wisconsin, a key state for Trump’s ability to win the Electoral College even if he loses the popular vote. Just as happened in Georgia, conservatives employed a technique known as “voter caging.” They sent out letters to 234,000 voters, primarily in counties that voted for Hillary Clinton in 2016, and if those voters did not return the letter, they were marked as having moved and thus no longer eligible to vote from that location. It’s an old trick. The Wisconsin Elections Commission, which is evenly split between the parties, asked Malloy to put the decision on hold until after the 2020 election, but he declined. The case will be appealed and will go to the Wisconsin Supreme Court, which has a 5-2 split that favors Republicans. There things stand in the impeachment crisis, but I cannot let one other blockbuster story go by. None of us has paid enough attention to last week’s Washington Post story about the war in Afghanistan. Post reporter Craig Whitlock examined documents and interviewed generals both on and off the record to reveal that ""senior U.S. officials failed to tell the truth about the war in Afghanistan throughout the 18-year campaign, making rosy pronouncements they knew to be false and hiding unmistakable evidence the war had become unwinnable.” The parallels to the Pentagon Papers, which indicted political leaders of both parties for misleading the American people about Vietnam, is unmistakable. America has sent more than 775,000 troops to Afghanistan. Twenty-three hundred have died and 20,589 have been wounded in action. More than 64,000 Afghan security forces have died, along with more than 43,000 civilians. More than 5000 aid workers, contractors, coalition troops and journalists have also died. We have spent or appropriated between $934 billion and $978 billion, and that does not include money spent by the Department of Veterans Affairs or the CIA. Observers estimate true numbers closer to $1 trillion dollars. And all, it appears, for naught. I watch news stories like this, and the mounting outrage against Big Pharma for lying about the safety of opioids, and repeated stories about how tax cuts that were supposed to help us all have only helped the wealthiest Americans, and the increasing pressure of evidence against Trump's gaslighting, and it seems to me that after almost forty years of refusing to grapple with reality, America is coming to a reckoning. ——- Notes: Cornyn on no testimony: Manu Raju @mkraju Sen. John Cornyn, a member of the Senate GOP leadership team, rejected Schumer's demands for the four witnesses, telling me that the Senate is the ""jury"" and that “we shouldn't be trying to retry it or redo something that they've already had a shot at,” referring to the House 11:28 PM ∙ Dec 16, 2019 663 Likes 300 Retweets Giuliani: https://www.washingtonpost.com/politics/2019/12/16/giuliani-may-be-making-stronger-case-against-trump-than-biden/ https://talkingpointsmemo.com/news/trump-rudy-praise-love-ukraine https://talkingpointsmemo.com/muckraker/kolomoisky-giuliani-cummins-ukraine-biden-dirt https://www.independent.co.uk/news/world/americas/us-politics/giuliani-trump-impeachment-interview-russia-state-tv-one-america-conspiracy-a9248796.html https://www.washingtonpost.com/opinions/2019/12/16/rudy-inc/?arc404=true https://newrepublic.com/article/155991/meet-trumpworlds-next-top-ukrainian-grifter Neal Kaytal: Neal Katyal @neal_katyal The technical legal term to describe this argument is ... dumb

It would mean prosecutors could never introduce testimony or evidence that wasn’t presented to the grand jury

McConnell should just say what is really motivating him,he is scared silly of what the witnesses will say Manu Raju @mkraju Expect this to be Senate GOP argument against Schumer proposal, per sources: Senate trial is not venue for fact-finding; House is. And Dems chose not to go to court to get Mulvaney and Bolton so it's on them, they'll say

Though four GOP sens could break ranks and change calculus https://t.co/fsU6axxHTe 10:33 PM ∙ Dec 16, 2019 6,859 Likes 2,401 Retweets https://www.ajc.com/news/state--regional-govt--politics/precinct-closures-harm-voter-turnout-georgia-ajc-analysis-finds/11sVcLyQCHuQRC8qtZ6lYP/ Kemp: https://www.huffpost.com/entry/georgia-voter-suspensions_n_5bbeaef6e4b0c8fa1367f40a Georgia servers in 2016: https://www.politico.com/magazine/story/2018/07/18/mueller-indictments-georgia-voting-infrastructure-219018 Today in Georgia: https://www.sandiegouniontribune.com/news/nation-world/story/2019-12-16/voting-rights-group-files-motion-to-stop-georgia-purge Pod Save America @PodSaveAmerica NEWS: ""A federal judge has put a pause on Georgia’s planned mass purge of its voting rolls, following an emergency request from a voting rights group founded by Democrat Stacey Abrams.""

👉 votesaveamerica.com/fairfight sandiegouniontribune.com/news/nation-wo… sandiegouniontribune.com Judge permits Georgia voter roll purges, plans 2nd hearing A federal judge is letting Georgia proceed with a mass purge of its voting rolls Monday evening 6:39 PM ∙ Dec 16, 2019 6,067 Likes 1,160 Retweets Afghanistan Papers: https://www.washingtonpost.com/graphics/2019/investigations/afghanistan-papers/afghanistan-war-confidential-documents/?fbclid=IwAR0o9E7J46VHrIxFRJf0MZhaUpQSWweGv4wu6ifNd-W1Fe-4AcJLuvfMeHc https://www.esquire.com/news-politics/politics/a30247045/afghanistan-papers-vietnam-lies/",,2019-12-16,12,2019,350
April-17-2022,https://heathercoxrichardson.substack.com/p/april-17-2022,1592,697,"Today, political scientist and member of the Russian legislative body Vyacheslav Nikonov said, “in reality, we embody the forces of good in the modern world because this clash is metaphysical…. We are on the side of good against the forces of absolute evil…. This is truly a holy war that we’re waging, and we have to win it and of course we will because our cause is just. We have no other choice. Our cause is not only just, our cause is righteous and victory will certainly be ours.” Nikonov was defending the Russian invasion of Ukraine, in which Russian troops have leveled cities, killed thousands, kidnapped children, and raped and tortured Ukrainian citizens. The intellectual leap from committing war crimes to claiming to be on the side of good might be explained by an interview published in the New Statesman at the beginning of April. Speaking with former Portuguese secretary of state for European affairs Bruno Maçães, Sergey Karaganov, a former advisor to Russian president Vladimir Putin, predicted the end of the western democracies that have shaped the world since World War II. Dictators, he suggested, will take over. Democracy is failing and authoritarianism rising, Karaganov said, because of democracy’s bad moral foundations. As he put it: “Western civilisation has brought all of us great benefits, but now people like myself and others are questioning the moral foundation of Western civilisation.” Karaganov’s statement says a lot about why white evangelicals in the U.S. are willing to toss democracy overboard in favor of a one-party state dominated by one powerful leader. They deny the premise of a system in which all people are equal before the law and have the right to have a say in their government. Putin cemented his rise to power in 2013 with antigay laws that supporters claimed defended conservative values against an assault of “genderless and fruitless so-called tolerance,” which “equals good and evil.” Hungary’s Viktor Orbán, an ally of Putin’s, has been open about his determination to replace the multiculturalism at the heart of democracy with Christian culture, stop the immigration that he believes undermines Hungarian culture, and reject “adaptable family models” for “the Christian family model.” The American right has embraced this attack on our system. In October 2021, former vice president Mike Pence spoke in Budapest at a forum denouncing immigration and urging traditional social values, where he told the audience he hoped that the U.S. Supreme Court would soon outlaw abortion thanks to the three justices Trump put on the court. Next month, the American Conservative Political Action Conference (CPAC) will be held in Budapest, Hungary; Orbán will be the keynote speaker. Increasingly, Republican lawmakers have called not for the U.S. government to leave business alone, as was their position under President Ronald Reagan, but to use government power to crack down on “woke” businesses they insist are undermining the policies they value—meaning companies that protect LGBTQ rights, racial justice, reproductive choice, and access to the ballot. In Florida, Governor Ron DeSantis and his supporters have threatened Disney for its mild defense of LGBTQ rights, insisting the company grooms children for sexual abuse, and Texas Republicans are considering barring local governments from doing business with any national company that provides abortion coverage for its employees. To achieve such control in a country where they are a minority, they are skewing the electoral system to install a one-party government. Just like Orbán’s government in Hungary, and Putin’s in Russia, the one-party government they envision will benefit a very small group of wealthy people: witness the Russian oligarchs whose yachts worth hundreds of millions of dollars are being impounded all over the world. And, just like those governments, it will be overseen by a strongman, who will continue to insist that his opponents are immoral. But here’s the thing: Democracy is a moral position. Defending the right of human beings to control their own lives is a moral position. Treating everyone equally before the law is a moral position. Insisting that everyone has a right to have a say in their government is a moral position. This moral position is hardly some newfangled radicalism. It is profoundly conservative. It is the fundamental principle on which our country has been based for almost 250 years. In 1776, the nation’s Founders wrote in the Declaration of Independence that all people “are created equal…[and] are endowed by their Creator with certain unalienable Rights, that among these are Life, Liberty and the pursuit of Happiness….” They asserted that governments are legitimate only if those they govern consent to them. The Founders did not live these principles, of course; they preserved the racial, gender, and wealth inequality that enabled them to imagine a world in which white men of property were all equal. But after World War II, Americans tried to bring these principles to life. It is this attempt for America to realize its ideals that the radicals on the right want to overturn. After World War II, the Supreme Court began to insist that all Americans really do have a right to self-determination and that they must be treated equally before the law. Using the Fourteenth Amendment’s guarantee that no state can “deprive any person of life, liberty, or property, without due process of law; nor deny to any person within its jurisdiction the equal protection of the laws,” it began to upend longstanding racial, gender, class, and religious hierarchies. It said, for example, that the promise of equality before the law meant that people of color had a right to a jury that was not made up exclusively of white people, that Black and Brown kids had a right to attend the same public schools as their white neighbors, and that white Americans could not kill or assault Black Americans without consequences. It decided that states could not privilege one race or one religion over another and that people have the right to marry whom they wish, across racial and gender lines. It decided that people themselves, not the state, had a right to plan their families. Then, to ensure that states were truly democratic, in 1965, Congress protected the right of all Americans to vote, giving them an equal say in their government and bringing to life the concept in the Declaration of Independence that governments are legitimate only when they derive their power from the consent of the governed. Americans who had seen the horrors of the Holocaust—which was, after all, the logical and ultimate outcome of a society based on hierarchies—saw their defense of equality as a moral position. It recognizes the inherent worth of individuals without privileging one race, one gender, one religion, or the wealthy. It works to bring the principles of the Declaration of Independence and the Constitution to life, stopping the violence that certain white Christian men in the past visited on those they could dominate with impunity. Those radicals who are now taking away the right of self-determination, the right to equality before the law, and the right to vote because they are “questioning the moral foundation of Western civilisation” are launching a fundamental attack on our nation. In his day, responding to a similar attack, Abraham Lincoln noted that accepting the idea of inequality was an act of destruction that would “transform this Government into a government of some other form.” Arguments based in the idea that some people are not capable of making their own decisions “are the arguments that kings have made for enslaving the people in all ages of the world,” Lincoln said in 1858. “I should like to know if taking this old Declaration of Independence, which declares that all men are equal upon principle and making exceptions to it[,] where will it stop…. If that declaration is not the truth, let us get the Statute book, in which we find it and tear it out[.]” — Notes: Julia Davis @JuliaDavisNews Deputy of the State Duma Vyacheslav Nikonov (a grandson of Vyacheslav Molotov) claimed: “In the modern world, we are the embodiment of the forces of good. This is a metaphysical clash between the forces of good and evil... This is truly a holy war we're waging and we must win.” 8:18 PM ∙ Apr 17, 2022 1,455 Likes 700 Retweets https://www.theguardian.com/world/2013/dec/12/vladimir-putin-defends-russia-anti-gay-conservatism https://www.reuters.com/world/us/us-conservative-conference-with-hungarys-hardline-leader-reflects-republican-2022-04-05/ https://www.politico.com/news/2022/03/29/desantis-disney-dont-say-gay-repeal-00021389 https://www.nytimes.com/2022/03/18/business/citigroup-abortion-texas-warning.html Abraham Lincoln, July 10,1858, at: https://quod.lib.umich.edu/l/lincoln/lincoln2/1:526 Share",,2022-04-17,4,2022,107
November-10-2022,https://heathercoxrichardson.substack.com/p/november-10-2022,1677,608,"Two days after an election in which the Republican Party attacked the Democrats for inflation, today’s consumer price index data from the U.S. Bureau of Labor Statistics showed that inflation is slowing more quickly than expected. It rose just 0.4% in October, making the rate over the past twelve months also come in lower than expected at 7.7%. The stock market had its biggest jump since 2020, with the different indexes observers use to measure the market all rising. The Dow Jones Industrial Average jumped more than 1,200 points, or 3.7%; the S&P 500 jumped 5.54%; and the Nasdaq Composite surged 7.35%, the best it has done since March 2020. In a statement, President Joe Biden promised to continue to work to get prices down but noted that his policies are having an effect. “[O]ur economy has reopened, new jobs are being created, new businesses are growing, and now, we are seeing progress in getting inflation under control—with additional measures taking effect soon.” Then Biden appeared to reach out to Republicans interested in forging a way forward from their party’s politics of the recent past, while also recalling that for all their complaints about inflation, their only plan to fix the problem was to cut taxes for the wealthy again. Virtually no economist said cutting taxes would help inflation, and many said such a policy would actually make inflation worse. Biden said: “I will work with anyone—Democrat or Republican—on ideas to provide more breathing room to middle-class and working families. And I will oppose any effort to undo my agenda or to make inflation worse. We are on the right path—we need to keep moving forward to build an economy from the bottom up and the middle out.” Biden appeared to have wind under his wings, though, as with this recent vote of confidence he looks forward to the rest of his term. The 27th United Nations Climate Change conference is being held right now in Egypt, and the U.S. administration today announced a new policy for dealing with climate change. Arguing that climate change and the shortages and damage to supply chains it brings create significant financial risk for the government (that is, taxpayers), it advanced a plan to use the federal government’s power as the world’s largest buyer of goods and services—over $630 billion in the last fiscal year—to address climate change. It would require any federal contractor who gets annual contracts worth more than $7.5 million a year to disclose their greenhouse gas emissions, explain their climate-related financial risks, and set emissions reduction targets. Climate change is a key issue for Gen Z, who came out for Biden strongly on Tuesday, but Biden’s other major initiative on their behalf ran into trouble today as U.S. District Court Judge Mark Pittman, a Trump appointee, declared Biden’s student loan relief program illegal. The government has already appealed. Meanwhile, the counting of votes continues, with control of both houses of Congress still unclear. What is clear is that there is a war erupting in the Republican Party. After former president Trump surged to an unexpected victory in 2016, there appeared to be a sense in the Republican Party that he had figured out how to mobilize previously unengaged voters to deliver victories to the Republican Party, and established Republicans increasingly rallied to his standard. But he has led the party to defeat now for the third time. In the 2018 midterms, Republicans lost control of the House, with Democrats picking up 41 seats. In 2020, of course, he lost the election, as well as control of the Senate. And while this year’s outcome is not yet clear, the Democrats have had one of the best midterm performances in recent memory. Suddenly, Trump no longer seems to have a magic formula. White nationalist Nick Fuentes told his audience that the solution to the fact Republicans are in a minority and keep losing elections is to establish “a dictatorship.” ""We need to take control of the media or take control of the government and force the people to believe what we believe or force them to play by our rules.” Others seem to think the answer is just to dump Trump, although as Representative Adam Schiff (D-CA) warned Republicans in his closing argument in Trump’s first impeachment trial: “If you find that the House has proved its case and still vote to acquit, your name will be tied to his with a cord of steel—and for all of history.” That his star is tarnished became clear today not just on cable television and Twitter, where right-wing users complained about his hand-picked candidates, and in Pennsylvania, where Republicans were stung by the loss of a Senate seat, but also on media owned by right-wing kingmaker Rupert Murdoch. Today the editorial board of the Wall Street Journal noted Trump’s perfect record of electoral defeat and said: “Trump is the Republican Party’s Biggest Loser.” Apparently stung, Trump unleashed a furious rant on Truth Social, claiming credit for DeSantis’s start in politics. It included an astonishing claim: “I was all in for Ron, and he beat Gillum, but after the Race, when votes were being stolen by the corrupt Election process in Broward County, and Ron was going down ten thousand votes a day, along with now-Senator Rick Scott, I sent in the FBI and the U.S. Attorneys, and the ballot theft immediately ended, just prior to them running out of the votes necessary to win. I stopped his Election from being stolen….” This is an apparent reference to the 2018 election that put DeSantis in the governor’s chair rather than his Democratic opponent Andrew Gillum. The race was very close: just 32,463 votes out of 9 million cast, about 0.4%, separated the two candidates. Considering what we now know about Trump’s approach to election results, a claim to having rigged the 2018 Florida election was one heck of a statement. Josh Marshall at Talking Points Memo noted that even though Trump “is a pathological liar… this requires some explanation, if only a clear and definitive confirmation that this did not happen.” Pundits are already suggesting Florida governor Ron DeSantis as a replacement for Trump as a presidential candidate in 2024. This is terribly premature. If, in fact, the party is going to move beyond the Trump years, it seems it might well not turn to DeSantis, who, among other things, is still under investigation for flying a plane load of legal migrants to Martha’s Vineyard, an act not just cruel but possibly illegal. There will be plenty of time to worry about 2024. In the meantime, Biden and Vice President Kamala Harris spoke to a Democratic National Committee Event today at the Howard Theatre in Washington, D.C. Harris told the audience members that their work sent a message to the entire world: Our democracy is intact…. [T]his is what it looks like…. Some Democrats won and some Republicans won. That is what happens when more than 100 million Americans participate and vote in free and fair and open elections…. And the people in this room and around our country made that possible by standing up for basic American values: freedom, liberty, and the rule of law.  And I believe when you know what you stand for, you know what to fight for.” Biden told the attendees that Democrats “beat the odds” in the midterms “for one reason—this is not hyperbole—because of you…. I really mean it…. You believed in the system. You believed in the institutions. You fought like hell for it. And that’s the most important thing that happened, in my view, in this election. It was the first national election since January 6th, and there were a lot of concerns about whether democracy would meet the test.” “It did. It did. It did.” — Notes: NBC News @NBCNews WATCH: ""If you find that the House has proved its case and still vote to acquit, your name will be tied to his with a cord of steel — and for all of history.""

Rep. Schiff makes his closing argument to senators in the impeachment trial of President Trump. 8:31 PM ∙ Feb 3, 2020 589 Likes 172 Retweets https://www.whitehouse.gov/briefing-room/statements-releases/2022/11/10/statement-by-president-joe-biden-on-the-october-consumer-price-index-report/ https://www.bls.gov/news.release/cpi.nr0.htm https://www.cnbc.com/2022/11/10/consumer-prices-rose-0point4percent-in-october-less-than-expected-as-inflation-eases.html https://www.cnbc.com/2022/11/09/stock-market-futures-open-to-close-news.html https://www.wsj.com/articles/donald-trump-is-the-gops-biggest-loser-midterm-elections-senate-house-congress-republicans-11668034869 https://www.sustainability.gov/federalsustainabilityplan/fed-supplier-rule.html https://www.whitehouse.gov/briefing-room/statements-releases/2022/11/10/statement-by-white-house-press-secretary-karine-jean-pierre-on-the-district-courts-ruling-on-the-biden-harris-administrations-student-debt-relief-program/ https://www.whitehouse.gov/briefing-room/statements-releases/2022/11/10/fact-sheet-biden-harris-administration-proposes-plan-to-protect-federal-supply-chain-from-climate-related-risks/ https://www.politico.com/election-results/2018/florida/governor/ https://talkingpointsmemo.com/edblog/umm-what-2 https://www.inquirer.com/politics/election/pa-republicans-blame-trump-2022-losses-20221110.html https://www.cnn.com/2022/11/10/politics/biden-student-loan-forgiveness-struck-down/index.html https://apnews.com/article/biden-texas-education-donald-trump-student-loans-f2e944d85e95792089fa1e2fb9858287 https://www.rightwingwatch.org/post/nick-fuentes-says-the-results-of-the-2022-elections-prove-why-we-need-a-dictatorship/ https://www.whitehouse.gov/briefing-room/speeches-remarks/2022/11/10/remarks-by-president-biden-and-vice-president-harris-at-a-democratic-national-committee-event/ https://www.whitehouse.gov/briefing-room/statements-releases/2022/11/10/fact-sheet-biden-harris-administration-proposes-plan-to-protect-federal-supply-chain-from-climate-related-risks/ Share",,2022-11-10,11,2022,314
August-4-2020,https://heathercoxrichardson.substack.com/p/august-4-2020,351,93,"Today, the major domestic news was last night’s Axios interview, in which reporter Jonathan Swan challenged Trump’s assertions and revealed just how shallow the president’s understanding of the pandemic, mail-in voting, and so on, really are. The interview showed little that we didn’t already know, but to see the president dismiss the 156,000 deaths from coronavirus, for example, by saying “it is what it is,” was nonetheless shocking. Everything else today was about partisanship. Trump followed up last night’s interview with another gaffe this morning. At a press conference, he demonstrated that he could not pronounce “Yosemite,” one of the nation’s best known national parks. Trying to read it from a sheet of paper, he tried twice to come up with the right pronunciation—Yoh-sem-it-ee—and instead settled on “YO-se-MIGHT” and then “Yo-se-min-NIGHT.” Yosemite is quite a common word in America, and observers expressed surprise that Trump was apparently not familiar enough with it to recognize it, especially since he was saying the word to publicize the passage of the Great American Outdoors Act, which he claimed rivaled the accomplishments of President Theodore Roosevelt. Roosevelt did not initiate the federal protection of conservation land but broadened it so dramatically he is known as the “conservation president.” The new law provides up to $9.5 billion over five years to begin addressing long-overdue maintenance at national parks, and it passed on a bipartisan vote. Representative John Lewis (D-GA) who passed away last month, introduced the bill last year. Trump came around to the bill only after two Republican Senators, Corey Gardner (R-CO) and Steve Daines (R-MT), told him it would help their reelection bids. Nonetheless, Trump claimed all credit for the bill for Republicans. He invited no Democrats to the signing, and when reporters asked Kayleigh McEnany, the White House press secretary, why Democrats had been excluded, she said “the only thing we’re recognizing about congressional Democrats right now is how appalling it is that there are Americans… who are going without paychecks because they refuse to partner with Martha McSally, Republicans and the president to make sure those payments go out."" This is political spin. The reality is that the Democrats passed a coronavirus relief bill in May and the Republican Senate refused to take it up. Senate Republicans turned to the construction of their own bill too late, and now cannot agree on their own package. So now Democrats are negotiating directly with the White House. While the two sides are apparently making some progress, it’s slow going. While he could not find a way to put together a coronavirus relief bill, Senate Majority Leader Mitch McConnell has continued to push through judicial nominations. The political calculation behind the Republican attack on mail-in voting was also clear today. Republicans have previously endorsed mail-in voting, but Trump’s insistence that mail-in voting will cause fraud and the “most corrupt election” in American history has apparently discouraged Republican voters from applying for ballots. Republican leaders are panicked. So today the president did an abrupt about-face, at least for the Republican state of Florida. “Whether you call it Vote by Mail or Absentee Voting,” Trump tweeted today, “in Florida the election system is Safe and Secure, Tried and True. Florida’s Voting system has been cleaned up (we defeated Democrats attempts at change), so in Florida I encourage all to request a Ballot & Vote by Mail!” Today the New York Times also reported that at least four of the people involved in trying to get Kanye West on the ballot this fall are prominent Republican political activists, suggesting that they are hoping the rapper and artist West will be a spoiler for presumptive Democratic presidential nominee Joe Biden. Trump himself retweeted a post suggesting that West could “siphon black votes away from Biden.” There are some signs that this political gambit is not in West's best interest. His family members have apologized for West’s recent erratic behavior and noted that he suffers from mental illness. Tonight Senator Richard Blumenthal (D-CT) tweeted “Shocked & appalled—I just left a 90 minute classified briefing on foreign malign threats to our elections. From spying to sabotage, Americans need to see & hear these reports…. Protect our democracy from destruction by declassifying key intel describing the danger of foreign subterfuge to our elections. Congress has been briefed, but sworn to secrecy—unacceptably.” He said no more than this, but it is noteworthy that Blumenthal sits on the Committee on Armed Services, where he sits on the Subcommittee on Cybersecurity. On July 24, less than two weeks ago, the four Democrats on the Gang of Eight—the leaders of both parties in both houses of Congress who deal with national security—demanded that the Office of the Director of National Intelligence accurately warn Americans of the foreign threat to our elections. House Speaker Nancy Pelosi (D-CA), Senate Minority Leader Chuck Schumer (D-NY), House Intelligence Committee Chair Adam Schiff (D-CA), and ranking member of the Senate Select Committee on Intelligence Mark Warner (D-VA) were clear that foreign actors are attacking us. “Almost exactly four years ago, we first observed the Russians engaging in covert actions designed to influence the presidential race in favor of Donald Trump and to sow discord in the United States. Now, the Russians are once again trying to influence the election and divide Americans, and these efforts must be deterred, disrupted and exposed,” they wrote. The director of the United States National Counterintelligence and Security Center (NCSC), William Evanina, tried to suggest that China, Russia, and Iran were equally responsible for attacking the 2020 election. They are, he says, using “influence measures in social and traditional media in an effort to sway U.S. voters’ preferences and perspectives, to shift U.S. policies, to increase discord and to undermine confidence in our democratic process.” The NCSC is part of the office of the Director of National Intelligence, now overseen by Trump loyalist John Ratcliffe. Trump, of course, dismisses the idea that Russia intervened on his behalf in 2016, despite findings to the contrary by Special Counsel Robert Mueller and the Republican-led Senate Intelligence Committee. The four top Democrats were alarmed at Evanina’s attempt to make it look like there was simply a general attack on the U.S. election rather than one that called out what appears to be evidence that Russia, especially, is at work again to shape the election. “A far more concrete and specific statement needs to be made to the American people, consistent with the need to protect sources and methods,” wrote Pelosi, Schumer, Schiff, and Warner. “We can trust the American people with knowing what to do with the information they receive and making those decisions for themselves. But they cannot do so if they are kept in the dark about what our adversaries are doing, and how they are doing it.  When it comes to American elections, Americans must decide.” —- Notes: https://talkingpointsmemo.com/news/trump-makes-a-big-exception-in-his-war-on-mail-in-voting https://thehill.com/homenews/administration/506875-trump-shouldnt-be-hard-for-kanye-west-to-take-away-votes-from-biden https://www.nytimes.com/2020/08/04/us/politics/kanye-west-president-republicans.html https://www.usatoday.com/story/news/politics/2020/08/04/trump-mispronounces-yosemite-white-house-event/3289122001/ https://www.nytimes.com/2020/08/04/us/politics/coronavirus-recovery-plan-negotiations.html https://www.nytimes.com/2020/08/04/us/politics/trump-land-conservation-bill.html https://www.dni.gov/index.php/newsroom/press-releases/item/2135-statement-by-ncsc-director-william-evanina-100-days-until-election-2020 https://www.speaker.gov/newsroom/72420-1 Share",,2020-08-04,8,2020,217
November-1-2023,https://heathercoxrichardson.substack.com/p/november-1-2023,3168,645,"A follow-up to some stories I’ve mentioned: Egypt has opened its border crossing into Gaza, permitting ambulances to carry 76 badly injured Palestinians to Egypt, while 335 people who hold foreign passports were able to cross. Jonathan Lemire, Nahal Toosi, and Alexander Ward of Politico reported today that the White House suspects Israeli prime minister Benjamin Netanhayu’s days in office are numbered. Here at home, the nonpartisan Congressional Budget Office (CBO) has scored the House Republicans’ bill to provide $14.3 billion in aid to Israel and to “offset” that spending with $14.3 billion in cuts to the Internal Revenue Service (IRS). As those of us who have followed the economics of adequately funding the IRS predicted, the CBO found that the cuts to the IRS would cost far more than they save. As it is currently constructed, the bill would add $26.8 billion to the national budget deficit. New House speaker Mike Johnson (R-LA) tried to spin this information in a way that can only be described as dishonest: “Only in Washington when you cut spending do they call it an increase in the deficit,” he said. Johnson rejects the separation of church and state in our government, saying that the framers’ idea “clearly did not mean…to keep religion from influencing issues of civil government. To the contrary, it was meant to keep the federal government from impeding the religious practice of citizens. The Founders wanted to protect the church from an encroaching state, not the other way around.” Actually, James Madison of Virginia, the key thinker behind the Constitution, had quite a lot to say about why the government and religion must be kept apart. In 1772, when he was 21, Madison watched as Virginia arrested itinerant preachers for attacking the established church in the state. He was no foe of religion, but by the next year, he had begun to question whether established religion, which was common in the colonies, was good for society. By 1776, many of his broad-thinking neighbors had come to believe that society should “tolerate” different religious practices; he had moved past tolerance to the belief that men had a right of conscience. In that year, he was instrumental in putting Section 16 into the Virginia Declaration of Rights, on which our own Bill of Rights—the first ten amendments to the Constitution—would be based. It reads: “That religion, or the duty which we owe to our Creator, and the manner of discharging it, can be directed only by reason and conviction, not by force or violence; and therefore all men are equally entitled to the free exercise of religion, according to the dictates of conscience; and that it is the mutual duty of all to practice Christian forbearance, love, and charity toward each other.” In 1785, in a “Memorial and Remonstrance against Religious Assessments,” Madison explained that what was at stake was not just religion, but also representative government itself. The establishment of one religion over others attacked a fundamental human right—an unalienable right—of conscience. If lawmakers could destroy the right of freedom of conscience, they could destroy all other unalienable rights. Those in charge of government could throw representative government out the window and make themselves tyrants. Madison believed that a variety of religious sects would balance each other out, keeping the new nation free of the religious violence of Europe. He drew on that vision explicitly when he envisioned a new political system, expecting that a variety of political expressions would protect the new government. In Federalist #51, he said: “In a free government the security for civil rights must be the same as that for religious rights. It consists in the one case in the multiplicity of interests, and in the other in the multiplicity of sects.” In order to make sure men had the right of conscience, the First Amendment to the Constitution reads: “Congress shall make no law respecting an establishment of religion, or prohibiting the free exercise thereof….” In 1802, President Thomas Jefferson called this amendment “a wall of separation between Church & State.” In a letter of January 1, 1802, he explained to a group of Baptists from Danbury, Connecticut, how that principle made him refuse to call for national religious days of fasting and thanksgiving in his role as head of the government. Like Madison, he maintained that “religion is a matter which lies solely between Man & his God, that he owes account to none other for his faith or his worship.” “[T]he legitimate powers of government reach actions only,” he wrote, “[and] not [religious] opinions.” “[T]hat act of the whole American people which declared that their legislature should ‘make no law respecting an establishment of religion, or prohibiting the free exercise thereof,’” he wrote, built “a wall of separation between Church & State.” It prevented him even from such religious practices as declaring a day of fasting in times of trouble, or thanksgiving in times of triumph. — Notes: https://www.nbcnews.com/politics/congress/house-gops-israel-aid-bill-adds-268-billion-deficit-budget-office-says-rcna123160 https://www.politico.com/news/2023/11/01/biden-administration-thinks-netanyahu-may-not-last-politically-00124849 https://www.bbc.com/news/world-middle-east-67284694 https://www.facebook.com/photo/?fbid=628702608614710&set=a.426385065513133 https://www.washingtonpost.com/opinions/2023/11/01/mike-johnson-christian-nationalism-guns-political-violence/ https://founders.archives.gov/documents/Madison/01-01-02-0027 https://www.archives.gov/founding-docs/virginia-declaration-of-rights https://founders.archives.gov/documents/Madison/01-08-02-0163#JSMN-01-08-02-0163-fn-0014-ptr https://www.loc.gov/loc/lcib/9806/danbury.html#:~:text=The%20unedited%20draft%20of%20the,was%20an%20offense%20to%20republicanism . https://www.loc.gov/loc/lcib/9806/danpre.html Share",,2023-11-01,11,2023,305
February-25-2025,https://heathercoxrichardson.substack.com/p/february-25-2025,6103,742,"On Friday, February 21, former transportation secretary Pete Buttigieg posted: “A defining policy battle is about to come to a head in this country. The Republican budget will force everyone—especially Congress and the White House—to make plain whether they are prepared to harm the rest of us in order to fund tax cuts for the wealthiest.” Buttigieg was referring to the struggle at the heart of much of the political conflict going on right now: How should the U.S. raise money, and how should it spend money? Generally, Democrats believe that the government should raise money by levying taxes according to people’s ability to pay them, and that the government should use the money raised to provide services to make sure that everyone has a minimum standard of living, the protection of the laws, and equal access to resources like education and healthcare. They think the government has a role to play in regulating business; making sure the elderly, disabled, poor, and children have food, shelter and education; maintaining roads and airports; and making sure the law treats everyone equally. Generally, Republicans think individuals should be able to manage their money to make the best use of markets, thus creating economic growth more efficiently than the government can, and that the ensuing economic growth will help everyone to prosper. They tend to think the government should not regulate business and should impose few if any taxes, both of which hamper a person’s ability to run their enterprises as they wish. They tend to think churches or private philanthropy should provide a basic social safety net and that infrastructure projects are best left up to private companies. Civil rights protections, they think, are largely unnecessary. But the Republicans are facing a crisis in their approach to the American economy. The tax cuts that were supposed to create extraordinarily high economic growth, which would in turn produce tax revenue equal to higher taxes on lower economic growth, never materialized. Since the 1990s, when the government ran surpluses under Democratic president Bill Clinton, tax cuts under Republican presidents George W. Bush and Donald Trump, along with unfunded wars in Iraq and Afghanistan, have produced massive budget deficits that, in turn, have added trillions to the national debt. Now the party is torn between those members whose top priority is more tax cuts to the wealthy and corporations, and those who want more tax cuts but also recognize that further cuts to popular programs will hurt their chances of reelection. That struggle is playing out very publicly right now in the Republicans’ attempt to pass a budget resolution, which is not a law but sets the party’s spending priorities, sometimes for as much as a decade, and is the first step toward passing a budget reconciliation bill which can pass the Senate without threat of a filibuster. Under the control of Republicans, the House of Representatives was unable to pass the appropriations bills necessary to fund the government in fiscal year 2025. The government has stayed open because of “continuing resolutions,” measures that extend previous funding forward into the future to buy more time to negotiate appropriations. The most recent of those expires on March 14, putting pressure on the Republicans who now control both the House and the Senate to come up with a new funding package. But first, both chambers have to pass a budget resolution. Meanwhile, President Donald Trump’s top priority is extending his 2017 tax cuts for the next ten years, which the nonpartisan Congressional Budget Office (CBO) estimates would add $4.6 trillion to the deficit. If he actually enacted the other tax cuts he promised on the campaign trail—including on tips, overtime, and Social Security payments—that deficit jumps closer to $11 trillion. During the campaign, he insisted that the tariffs he promised to levy would make foreign countries make up the money lost by the tax cuts. In addition to being wildly wishful thinking, Trump’s claim ignores the fact that tariffs are actually paid by U.S. consumers. So Trump and the Republicans have a math problem. It was always incorrect to say it was the Democrats who were irresponsibly running up the debt, but it was a powerful myth, and Republicans have relied on it for at least 25 years. Now, though, there is a mechanical issue that belies that rhetoric: the debt ceiling, which requires Congress to raise the ceiling on the amount the Treasury can borrow. On January 21, 2025, the U.S. Treasury had to begin using extraordinary measures to pay the debt obligations Congress has authorized. In order for Trump and the Republicans to get their tax cuts, that debt ceiling will have to be raised. But a number of MAGA Republicans are already furious at the growing debt and the budget deficits that feed it, and they say they will not raise that ceiling unless there are extreme cuts to the federal budget. Other Republicans realize that the cuts they are demanding will be enormously unpopular, not least because for all their rhetoric, it is actually Republican-dominated districts that receive the bulk of federal monies. This is the mess that sits behind unelected billionaire Elon Musk’s “Department of Government Efficiency” (DOGE) that is claiming to slash federal spending, although its claims have been so thoroughly debunked that early this morning it quietly deleted all five of the five-biggest ticket items it had touted on its “wall of receipts.” As Democrats keep pointing out, Republicans have control of the government and could make any cuts they wanted through the normal course of legislation, but they are not doing so because they know those programs are popular. Instead, they are turning the project over to Musk. They are making it a point to look the other way when people, including judges, ask under what authorization Musk and his team are operating. Today, once again, White House press secretary Karoline Leavitt refused to say who was in charge of DOGE, a day after Matt Bai reported in the Washington Post that two of Musk’s DOGE employees, Luke Farritor and Gavin Kliger, used their access to payment systems to override explicit orders from Secretary of State Marco Rubio and shut off funding to the United States Agency for International Development. Bai reports that Farritor is 23-year-old dropout from the University of Nebraska who interned at SpaceX; Kliger, 25, spreads conspiracy theories about the “deep state,” attended Berkeley, and is now installed at the Treasury Department. This afternoon the White House said that Amy Gleason, a former official at the U.S. Digital Service, the agency that Trump’s executive order may have turned into the Department of Government Efficiency, is serving as the acting administrator of DOGE. Reporters reached her by phone in Mexico. In an interview with NPR, the U.S. ambassador to Hungary under President Joe Biden, David Pressman, explained that Hungarian prime minister Viktor Orbán turned Hungary’s democracy into “a system that's designed to enrich a clique of elites to take public assets and put them in private pockets while talking about standing up for conservative values” in what became “a massive transfer of public assets to an oligarch class.” Trump and MAGAs see Orbán as a model, and it is notable that today the Federal Aviation Administration (FAA), the agency that manages civilian aviation and that Trump and DOGE gutted, announced it has agreed to use Musk’s Starlink internet system for its information technology networks. But even if Musk is only providing the illusion of savings, Congress still has to figure out the budget. On Friday, the Senate voted 52–48 to advance a budget resolution that called for $175 billion in new funding for border security and immigration enforcement and told committees, including the committee that oversees Medicaid, to find at least $4 billion in spending cuts. All Democrats and Independents, along with Republican Rand Paul of Kentucky, voted not to advance that resolution. Today the House was supposed to vote on its own budget resolution, and it is here that the stark contrast Buttigieg identified shows most strongly. The House resolution calls for cutting $4.5 trillion in taxes, primarily for the wealthy and corporations, while also adding $100 billion for immigration and border security, $90 billion for Homeland Security, and $100 billion in military spending. It enables those cuts and spending, at least in the short term, by raising the debt ceiling by $4 trillion. The plan offsets those tax cuts with a goal of $2 trillion in spending cuts, including $880 billion over the next decade in cuts to the part of the budget that covers Medicare and Medicaid, and $230 billion in cuts to the part of the budget that covers the Supplemental Nutrition Assistance Program, or SNAP, formerly known as food stamps. House speaker Mike Johnson claimed that all the cuts would come from the same place Musk claims, without evidence, to be cutting: “fraud, waste, and abuse.” As Buttigieg noted, this budget cuts benefits for the poorest Americans in order to give tax cuts to the wealthiest, but the proposed cuts are not enough to get all MAGAs, many of whom want far more draconian cuts, on board. Johnson needed either to corral them or to get Democratic votes. For their part, the Democrats rejected the proposal, concerned about the concentration of wealth in the U.S.: on Sunday, economist Robert Reich noted that “[t]he top 0.1% of Americans control $22 trillion in wealth,” while “[t]he bottom 50% control $3.8 trillion in wealth.” Shauneen Miranda of the New Jersey Monitor reported the statement of Senator Chris Murphy (D-CT) today that 24% of Americans get their healthcare from Medicaid, while the Centers for Medicare and Medicaid Services say that two thirds of nursing home patients receive Medicaid. Cuts would devastate American families. “For what, because Elon Musk needs another billion dollars?” Murphy asked. “The scope of this greed is something that we have never, ever seen before in this country, and we should not accept it as normal in the United States of America.” At a press conference, House Democrats called out what Representative Greg Casar (D-TX) called “this billionaire budget resolution.” “I know that I and my colleagues here today are ready to go to the mat and fight all the way until we stop this budget and finally demand that, instead of a tax break for greedy billionaires, that we actually tax those greedy billionaires and expand the programs that working people deserve,” Casar said. It took pressure from Trump to get the House resolution across the line this evening. It ultimately passed by a vote of 217 to 215, with only one Republican, Representative Thomas Massie (R-KY), voting with all the Democrats against it. Earlier this year, Republicans killed a bipartisan push to enable representatives to vote remotely while on maternity leave, so Representative Brittany Pettersen (D-CO) flew across the country with her one-month-old son to “vote NO on this disastrous budget proposal.” — Notes: https://www.propublica.org/article/national-debt-trump https://www.americanprogress.org/article/tax-cuts-are-primarily-responsible-for-the-increasing-debt- https://taxpolicycenter.org/taxvox/no-matter-how-congress-labels-it-extending-2017-tax-cuts-will-cost-4-trillion-plus https://www.epi.org/policywatch/senate-passes-budget-resolution-s-con-res-7/ https://www.npr.org/2025/02/21/g-s1-50100/senate-budget-resolution https://www.budget.senate.gov/chairman/newsroom/press/extending-trump-tax-cuts-would-add-46-trillion-to-the-deficit-cbo-finds https://www.nytimes.com/2025/02/25/upshot/doge-spending-cuts-changed.html https://www.washingtonpost.com/opinions/2025/02/24/musk-doge-usaid-cuts-dc/ https://www.cbo.gov/faqs https://www.npr.org/2025/02/25/nx-s1-5294699/former-u-s-ambassador-to-hungary-discusses-democratic-decay-under-pm-orban https://www.cnn.com/2025/02//business/musk-faa-starlink-contract/inde25x.html https://thehill.com/homenews/administration/5163749-white-house-interim-doge-administrator-amy-gleason/ https://www.usnews.com/news/national-news/articles/2025-02-24/whats-in-the-house-budget-bill-and-whats-delaying-it https://www.npr.org/2025/02/25/nx-s1-5308067/house-republicans-budget-vote-mike-johnson https:// w.cnn.com/2025/02/25/politics/amy-gleason-doge-acting-administrator/index.html https://newjerseymonitor.com/2025/02/25/repub/democrats-blast-u-s-house-gop-budget-predicting-potential-cuts-to-medicaid/ https://apnews.com/article/johnson-trump-republicans-budget-vote-tax-cuts-4cb74ca15f6a74a7344355e4507ab9fe https://home.treasury.gov/news/press-releases/jy2798 Bluesky: atrupar.com/post/3lizirg2u4z2l schumer.senate.gov/post/3lizkzswcv22w ditzkoff.bsky.social/post/3lizq7e6tbk2d laureldavilacpa.bsky.social/post/3lizpit57sk2p rbreich.bsky.social/post/3litynvxand2k atrupar.com/post/3liza54mpbk2u kylec.bsky.social/post/3lj2c5kw2ys2m bbkogan.bsky.social/post/3lj27oihao32m X: petebuttigieg/status/1893062544362762326 Share",,2025-02-25,2,2025,56
September-16-2024,https://heathercoxrichardson.substack.com/p/september-16-2024,4641,690,"In the week since Trump’s disastrous debate with Vice President Kamala Harris, MAGA Republicans appear to be melting down. As Republicans commandeer the disaster news, the Democratic presidential nominee appears to be trying to stay out of their way. Harris sat for an interview with media host Stephanie Himonidis Sedano, known as “Chiquibaby,” of the Spanish-language U.S. audio Nueva Network, an interview that will air tomorrow on more than 100 radio stations. For the third day in a row, officials today had to evacuate two elementary schools in Springfield, Ohio, citing threats that have led to safety concerns. The city has also canceled “CultureFest,” its annual celebration of diversity, arts, and culture, and the local colleges are meeting virtually out of safety concerns. The Bureau of Motor Vehicles has had to close, as has the Ohio License Bureau. Ohio’s Republican governor, Mike DeWine, said that there have been “at least 33” bomb threats against schools and public offices after Republican presidential candidate Donald Trump and his running mate, Ohio senator J.D. Vance, spread the lie that Haitian immigrants to Springfield have been eating the pets of their white neighbors. DeWine reiterated that the immigrants in Springfield are there legally, and noted that he has authorized troopers from the Ohio State Highway Patrol to provide additional security at the district's 18 school buildings. On CNN yesterday morning, Vance admitted to Dana Bash that he had created the story of Haitian immigrants eating pets. He justified the lie that has shut down Springfield and endangered its residents by claiming such a lie was the only way to get the media to pay attention to what he considers the crisis of immigration. Once the pet-eating story was debunked, Vance said that Haitian immigrants are spreading HIV and tuberculosis in Ohio; in fact, new diagnoses of HIV dropped from 2018 to 2022, and the director of the Ohio Department of Health says there has been no change in TB rates. That a politician of any sort would lie to rally supporters against a marginalized population comes straight out of the authoritarian playbook, which seeks to build a community around the idea that the people in it are besieged by outsiders. But when that politician is running for vice president, with the potential to become the president if anything happens to his 78-year-old running mate, who is the oldest person ever to run for president, it raises a whole factory of red flags. Michael Hiltzik of the Los Angeles Times noted the support of racist ideologue Alfred Rosenberg of the Nazi Party for the antisemitic text “The Protocols of the Elders of Zion,” a text fabricated in the early twentieth century by officials in czarist Russia. Rosenberg stood by the “inner truth” of the text even though it was fake. Like Rosenberg, Hitler’s chief propagandist Joseph Goebbels wrote, “I believe in the inner, but not the factual, truth of The Protocols.” While Democratic Ohio representative Casey Weinstein has called for Vance to resign, aside from DeWine, Republican lawmakers have not repudiated Vance’s lie. Astonishingly, Vance is trying to rise to power on lies about the people of his own state, the people he is supposed to represent. Not only have Democratic politicians demanded that he stop, but also amidst the chaos, the Republican mayor of Springfield and two Republican county commissioners would not commit to voting for Trump. The popular backlash against this lie has also been swift and strong. The Ohio-based Red, Wine, and Blue organization has organized the #OHNoYouDont campaign to reiterate on social media their stance against the division Vance and Trump are stoking. Trump seemed to try to regain control of the political narrative on Sunday by posting on social media, “I HATE TAYLOR SWIFT,” a comment that looked like an attempt to change the subject from the backlash to the pet-eating lie, the continuing disparagement of Trump’s debate performance, and increasing attention to Trump’s attachment to right-wing provocateur and conspiracy theorist Laura Loomer. In the days since Trump took Loomer to a commemoration of the terrorist attacks of September 11, 2001—which she has suggested were an “inside job”—the media has paid more attention to the 31-year-old extremist who has been Trump’s close companion since Spring 2023. Loomer has cheered the drowning of 2,000 migrants and called for “2,000 more.” In June she said that Democrats should not just be prosecuted and jailed, but “they should get the death penalty. You know, we actually used to have the punishment for treason in this country.” When some commenters suggested her relationship with Trump was sexual, she countered with a truly vile statement about Vice President Kamala Harris. The increasing visibility of Loomer near Trump has made those Republicans trying to run a more traditional campaign beg him to cut her loose, but Trump seems reluctant to distance himself from her. Sam Stein of The Bulwark today wrote that those Republicans worried about Trump being surrounded by conspiracy theorists are a decade late. After listing Trump’s many years of conspiracy theories, Stein wrote, they’re not “worried that Loomer will turn Trump into a raving lunatic. They’re simply worried that Trump might lose.” As Trump seems increasingly detached from reality, Vance has become the face of the Republican presidential campaign. He seems desperate to turn the media cycle from Trump and the extraordinary unpopularity of the plans outlined in Project 2025 and toward immigration. It’s a hard sell, since voters correctly note that it was Republicans, egged on by Trump, who killed the strong bipartisan border bill in the spring. On Thursday, September 12, Vance said on CNBC that if immigration were the path to prosperity, “America would be the most prosperous country in the world.” Outside of the hellscape in MAGA Republicans’ mind, it is. The Federal Reserve recently noted that as of the second quarter of 2024, U.S. household net worth is growing by a strong 7.1% a year. The stock market is also strong, with the Dow Jones Industrial Average rising 228 points today to set an all-time high. On Sunday afternoon, shortly after Trump’s Taylor Swift post and another calling the “failing” New York Times a threat to democracy, as Trump was golfing at his club in West Palm Beach, Florida, Secret Service agents noticed and fired on a man holding a rifle with a scope. Today, Carol Leonnig, Josh Dawsey, and Isaac Stanley-Becker of the Washington Post reported that authorities have warned Trump of the risks of golfing at his own courses because of their proximity to public roads, but Trump insisted they were safe and kept using them. The acting director of the Secret Service, Ronald Rowe Jr., said today that Trump’s plan for golfing on Sunday was unscheduled, so the secret service used an emergency plan for protecting Trump. Rowe said the suspect, Ryan Wesley Routh, a convicted felon with a history of apparent mental illness, did not have a line of sight to the former president and did not shoot. He escaped and was later caught. Cell phone records suggest he was in the vicinity for 12 hours before being flushed out of the bushes. Democratic leaders again denounced violence and said it has no place in our country. Observers noted that it was Trump who signed a bill revoking gun-checks for people with mental illnesses put in place by President Barack Obama and that he promised the National Rifle Association (NRA) that he would roll back all the gun safety provisions President Joe Biden has put in place if he wins in 2024. But the Trump campaign called for donations on a website suggesting, as MAGA Republicans did after the shooting in Butler, Pennsylvania, that Democrats were complicit in the threat to Trump. “There are people in this world who will do whatever it takes to stop us,” Trump’s campaign said. Unfortunately, two attempts on a president’s life in such short order are not unprecedented. As Tom Nichols pointed out today in The Atlantic , Gerald Ford survived two attempts in 15 days in 1975. But, as Nichols also points out, Ford did not fundraise off the attempts or blame his opponents for them. Opponents are pointing out that it is Trump and the MAGA Republicans, not the Democrats, who are stoking violence. Marcy Wheeler of Emptywheel noted that in July 2023 Trump posted an address for former president Barack Obama on his social media network, prompting a stalker, and that in four different jurisdictions, Trump’s lawyers have argued that the First Amendment protects Trump’s right to attack the judges, prosecutors, and witnesses in the cases against him, as well as their families. Other’s recalled MAGA’s “jokes” about the brutal attack on then–House speaker Nancy Pelosi’s husband, Paul. Trump supporter Elon Musk, who owns the social media platform X, wrote, “And no one is even trying to assassinate Biden/Kamala,” a post he later called a “joke” after observers asked about the national security implications of a defense contractor who has $15 billion in federal contracts suggesting the assassination of the president and vice president. Musk’s post had more than 39 million impressions before he deleted it. After his own incendiary post, Musk wrote: “The incitement to hatred and violence against President Trump by the media and leading Democrats needs to stop.” Conservative lawyer George Conway retorted: “What utter nonsense.” Indeed, the MAGA attempt to tie the shootings near Trump to the Democrats is pretty clearly an attempt to stop Democrats from talking about the issues of the campaign by claiming that any public discussion of Trump’s own unpopular policies and hateful words will gin up violence against him. One of the biggest issues MAGA Republicans would like to stop people from talking about is abortion. Reproductive healthcare journalist Kavitha Surana explained in ProPublica today that every state has a committee of experts that meet to examine women’s deaths during or within a year of pregnancy. Those committees operate with a two-year lag, meaning that we are now learning about women dying after the Supreme Court overturned the 1973 Roe v. Wade decision that recognized the constitutional right to abortion. Georgia’s state committee has recently concluded that at least two women have died in Georgia from preventable causes after hospitals in the state denied them timely reproductive healthcare. Amber Nicole Thurman died just weeks after the Georgia abortion ban went into effect. She went into sepsis from unexpelled fetal tissue after an abortion she obtained legally in North Carolina. Georgia’s law made the routine dilation and curettage procedure, or D&C, a felony with vague exceptions that make doctors worry about prosecution if they perform it. Reports show that doctors repeatedly discussed a D&C for Thurman but put it off even as her organs began to fail. By the time they performed the procedure, it was too late. Surana notes that Georgia governor Brian Kemp said he was “overjoyed” when the law went into effect, and that it would keep women “safe, healthy, and informed.” Attorneys for the state of Georgia accused abortion rights activists who said the law endangered women of “hyperbolic fear mongering” just two weeks before Thurman died. She left behind a 6-year-old son. — Notes: https://www.springfieldnewssun.com/news/springfield-cancels-culturefest-citing-safety-concerns-due-to-threats/DRIWTZSROVCW7OEOTU6TGWQ4LY/ https://www.propublica.org/article/georgia-abortion-ban-amber-thurman-death https://www.theguardian.com/us-news/2024/sep/15/jd-vance-lies-haitian-immigrants https://www.washingtonpost.com/politics/2024/09/15/republicans-react-apparent-assassination-attempt-trump-florida/ https://www.washingtonpost.com/opinions/2024/09/15/laura-loomer-trump-campaign/ https://newrepublic.com/post/185986/jd-vance-admits-migrants-conspiracy-racist-lies https://www.washingtonpost.com/national/2024/09/16/trump-assassination-attempt-suspect-ukraine/4a9a716c-7432-11ef-9537-628fa451f775_story.html https://www.nbcnews.com/news/us-news/trump-signs-bill-revoking-obama-era-gun-checks-people-mental-n727221 https://www.advocate.com/election/jd-vance-haitian-hiv-stigma https://www.washingtonpost.com/politics/2024/09/16/trump-golf-courses-secret-service-protection/ https://apnews.com/article/stock-markets-today-wall-street-interest-rates-4e491b309ad5e9952627c1d9a0ee8e29 https://www.axios.com/2024/03/14/swing-voters-focus-groups-trump-border https://www.politico.com/news/2024/09/15/springfield-ohio-pets-trump-controversy-00179210 https://www.latimes.com/business/story/2024-09-16/column-the-roots-of-trump-vances-smear-of-haitian-immigrants-can-be-found-in-nazi-era-antisemitic-propaganda https://meidasnews.com/news/elon-musk-deletes-post-questioning-why-there-has-not-been-an-assassination-attempt-on-joe-biden-or-kamala-harris https://www.theatlantic.com/newsletters/archive/2024/09/trump-is-no-gerald-ford/679900/ https://www.nytimes.com/2023/04/07/us/politics/trump-laura-loomer.html https://www.bbc.com/news/articles/cly8y27dwgpo X: RedWineBlueUSA/status/1835726163899040042 BwanaChris/status/1834266358739017825 Acyn/status/1835778042331070559 emptywheel/status/1835778816364744773 emptywheel/status/1835770560074420550 SykesCharlie/status/1835743739945632038 carlquintanilla/status/1835803644253340136 kathrynw5/status/1835784333929467941 KevRGordon/status/1835655875786125588/photo/1 mattmfm/status/1835496849320317396 SwannMarcus89/status/1835424044268823032/photo/1 highbrow_nobrow/status/1832233803537949059 atrupar/status/1835722467483988338 TaylorPopielarz/status/1835794182620717371 atrupar/status/1835687219748569326 atrupar/status/1835700970392572390 RepWeinstein/status/1835310412088139943 gtconway3d/status/1835764408376754291 joeygarrison/status/1835778126602698805 Share",,2024-09-16,9,2024,260
September-22-2021,https://heathercoxrichardson.substack.com/p/september-22-2021,960,471,"CNN’s bombshell revelation of Trump loyalist lawyer John Eastman’s six-point memo of instructions for overturning the 2020 election—discussed in the new book by veteran journalists Bob Woodward and Robert Costa—seems to be sparking a reckoning with how dangerous the Trump loyalists are to the survival of American democracy. Eastman responded to the story by saying the released memo was only a draft and then giving CNN the final version, which was longer but no less damning—just how damning was indicated by two separate things. First, J. Michael Luttig, the former United States Circuit Judge of the United States Court of Appeals for the Fourth Circuit whom Pence had asked for advice about whether he could overturn the election results, quickly took to Twitter to distance himself from the story, saying: “I was honored to advise Vice President Pence that he had no choice on January 6, 2021, but to accept and count the Electoral College votes as they had been cast and properly certified by the states…. I believe(d) that Professor Eastman was incorrect at every turn of the analysis in his January 2 memorandum.” Eastman had been Luttig’s law clerk. Second, former president Trump promptly sued his niece Dr. Mary L. Trump, the New York Times , and three New York Times reporters, claiming they were part of an “insidious plot” to obtain and publish his tax records “to gain fame, notoriety, acclaim and a financial windfall and were further intended to advance their political agenda.” Although the New York Times articles accused Trump of tax fraud, the former president did not claim libel or defamation in the suit. Legal analyst and former federal prosecutor Joyce Alene White Vance noted that to win on that point, he would have to prove that the reporting about his finances wasn’t true, and he was all but conceding he could not do that. Trump used a lawyer that he has not used before to launch the suit, which Mary Trump, whose doctorate is in psychology, dismissed as the work of a desperate “loser” who was “going to throw anything against the wall he can.” Eastman was no fly-by-night; he is a senior member of the Federalist Society and clerked for Supreme Court Justice Clarence Thomas (as well as for Judge Luttig). Eastman’s standing in the so-called conservative movement makes it all the more astonishing that, to my knowledge, no leading Republican lawmaker has commented on the revelations of just how close we came to the installation of Trump instead of the duly elected presidential candidate, Joe Biden, in January. Instead, Republican lawmakers are making headlines by refusing even to negotiate over the debt ceiling, simply saying the Democrats are on their own. They appear to be trying to replace one crisis with another, trying to turn public attention away from Trump’s attempted coup to the idea that Democrats are wild spendthrifts (although the Trump administration added about $7.8 trillion of today’s $28 trillion debt, and during his term, Congress voted to raise the debt ceiling three times). It is impossible to overstate just how momentous are both an attempted coup and an attempt to force the U.S. to default on its debts. Other news about the Trump administration and the January 6 Capitol insurrection is surfacing, as well. On Monday, a federal court in Washington, D.C. unsealed an indictment alleging that, with the help of conservative author Doug Wead, Jesse Benton, a political operative from Kentucky closely allied with Senate Minority Leader Mitch McConnell (R-KY) and Senator Rand Paul (R-KY), illegally directed foreign money from a Russian businessman to the 2016 Trump campaign. That the Department of Justice sat on the case for close to five years, even while the question of connections between the Trump campaign and Russians was white hot, suggests political interference with that department. On Tuesday, the New York Times broke the story that in November 2020, when leaders from the Trump campaign began insisting before television cameras that the election of two weeks before had been stolen by George Soros and Venezuelans using Dominion voting systems, they had already circulated an internal memo debunking that entire conspiracy theory. It seems they knew what they were alleging was false. The document surfaced in a lawsuit: Dominion has sued Trump lawyers Sidney Powell and Rudy Giuliani for defamation. This memo will not help their case. Today, Hugo Lowell, congressional reporter for The Guardian , reported that the House select committee investigating the 6 January attack on the U.S. Capitol is considering issuing non-negotiable subpoenas this week for Trump’s White House chief of staff Mark Meadows and his deputy chief Dan Scavino, as well as Trump’s former campaign manager Brad Parscale. A far right Republican from North Carolina, Meadows helped to found the Freedom Caucus and was one of Trump’s closest supporters in Congress before taking the chief of staff job. Scavino ran Trump’s social media accounts—including Twitter—and was one of the former president’s closest confidants. Parscale was the Trump campaign’s digital manager after being replaced as campaign manager in July 2020. Subpoenas for the phone records or testimony of these three men would help the committee members figure out what was happening inside the Oval Office on January 6. Tonight on MSNBC , committee member Adam Schiff (D-CA), a former federal prosecutor who is chair of the House Intelligence Committee and was lead manager for Trump’s first impeachment trial, told anchor Nicolle Wallace that the committee is investigating the activities surrounding January 6 as “a conspiracy to commit a coup.” Schiff warned that while Trump loyalists tried to undermine democracy on January 6, mounting evidence suggests that through voter suppression and the replacement of nonpartisan election officials with boards of Trump loyalists, Republican lawmakers are continuing that effort today. ""We're going to follow the facts,"" said Representative Liz Cheney (R-WY), the committee’s vice chair. ""What happened in the run-up to January 6, what happened on the 6th. What happened after the 6th."" — Notes: https://www.npr.org/2021/09/22/1039642768/trump-sues-niece-mary-new-york-times-over-tax-return-stories https://www.nytimes.com/2021/09/22/nyregion/mary-trump-taxes-lawsuit.html Joyce Alene @JoyceWhiteVance There is a good reason ""Trump made no claims of libel or defamation against the paper or Mary Trump in the suit."" He would have to prove that the NYT's reporting about his finances wasn't true in order to win. And, he all but concedes he can't with this. https://t.co/7qya7qXhuH 6:13 PM ∙ Sep 22, 2021 2,455 Likes 711 Retweets https://electionlawblog.org/?p=124721 https://www.cnbc.com/2021/01/15/federalist-society-under-fire-after-leader-spoke-at-pro-trump-rally-before-riot.html https://talkingpointsmemo.com/muckraker/its-been-5-years-since-russian-cash-was-allegedly-funneled-into-the-trump-campaign-why-wasnt-it-charged-until-now https://www.nytimes.com/interactive/2021/09/21/us/trump-campaign-memo.html https://www.nytimes.com/2021/09/21/us/politics/trump-dominion-voting.html https://www.politico.com/story/2019/05/16/trump-scavino-1327921 https://www.rawstory.com/adam-schiff-select-committee/ https://www.cnn.com/2021/09/22/politics/january-6-committee-investigation-latest/index.html https://www.theguardian.com/us-news/2021/sep/21/capitol-attack-panel-trump-white-house-aides Share",,2021-09-22,9,2021,265
May-12-2020,https://heathercoxrichardson.substack.com/p/may-12-2020,347,0,"A lot happened today, but I am grappling with just two things tonight. First, what happened today: White House coronavirus task force medical expert Anthony Fauci testified remotely before a Senate health committee. He warned that reopening states too aggressively would lead to “needless suffering and death.” He also said the death toll from coronavirus—currently more than 80,000-- was “almost certainly” higher than known. The other big event was that the Supreme Court heard arguments about whether Congress or state prosecutors can subpoena information from the president or from his accountants or his bankers. The questioning appeared to go poorly for Trump’s lawyers, who had to argue against precedent and in favor of the idea that the president can largely act without oversight, but we will not know for a while—until June, at least—how the court will decide. Less momentous, but still eye-opening, was the president’s tweeted suggestion that MSNBC anchor Joe Scarborough had murdered an aide in 2001 when he was a congressman from Florida. It’s mind boggling that a president would make this sort of unhinged allegation, but here we are. To me, the two big stories from today were about what I see as a gamble on the part of Trump and his sycophants to grab power of the national government, and a surprising move on the part of a judge to undercut that power grab. Tonight we learned that Trump’s acting Director of National Intelligence, Richard Grenell, has declassified the names of the Obama administration officials who interviewed Michael Flynn in January 2017. Grenell handed over the names to the Department of Justice. Trump has lately been pushing the idea of “Obamagate” as a terrible political scandal. While he has been unable to define exactly what he means by that term, it appears to be the idea that the entire apparatus of government that investigated the Trump campaign’s interactions with Russian operatives in 2016 was somehow not a legitimate attempt to protect the nation but was instead an attempt to undercut the Trump campaign. Last week, the Justice Department, led by Attorney General William Barr, attempted to dismiss the case against Michael Flynn, a member of the Trump campaign and transition team who twice pleaded guilty to lying to federal officials about his contacts with the Russian Ambassador Sergey Kislyak. The argument for this dismissal was that the investigation into Russian dealings with the Trump campaign was illegitimate, and thus Flynn’s lying to federal officials immaterial. Since this idea of “Obamagate” gained a popular foothold, a number of pro-Trump officials have been calling for the prosecution of Obama officials who participated in the Russia investigation. Grenell has been vocal in his defense of Trump, insisting that Russia did not, in fact, interfere in the 2016 election, despite the findings of U.S. intelligence agencies, Special Counsel Robert Mueller, and the bipartisan Senate Intelligence Committee. For him now to declassify the names of the F.B.I. officials who interviewed Flynn and to hand those names to the Department of Justice, overseen by Trump supporter Attorney General William Barr, is ominous. It suggests that the Trump administration really is contemplating legal action against F.B.I. officials who were investigating the attack on the 2016 election. This is unprecedented. More, though, it suggests that the Trump administration does not anticipate a Democratic presidency following this one, since it could expect any precedent it now sets to be used against its own people. That it is willing to weaponize intelligence information from a previous administration suggests it is not concerned that the next administration will weaponize intelligence information against Trump officials. That confidence concerns me. But that’s only one side of the story with the Flynn case. The other side is just as interesting. The Justice Department’s move to drop the case against Flynn had to be approved by a judge. Tonight, that judge, Emmet G. Sullivan, moved… sideways. It was a really interesting move. Rather than deciding the issue at hand, the U.S. District Judge, who is known as a stickler for institutions, said he would receive briefs from interested third parties to offer opinions about the case. This means that the 2000 former Department of Justice employees (of both parties) who demanded Barr’s resignation over the Flynn case can now be heard. It will invite public scrutiny of the case, and means the case will not get swept under the rug. Flynn’s lawyers instantly cried foul. Not only do they not want more attention to the facts of the case, but also it is possible that Sullivan’s order will permit him to require both sides to revisit the case, producing evidence and calling witnesses. Rather than enabling Trump to turn the tables on the original Russia investigation and invert it so that it serves his purposes, Sullivan’s move could remind people that there was a reason for the Russia investigation in the first place and rehash some of the stories of the Trump campaign's contacts with Russian operatives. Both of these stories seem to me a preview of the 2020 election. Trump is going to attack his predecessor and argue that Obama officials engaged in an illegal underground campaign to weaken him. He might even try to prosecute officials who were part of the investigation into Russia’s actions in 2016. Sullivan’s unexpected move suggests that not everyone will let this attempt to sway the 2020 election go unchallenged. —- Notes: Fauci: https://www.washingtonpost.com/politics/2020/05/12/3-early-takeaways-anthony-faucis-health-officials-testimony/ SCOTUS: https://www.washingtonpost.com/politics/courts_law/a-listeners-guide-to-the-supreme-court-battle-over-trumps-tax-returns-and-business-records/2020/05/11/54070184-93d1-11ea-91d7-cf4423d47683_story.html Scarborough: https://www.washingtonpost.com/politics/2020/05/12/trumps-vicious-claim-that-joe-scarborough-might-have-murdered-an-aide/ Grenell: Geoff Bennett @GeoffRBennett NEWS: A senior intelligence official confirms that DNI Richard Grenell has declassified and handed over to the DOJ a list of former Obama administration officials involved in the ""unmasking"" of Michael Flynn in 2017, @KenDilanianNBC reports 6:59 PM ∙ May 12, 2020 3,368 Likes 2,071 Retweets https://talkingpointsmemo.com/muckraker/reports-grenell-declassifies-names-of-obama-officials-on-flynn-case Amicus briefs: Joyce Alene @JoyceWhiteVance 1/ This means folks like the 2000 former DOJ employees, including appointees of both political parties, who demanded Barr's resignation over his unwarranted dismissal of the Flynn case can make arguments to the court. This is a fascinating judge for this situation because Tom Winter @Tom_Winter NBC News: The federal judge overseeing the case of Ret. Lt. Gen. Michael Flynn says he'll set a schedule to receive 'amicus curiae briefs' which will allow interested 3rd parties -- outside of Flynn's attorneys and the Justice Department -- to file briefings with the court. 10:35 PM ∙ May 12, 2020 9,034 Likes 3,055 Retweets https://talkingpointsmemo.com/news/flynn-judge-order-amicus-briefs https://www.washingtonpost.com/local/legal-issues/us-judge-puts-on-hold-justice-dept-move-to-dismiss-michael-flynns-guilty-plea-to-hear-outside-groups-challenges/2020/05/12/2fb4e356-949d-11ea-82b4-c8db161ff6e5_story.html#comments-wrapper",,2020-05-12,5,2020,133
September-26-2020,https://heathercoxrichardson.substack.com/p/september-26-2020,650,89,"[Sorry, folks. I guess I was so tired last night I never hit the send button! Here’s is the post from last night. This does NOT count as today’s post, which will go out tonight, as usual. So, from last night:] Today, Trump nominated Amy Coney Barrett to take Justice Ruth Bader Ginsburg's seat on the Supreme Court. The rest of the news can wait. Rest up, everyone. It's going to be rough ride for awhile. [Photo by Buddy Poland, headed eastbound to work.] Share",,2020-09-26,9,2020,270
July-7-2023,https://heathercoxrichardson.substack.com/p/july-7-2023,3398,689,"For more than a week now, I have intended to write a deep dive into the right-wing Moms for Liberty group that held their “Joyful Warriors National Summit” in Philadelphia last week, only to have one thing or another that seemed more important push it off another day. This morning it hit me that maybe that’s the story: that the reactionary right that has taken so much of our oxygen for the past year is losing ground to the country’s new forward movement. Today the jobs report from the Bureau of Labor Statistics pushed ahead of them by showing that the U.S. economy added 209,000 jobs in June. The rate of job growth is slowing but still strong, although the economy showed that the Black unemployment rate, which had been at an all-time low, climbed from 4.7% to 6%. Since Black workers historically are the first to lose their jobs, this is likely a signal that the job market is cooling, which should continue to slow inflation. In the Washington Post , Jennifer Rubin called out the media outlets so focused on the idea that Biden would mismanage the economy and that recession was imminent that they have ignored “29 consecutive months of job growth, inflation steadily declining, durable goods having been up for three consecutive months, 35,000 new infrastructure projects, an extended period in which real wages exceeded inflation and outsize gains for lower wage-earners.” As reporters focused on the horse-race aspect of politics and how voters “felt” about issues, she noted, “[w]e have seen far too little coverage of the economic transformation in little towns, rural areas and aging metro centers brought about by new investment in plants, infrastructure projects and green energy related to the Chips Act.” Also of note is that today is Treasury Secretary Janet Yellen’s first day of talks with top Chinese officials in Beijing, where she will also talk to U.S. business leaders. At stake is the Biden administration’s focus on U.S. national security, which includes both limiting China’s access to U.S. technology that has military applications and bringing supply chains home. China interprets these new limitations as an attempt to hurt its economy. Yellen is in Beijing to emphasize that the U.S. hopes to maintain healthy trade with China but, she told Chinese Premier Li Qiang, “The United States will, in certain circumstances, need to pursue targeted actions to protect its national security.” Meanwhile, China’s faltering economy has led to new rules that exclude foreign companies, leading U.S. businesses to reconsider investments there. Chinese leaders have tried to reassure foreign business leaders that they are welcome in China, while Yellen told U.S business leaders: “I have made clear that the United States does not seek a wholesale separation of our economies. We seek to diversify, not to decouple. A decoupling of the world’s two largest economies would be destabilizing for the global economy, and it would be virtually impossible to undertake.” The success of Biden’s policies both at home and abroad has pushed the Republican Party into an existential crisis, and that’s where Moms for Liberty fits in. Since the years of the Reagan administration, the Movement Conservatives who wanted to destroy the New Deal state recognized that they only way they could win voters to slash taxes for the wealthy and cut back popular social problems was by whipping up social issues to convince voters that Black Americans, or people of color, or feminists, wanted a handout from the government, undermining America by ushering in “socialism.” The forty years from 1981 to 2021 moved wealth upward dramatically and hollowed out the middle class, creating a disaffected population ripe for an authoritarian figure who promised to return that population to upward mobility by taking revenge on those they now saw as their enemies. In the past two years, according to a recent working paper by economists David Autor, Arindrajit Dube, and Annie McGrew, Biden’s policies have wiped out a quarter of the inequality built in the previous forty. And at the same time that Biden’s resurrection of the liberal consensus of the years from 1933 to 1980 is illustrating that the economic problems in the country were the fault of Republican policies rather than of marginalized people, the extremism of those angry Republican footsoldiers is revealing that they are not the centrist Americans they have claimed to be. Moms for Liberty, which bills itself as a group protecting children, organized in 2021 to protest mask mandates in schools, then graduated on to crusade against the teaching of “critical race theory.” That, right there, was a giveaway because that panic was created by then-journalist Christopher Rufo, who has emerged as a leader of the U.S. attack on democracy. Rufo embraces the illiberal democracy, or Christian democracy, of Hungarian prime minister Viktor Orbán, saying: “It’s time to clean house in America: remove the attorney general, lay siege to the universities, abolish the teachers’ unions, and overturn the school boards.” Radical right activists like Rufo believe they must capture the central institutions of the U.S. and get rid of the tenets of democracy—individual rights, academic freedom, free markets, separation of church and state, equality before the law—in order to save the country. Because those central democratic values are taught in schools, the far right has focused on attacking schools from kindergartens to universities with the argument that they are places of “liberal indoctrination.” As a Moms for Liberty chapter in Indiana put on its first newspaper: “He alone, who OWNS the youth, GAINS the future.” While this quotation is often used by right-wing Christian groups to warn of what they claim liberal groups do, it is attributed to German dictator Adolf Hitler. Using it boomeranged on the Moms for Liberty group not least because it coincided with the popular “Shiny Happy People” documentary about the far-right religious Duggar family that showed the “grooming” and exploitation of children in that brand of evangelicalism. Moms for Liberty have pushed for banning books that refer to any aspect of modern democracy they find objectionable, focusing primarily on those with LGBTQ+ content or embrace of minority rights. During the first half of the 2022–2023 school year, PEN America, which advocates for literature, found that 874 unique titles had been challenged, up 28% from the previous six months. The bans were mostly in Texas, Florida, Missouri, Utah, and South Carolina. A study by the Washington Post found that two thirds of book challenges came from individuals who filed 10 or more complaints, with the filers often affiliated with Moms for Liberty or similar groups. And in their quest to make education align with their ideology, the Moms for Liberty have joined forces with far-right extremist groups, including the Proud Boys, the Three Percenters, sovereign citizens groups, and so on, pushing them even further to the right. Although the Southern Poverty Law Center labeled Moms for Liberty an “extremist group” that spreads “messages of anti-inclusion and hate,” the group appeared to offer to the Republican Party inroads into the all-important “suburban woman” vote, which party leaders interpret as white women (although in fact the 2020 census shows that suburbs are increasingly diverse—in 1990, about 20% of people living in the suburbs were people of color; in 2020 it was 45%). When Moms for Liberty convened in Philadelphia last week, five candidates for the Republican presidential nomination, including Trump, showed up. Former South Carolina governor Nikki Haley told them: “When they mentioned that this was a terrorist organization, I said, ‘Well then, count me as a mom for liberty because that’s what I am.” But here’s the crisis for the Republican Party: Leaders who wanted tax cuts and cuts to social programs relied on courting voters with cultural issues, suggesting that their coalition was protecting the United States from radicalism. But the Republican embrace of Moms for Liberty illustrates dramatically and to a wide audience how radical the party itself has become, threatening to turn away all but its extremist base. A strong majority of Americans oppose book banning: about two thirds of the general population and even 51% of Republicans oppose it, recognizing that it echoes the rise of authoritarians. As historian Nicole Hemmer points out today for CNN, Moms for Liberty are indeed a new version of “a broader and longstanding reactionary movement centered on restoring traditional hierarchies of race, gender and sexuality” that in the U.S. included the women of the Ku Klux Klan in the 1920s and segregationists who organized as “Restore Our Alienated Rights” (ROAR) in the 1970s. Hemmer observes: “The book bans, the curricula battles, the efforts to fire teachers and disrupt school board meetings—little here is new.” In the past, a democratic coalition has come together to reject such extremism. If it does so again, the Republican marriage of elites to street fighters will crumble, leaving room for the country to rebuild the relationship between citizens and the government. When a similar realignment happened in the 1930s under Democratic president Franklin Delano Roosevelt, the Republican Party had little choice but to follow. — Notes: https://www.washingtonpost.com/business/2023/07/07/may-jobs-unemployment/ https://www.washingtonpost.com/opinions/2023/07/07/supreme-court-legitimacy-restoration/ https://www.washingtonpost.com/business/2023/07/07/janet-yellen-china-economic-ties/ https://www.brookings.edu/articles/todays-suburbs-are-symbolic-of-americas-rising-diversity-a-2020-census-portrait/ https://apnews.com/article/moms-for-liberty-adolf-hitler-newsletter-quote-bcce698e901b9e782970030ccd710512 https://www.vox.com/policy-and-politics/2021/11/19/22787269/conservatives-america-chris-rufo-patrick-deneen https://www.msnbc.com/opinion/msnbc-opinion/duggar-family-documentary-shiny-happy-people-amazon-prime-rcna87740 https://www.vice.com/en/article/5d93qd/moms-for-liberty-proud-boys https://www.theguardian.com/books/2023/may/06/moms-for-liberty-john-birch-society-far-right-book-bans https://pen.org/report/banned-in-the-usa-state-laws-supercharge-book-suppression-in-schools/ https://www.washingtonpost.com/education/2023/05/23/lgbtq-book-ban-challengers/ https://www.salon.com/2023/07/05/moms-for-liberty-are-in-for-a-rude-awakening/ https://www.newyorker.com/news/annals-of-inquiry/how-a-conservative-activist-invented-the-conflict-over-critical-race-theory https://thehill.com/homenews/education/4032438-nearly-half-of-republicans-oppose-book-bans-poll/ https://www.cnn.com/2023/07/07/opinions/moms-for-liberty-conservative-women-history-hemmer/index.html https://www.nytimes.com/2023/07/06/business/economy/jobs-great-resignation.html https://www.nber.org/system/files/working_papers/w31010/w31010.pdf",,2023-07-07,7,2023,188
May-10-2020,https://heathercoxrichardson.substack.com/p/may-10-2020,306,0,"Today the president tweeted a lot, even for him. In one hour this morning, he tweeted or retweeted 52 times. By the end of the day he had averaged a tweet every 7.5 minutes. None of the tweets mentioned the almost 80,000 Americans who have died from Covid-19, or any plans for addressing the pandemic. Trump appears to be upset about the recent prominence of former President Barack Obama in the news. On Friday, a tape of Obama talking to about 3000 former staffers leaked. In it, Obama expressed dismay over the decision of the Justice Department to try to drop the case against former National Security Advisor Michael Flynn. He warned that “our basic understanding of the rule of law is at risk,” and noted that once a nation abandons the rule of law the destruction of its legal government is often rapid. He also called Trump’s response to the coronavirus pandemic an “absolute chaotic disaster.” Since leaks from Obama officials are scarcer than hen’s teeth, we have to assume this leak was deliberate. Trump’s morning tweetstorm makes the president seem preoccupied with Obama. He seems tied to the idea that the FBI was investigating the links of some of the people on his campaign to Russia, a situation he called “OBAMAGATE!” on Twitter this morning. He retweeted the claim by conservative talk show host Buck Sexton that Obama “used his last weeks in office to target incoming officials and sabotage the new administration.” Trump added to the tweet “The biggest political crime in American history, by far!” He retweeted an account that, at the time, had 43 followers, saying, “Unless people are indited [sic] and put in prison the corruption will continue. People will continue to run with fake news and conspiracies until they are shown individuals being handcuffed and prosecuted. Its [sic] also time to fire people from the FBI, CIA, DOJ, DNI #CleanHouse.” Trump’s power struggle against any oversight of his presidency is approaching a critical moment. On Tuesday, the Supreme Court will hear arguments about whether Congress or state prosecutors can investigate him for potential wrongdoing. There are three different cases, which involve two issues. The first two cases have to do with congressional oversight of the president. The House Oversight Committee is investigating Trump’s finances, following his former lawyer and fixer Michael Cohen’s testimony last year about a $130,000 payment to adult film actress Stormy Daniels to keep her quiet about their sexual relations, a payment that should have been disclosed. Cohen also testified that Trump routinely exaggerated his assets when getting loans and deflated them when it came time to pay taxes. A year ago, in April 2019, the committee issued a subpoena to the president’s accounting firm, Mazars USA, seeking the relevant financial information. The second case is similar. House committees have subpoenaed financial records from Capital One and Deutsche Bank to investigate the “questionable financing” of Trump’s businesses before his presidency, to see whether “any foreign actor has sought to compromise or holds leverage, financial or otherwise, over Donald Trump, his family, his business, or his associates.” (Remember, in 2008, Donald Trump, Jr. famously said at a New York real-estate conference “In terms of high-end product influx into the US, Russians make up a pretty disproportionate cross-section of a lot of our assets…. We see a lot of money pouring in from Russia.”) The third case involves the question of whether a president can be investigated for violating state law. Cyrus Vance, Jr., the Manhattan district attorney, is also investigating hush money Trump paid to Daniels and to another woman, Karen McDougal, a Playboy model who also says she had an affair with Trump. Vance and state prosecutors have subpoenaed several years of tax documents from Mazars USA concerning both Trump himself and his business, the Trump Organization. An internal memo adopted by the Justice Department’s Office of Legal Counsel in 1973, during the Watergate crisis, says that a sitting president cannot be indicted for a crime. This is why Special Counsel Robert Mueller, who was operating within the Justice Department, never entertained the question of whether the president had committed a crime: Mueller never considered that part of his charge. The question at stake before the Supreme Court this week is not whether a president can be indicted, but whether he can even be investigated. Trump’s lawyers maintain the answer is no. They say that congressional committees can only investigate subjects about which Congress can make laws; they can’t investigate whether the president broke the law because that would violate our system of the separation of powers. States can’t investigate the president because they can abuse that power, gumming up a president’s schedule so that he cannot perform his duties. More, Trump’s lawyers are saying that not only does the president enjoy immunity from oversight, so do his businesses. Every court that has heard these cases has sided against the president, in favor of oversight. There is also precedent that bears on these questions. In 1974, the Supreme Court ruled unanimously that President Richard Nixon had to hand over to a special prosecutor tapes he had recorded in the Oval Office with advisors about the Watergate scandal. Nixon did so, and resigned shortly thereafter. In 1997, the Supreme Court ruled unanimously that President Bill Clinton did not have immunity from civil litigation for events that happened before he took office, and that he must respond to a harassment suit by former Arkansas state employee Paula Jones. This case led to the Monica Lewinsky scandal. On its face, it seems like the court’s decision should be clear, as lawyer George Conway, who ghostwrote briefs for Paula Jones, explained Friday in the Washington Post . But this Supreme Court has indicated a willingness to break precedent in favor of a strong executive. Still, there is yet one more twist in this saga: because of the pandemic, the arguments will be streamed live, and open for the public to tune in, so it is likely the arguments on both sides will be in the news. The importance of the upcoming Supreme Court arguments might have had something to do with today’s tweet storm. —— You can sign up for this free newsletter at heathercoxrichardson.substack.com —— Notes: https://www.washingtonpost.com/politics/2020/05/09/obama-michael-flynn-call/ https://www.esquire.com/news-politics/a32427044/trump-mothers-day-tweets/ Donald J. Trump @realDonaldTrump The biggest political crime in American history, by far! https://t.co/m5nPdUHt4u Buck Sexton @BuckSexton If you read a news story about some European country where, after a fair election, the outgoing president used his last weeks in office to target incoming officials and sabotage the new administration, you’d be appalled 

It happened here, and half the country thinks it was fine 2:40 PM ∙ May 10, 2020 68,242 Likes 21,213 Retweets http://www.trumptwitterarchive.com/archive number of tweets: Steve Vladeck @steve_vladeck . @realDonaldTrump has sent 115(!) tweets/RTs today: trumptwitterarchive.com/archive There’s nary a word in any of them about (1) the 80,000 Americans who’ve died from #COVID19 ; (2) what it means that senior WH staffers are testing positive; or (3) how he plans to ameliorate the crisis. trumptwitterarchive.com Trump Twitter Archive All 30,000+ of Trump’s tweets, instantly searchable 2:38 AM ∙ May 11, 2020 509 Likes 237 Retweets Russia money: https://www.businessinsider.com/donald-trump-jr-said-money-pouring-in-from-russia-2018-2 Vance: https://www.nytimes.com/2019/09/16/nyregion/trump-tax-returns-cy-vance.html 1973: https://www.reuters.com/article/us-usa-trump-russia-indictment-explainer/can-a-sitting-us-president-face-criminal-charges-idUSKCN1QF1D3 Conway on SCOTUS: https://www.washingtonpost.com/opinions/2020/05/08/george-conway-why-trump-will-lose-court/ https://www.cnbc.com/2020/05/10/supreme-court-to-rule-on-release-of-trumps-financial-records-tuesday.html https://www.supremecourt.gov/DocketPDF/19/19-715/130092/20200127191622299_19-715%20and%2019-760%20Brief%20for%20Petitioners.pdf",,2020-05-10,5,2020,131
June-30-2024,https://heathercoxrichardson.substack.com/p/june-30-2024,4026,635,"In addition to his comments about Russia in Ukraine, Trump said something else in Thursday’s CNN presentation that should be called out for its embrace of one of the darkest moments in U.S. history. In response to a question about what the presidential candidates would say to a Black voter disappointed with racial progress in the United States, President Joe Biden pointed out that, while there was still far to go, more Black-owned businesses were started under his administration than at any other time in U.S. history, that Black unemployment is at a historic low, and that the administration has relieved student debt, invested in historically Black colleges and universities, and is working to provide for childcare costs, all issues that affect Black Americans. In contrast, Trump said: “As sure as you’re sitting there, the fact is that his big kill on the Black people is the millions of people that he’s allowed to come in through the border. They're taking Black jobs now and it could be 18. It could be 19 and even 20 million people. They’re taking Black jobs and they’re taking Hispanic jobs and you haven’t seen it yet, but you’re going to see something that’s going to be the worst in our history.” Trump was obviously falling back on the point he had prepared to rely on in this election: that immigration is destroying our country. He exaggerated the numbers of incoming migrants and warned that there is worse to come. But what jumped out is his phrase: “They’re taking Black jobs and they’re taking Hispanic jobs.” In U.S. history it has been commonplace for political leaders to try to garner power by warning their voters that some minority group is coming for their jobs. In the 1840s, Know-Nothings in Boston warned native-born voters about Irish immigrants; in 1862 and 1864, Democrats tried to whip up support by warning Irish immigrants that after Republicans fought to end enslavement, Black Americans would move north and take their jobs. In the 1870s, Californian Denis Kearney of the Workingman’s Party drew voters to his standard by warning that Chinese immigrants were taking their jobs and insisted: “The Chinese Must Go!” And those were just the early days. But while they are related, there is a key difference between these racist appeals and the racism that Trump exhibited on Thursday. Politicians have often tried to get votes by warning that outsiders would draw from a pool of jobs that potential voters wanted themselves. Trump’s comments the other night drew on that racism but reached back much further to the idea that there are certain jobs that are “Black” or “Hispanic.” This is not a new idea in the United States. “In all social systems there must be a class to do the menial duties, to perform the drudgery of life,” South Carolina senator James Henry Hammond told his colleagues in 1858. “That is, a class requiring but a low order of intellect and but little skill. Its requisites are vigor, docility, fidelity. Such a class you must have, or you would not have that other class which leads progress, civilization, and refinement. It constitutes the very mud-sill of society and of political government; and you might as well attempt to build a house in the air, as to build either the one or the other, except on this mud-sill.” Capital produced by the labor of mudsills would concentrate in the hands of the upper class, who would use it efficiently and intelligently to develop society. Their guidance elevated those weak-minded but strong-muscled people in the mudsill class, who were “happy, content, unaspiring, and utterly incapable, from intellectual weakness, ever to give us any trouble by their aspirations.” Southern leaders were smart enough to have designated a different race as their society’s mudsills, Hammond said, but in the North the “whole hireling class of manual laborers and ‘operatives,’ as you call them, are essentially slaves.” This created a political problem for northerners, for the majority of the population made up that lower class. “If they knew the tremendous secret, that the ballot-box is stronger than ‘an army with banners,’ and could combine, where would you be?” Hammond asked his colleagues who insisted that all people were created equal. “Your society would be reconstructed, your government overthrown, your property divided.” The only true way to look at the world was to understand that some people were better than others and had the right and maybe the duty, to rule. “I repudiate, as ridiculously absurd, that much-lauded but nowhere accredited dogma of Mr. Jefferson, that ‘all men are born equal’” Hammond wrote, and it was on this theory that some people are better than others that southern enslavers based their proposed new nation. “Our new government is founded…upon the great truth that the [Black man] is not equal to the white man; that slavery subordination to the superior race is his natural and normal condition. This, our new government, is the first, in the history of the world, based upon this great physical, philosophical and moral truth,” Alexander Stephens, vice president of the Confederacy, told supporters. Not everyone agreed. For his part, rising politician Abraham Lincoln stood on the Declaration of Independence. Months after Hammond’s speech, Lincoln addressed German immigrants in Chicago. Arguments that some races are “inferior,” he said, would “rub out the sentiment of liberty in the country, and…transform this Government into a government of some other form.” The idea that it is beneficial for some people to be dominated by others, he said, is the argument “that kings have made for enslaving the people in all ages of the world…. Turn in whatever way you will—whether it come from the mouth of a King, an excuse for enslaving the people of his country, or from the mouth of men of one race as a reason for enslaving the men of another race, it is all the same old serpent.” According to the mudsill theory, he said the following year, “a blind horse upon a tread-mill, is a perfect illustration of what a laborer should be—all the better for being blind, that he could not tread out of place, or kick understandingly. According to that theory, the education of laborers, is not only useless, but pernicious, and dangerous.” He disagreed. “[T]here is not, of necessity, any such thing as the free hired laborer being fixed to that condition for life.” He went on to tie the mudsill theory to the larger principles of the United States. “I should like to know if taking this old Declaration of Independence, which declares that all men are equal upon principle and making exceptions to it, where will it stop,” he said. “If that declaration is not the truth, let us get the Statute book, in which we find it and tear it out!” To cries of “No, no,” he concluded to cheers: “Let us stick to it then. Let us stand firmly by it.” One hundred and sixty-six years later, Black and Hispanic social media users have answered Trump’s statement about “Black jobs” and “Hispanic jobs” with photos of themselves in highly skilled professional positions. But while they did so with good humor, they were illustrating for the modern world the principle Lincoln articulated: in the United States there should be no such thing as “Black jobs” or “Hispanic jobs.” Such a construction directly contradicts the principles of the Declaration of Independence and ignores the victory of the United States in the Civil War. Anyone who sees the world through such a lens is on the wrong side of history. — Notes: https://www.cnn.com/2024/06/27/politics/read-biden-trump-debate-rush-transcript/index.html Share",,2024-06-30,6,2024,182
May-13-2021,https://heathercoxrichardson.substack.com/p/may-13-2021,665,369,"Today, Dr. Rochelle Walensky, the director of the Centers for Disease Control and Prevention, said that people who are fully vaccinated against the coronavirus can stop wearing masks, both outdoors and indoors, except on public transportation and in crowded indoor venues. The new guidelines come as cases are dropping and as the U.S. is now vaccinating children ages 12 and up. They are intended, at least in part, to encourage people to get the vaccine. The CDC guidelines do not override federal, state, local, tribal, and territorial laws, or regulations put in place by businesses and workplaces. Still, they are a big step toward emerging from the pandemic. ""If you are fully vaccinated, you can start doing the things that you had stopped doing because of the pandemic,"" Walensky said. President Joe Biden, who made vaccines the centerpiece of his early administration, spoke to reporters without a mask. “I think it’s a great milestone, a great day,” he said. On morning television, Representative Liz Cheney (R-WY) hammered her point that the former president continues to endanger our nation. She also insisted that the U.S. must have a January 6 commission, as it has had an investigative commission for every similar threat, but said that fellow Republicans opposed such a commission because it threatened those “who may have been playing a role they should not have been playing.” Those who were playing a role they should not have been playing today turned out to include an active-duty Marine Corps officer, Major Christopher Warnagiris, who was arrested for assaulting the Capitol on January 6. And there are others associated with the administration who may have been playing a role they should not have been, aside from the events of January 6. For weeks now, rumors have swirled about Trump loyalist Representative Matt Gaetz (R-FL) and his friend Joel Greenberg, the former tax collector for Seminole County, Florida, who is under indictment for sex trafficking of a minor and 32 other counts. Papers filed today suggest that Greenberg has made a deal with prosecutors. The terms of the deal are not public, but they might not bode well for Gaetz. At the New York Times , Adam Goldman and Mark Mazzetti wrote today that Project Veritas (that right-wing group always trying to catch people on video doing something illegal) was part of an effort during the Trump years to discredit both FBI agents and H.R. McMaster, the former three-star general who was at the time Trump’s national security advisor. Project leaders hoped to get the agents and McMaster, who was perceived as being insufficiently loyal to the former president, to say something damning about the president so they could be removed. One of the participants in the project was Barbara Ledeen, a staff member on the Senate Judiciary Committee, which was, at the time, led by Senator Charles Grassley (R-IA). But the real blockbuster political story of the day came in the form of a video obtained by Mother Jones and written about in a detailed article there by Ari Berman and Nick Surgey. The leaked video shows Jessica Anderson, the executive director of Heritage Action for America—the political arm of the right-wing Heritage Foundation think tank—explaining to big-money donors that Heritage Action has worked closely with Republican state legislators to enact voter suppression laws. “In some cases, we actually draft them for them,” she said, “or we have a sentinel on our behalf give them the model legislation so it has that grassroots, from-the-bottom-up type of vibe.” The story is not entirely new. Heritage (as it is known) published a report last February outlining “best practices” for voting, many of which are in the new bills coming out of Republican-dominated state legislatures. And in a March article for the New York Times , Nick Corasaniti and Reid J. Epstein outlined the role of Heritage Action in Georgia’s and Arizona’s voting restrictions, noting that at least 23 of the proposed state bills that dealt with voting had language that looked like that of Heritage. They also wrote that Heritage plans to spend $24 million to change voting laws in Arizona, Florida, Georgia, Iowa, Michigan, Nevada, Texas, and Wisconsin before the 2022 election, and that the person behind the Heritage voting policies is Hans von Spakovsky, who mainstreamed the idea of voter fraud in the Republican Party, although experts agree it is vanishingly rare. What is new and dramatic about the video is seeing Anderson make her pitch to donors for a coordinated right-wing effort to take the vote away from their opponents. She talks of working with similar groups: “We literally give marching orders for the week ahead,” Anderson said. “All so we’re singing from the same song sheet of the goals for that week and where the state bills are across the country.” Heritage Action is fighting hard against the Democrats’ For the People Act, which would protect the right to vote, end partisan gerrymandering, and limit money in politics. Heritage summarized the bill, which it called the “Corrupt Politicians Act,” in a short sheet for lawmakers. Anderson explained: “We’ve made sure that every single member of Congress knows just how bad the bill is…. Then we’ve made sure there’s an echo chamber of support around these senators driven by your Heritage Action activists and sentinels across the country where we’ve driven hundreds of thousands of calls, emails, place[d] letters to the editor, hosted events, and run television and digital ads.” Democrats cannot pass the For the People Act through the Senate without buy-in from all 50 of their senators, and Surgey noted that in March, Heritage Action and similar groups bussed protesters to West Virginia from other states for a big rally at the capitol to pressure Democratic West Virginia Senator Joe Manchin. The “grassroots” protest against “voter fraud” is, in fact, conceived, funded, and organized by one of the most powerful elite political organizations in the country. Manchin has suggested he will not support the For the People Act without Republican support, so yesterday, he suggested a different way to address the recent voter suppression measures. Under the 1965 Voting Rights Act, states and local governments that had a history of racist election laws had to get clearance from federal officials before they put new election rules in place. The Supreme Court gutted that rule in 2013 with the Shelby County v. Holder decision (which is why all these new laws are going into the books). Manchin called for restoring the old system of preclearance, but applying it to all states and territories, not just the nine to which it had previously applied, thus taking away the Supreme Court’s objection that it singled out certain states. Manchin’s workaround wouldn’t deal with gerrymandering or big money, but it would certainly be a start toward leveling the electoral playing field, and historically, support for the Voting Rights Act was bipartisan. No longer. Almost immediately, Senator John Cornyn (R-TX) shot Manchin’s plan down. —- Notes: https://www.reuters.com/world/us/cdc-ease-mask-guidance-vaccinated-people-sources-2021-05-13/ https://www.washingtonpost.com/national-security/2021/05/13/marine-corps-officer-capitol/ Jake Tapper @jaketapper Cheney says a focused Jan 6 commission threatens Republicans “who may have been playing a role they should not have been playing” — https://t.co/2xrKTaJsa5 TODAY @TODAYshow “This isn't about looking backwards. This is about the real-time, current potential damage that he's doing, that he continues to do.” -Rep. Liz Cheney on former President Trump https://t.co/aSEv56OskM 12:26 PM ∙ May 13, 2021 12,981 Likes 2,914 Retweets https://www.cnn.com/2021/05/13/health/cdc-mask-guidance-vaccinated/index.html https://www.heritage.org/election-integrity-facts https://www.nytimes.com/2021/05/13/us/politics/mcmaster-fbi-trump-project-veritas.html https://abcnews.go.com/Politics/fully-vaccinated-americans-return-life-masks-cdc/story https://www.nytimes.com/2021/03/23/us/politics/republican-voter-laws.html https://substack.documented.net/p/manchin-rally-hr1 https://www.motherjones.com/politics/2021/05/heritage-foundation-dark-money-voter-suppression-laws/ https://www.washingtonpost.com/national-security/matt-gaetz-joel-greenberg-plea-deal-/2021/05/13/bb55ae54-af54-11eb-b476-c3b287e52a01_story.html https://talkingpointsmemo.com/news/manchin-cornyn-voting-rights https://www.vox.com/22434054/joe-manchin-voting-rights-act-for-the-people-john-lewis-preclearance-filibuster-senate Share",,2021-05-13,5,2021,133
May-31-2023,https://heathercoxrichardson.substack.com/p/may-31-2023,2176,567,"Tonight the House passed a bill to suspend the debt ceiling for two years, enabling the Treasury to borrow money to prevent a default. More Democrats than Republicans rallied to the measure, with 165 Democrats and 149 Republicans voting in favor, for a final vote of 314 to 117. Seventy-one Republicans and 46 Democrats opposed the bill. Now the measure heads to the Senate. The votes revealed a bitter divide in the Republican Party, as the far-right House Freedom Caucus fervently opposed the measure; Representative Chip Roy (R-TX) for example, called it a “turd sandwich.” Florida governor Ron DeSantis also came out against it, saying it leaves the country “careening toward bankruptcy.” The far right insists the measure does not provide the cuts they demand. Last night’s nonpartisan Congressional Budget Office scoring of the bill offered them ammunition when it said that the additional work requirement imposed on able-bodied people aged 18–54 without dependents to receive food benefits is outweighed by the expansion of those benefits to veterans, unhoused people, and children aging out of foster care. The CBO estimates that the measure will add 78,000 people a month to food assistance programs, adding $2.1 billion in spending over the next ten years. Despite their fury, though, the far right in the House appears to be backing down from challenging Representative Kevin McCarthy’s (R-CA) speakership. Their angry news conferences seem mostly to be performances for their base, and to answer them, McCarthy today said on the Fox News Channel that he was creating a “commission” to “look at” cutting the budget that the president “walled off” from cuts, including the mandatory spending on Medicare and Social Security. But, as Josh Marshall pointed out in Talking Points Memo today, the Republican base no longer seems to care much about fiscal issues. Instead, they are pushing the cultural issues at the heart of illiberal democracy: anti-LGBTQ laws, antiabortion laws, anti-immigration laws. Former president Trump is making those themes central to his reelection campaign. Yesterday he released a video promising that on “Day One” of a new presidential term, he would issue an executive order that would end birthright citizenship. Our current policy that anyone born in the United States is a citizen, he claims, is “based on a historical myth, and a willful misinterpretation of the law by the open borders advocates.” He promises to make “clear to federal agencies that under the correct interpretation of the law, going forward, the future children of illegal aliens will not receive automatic US citizenship.” Trump is picking up an idea from his presidential term that immigrants are flocking to the U.S. as “birth tourists” so their children will have dual citizenship, but the estimate from the immigration-restrictionist Center for Immigration Studies that birth tourism accounts for 26,000 of the approximately 3.7 million births in the U.S. each year has been shown to be wildly high. Trump’s attack on birthright citizenship is an attack on immigration itself, echoing people like Hungary’s prime minister, Viktor Orbán, who insists that immigration weakens a nation by diluting its native-born people with outsiders. Trump’s attack on the idea of birthright citizenship as a “historical myth” is a perversion of our history. It matters. In the nineteenth century, the United States enshrined in its fundamental law the idea that there would not be different levels of citizenship in this country. Although not honored in practice, that idea, and its place in the law, gave those excluded from it the language and the tools to fight for equality. Over time, they have increasingly expanded those included in it. The Republican Party organized in the 1850s to fight the idea that there should be different classes of Americans based on race—not only Black Americans, but also Irish, Chinese, Mexican, and Indigenous Americans faced discriminatory state laws. Republicans stated explicitly in their 1860 platform that they were “opposed to any change in our naturalization laws or any state legislation by which the rights of citizens hitherto accorded to immigrants from foreign lands shall be abridged or impaired; and in favor of giving a full and efficient protection to the rights of all classes of citizens, whether native or naturalized, both at home and abroad.” In 1868, after the Civil War had ended the legal system of human enslavement, the American people added to the Constitution the Fourteenth Amendment, whose very first sentence reads: “All persons born or naturalized in the United States, and subject to the jurisdiction thereof, are citizens of the United States and of the State wherein they reside.” Congress wrote that sentence to overturn the 1857 Dred Scott v. Sandford decision, in which the Supreme Court ruled that people of African descent “are not included, and were not intended to be included, under the word ‘citizens’ in the Constitution, and can therefore claim none of the rights and privileges which that instrument provides for and secures to citizens of the United States.” The Fourteenth Amendment legally made Black men citizens equal to white men. But did it include the children of immigrants? In 1882, during a period of racist hysteria, the Chinese Exclusion Act declared that Chinese immigrants could not become citizens. But what about their children who were born in the United States? Wong Kim Ark was born around 1873, the child of Chinese parents who were merchants in San Francisco. In 1889 he traveled with his parents when they repatriated to China, where he married. He then returned to the U.S., leaving his wife behind, and was readmitted. After another trip to China in 1894, though, customs officials denied him reentry to the U.S. in 1895, claiming he was a Chinese subject because his parents were Chinese. Wong sued, and his lawsuit was the first to climb all the way to the U.S. Supreme Court, thanks to the government’s recognition that with the U.S. in the middle of an immigration boom, the question of birthright citizenship must be addressed. In the 1898 U.S. v. Wong Kim Ark decision, the court held by a vote of 6–2 that Wong was a citizen because he was born in the United States. That decision has stood ever since, as a majority of Americans have recognized the principle behind the citizenship clause of the Fourteenth Amendment as the one central to the United States: “that all men are created equal” and that a nation based on that idea draws strength from all of its people. Over time, we have expanded our definition of who is included in that equality. Now the right wing is trying to contract equality again, excluding many of us from its rights and duties. The Dobbs v. Jackson Women’s Health decision makes women a separate and lesser class of citizen; anti-LGBTQ legislation denigrates sexual minorities. Trump’s attack on birthright citizenship makes that attack on equality explicit, calling equality a “myth” and attempting to enshrine inequality as the only real theme of our history. The concept of equality means we all have equal rights. It also means we all owe an equal allegiance to the country and that we all should be equal before the law, principles the former president has reason to dislike. Today, Katelyn Polantz, Paula Reid, and Kaitlan Collins of CNN broke the story that federal prosecutors have an audio recording of the former president admitting he kept a classified Pentagon document about a potential attack on Iran. The material on the tape, which was recorded at his Bedminster, New Jersey, property and appears to indicate that the document was in his hands, shows that Trump understood he had taken a classified document and that he understood that there were limits to his ability to declassify records. The recording also appears to suggest that at least one of the documents Trump took when he left office had enormous monetary value. As former Senior Foreign Service member Luis Moreno tweeted: “You can bet that if the TS/SCI dox involved military action against Iran, there would be a couple of countries willing to pay a king’s ransom for it.” — Notes: https://www.cnn.com/2023/05/31/politics/work-requirements-debt-ceiling-cbo/index.html https://www.washingtonpost.com/politics/2023/05/31/mccarthys-critics-shy-away-threat-oust-him/ https://www.politico.com/news/2023/05/29/desantis-debt-limit-deal-00099155 https://talkingpointsmemo.com/edblog/the-diehards-fold https://www.reuters.com/article/us-usa-immigration-trump/trump-administration-rolls-out-new-rule-to-limit-birth-tourism-idUSKBN1ZM2G1 https://www.thedailybeast.com/russians-flock-to-trump-properties-to-give-birth-to-us-citizens https://www.cdc.gov/nchs/fastats/births.htm https://www.niskanencenter.org/the-birth-tourism-bogeyman/ https://twitter.com/NoLieWithBTC/status/1663967414617292801 https://www.archives.gov/milestone-documents/chinese-exclusion-act https://www.presidency.ucsb.edu/documents/republican-party-platform-1860 https://twitter.com/LuisMorenolg/status/1664034994245849089 https://www.cnn.com/2023/05/31/politics/trump-tape-classified-document-iran-milley/index.html Sean Hannity Staff, “MAGA PROMISE: Trump Vows to End Birthright Citizenship on Day One [WATCH]” at hannity DOT com, May 30, 2023. https://www.archives.gov/milestone-documents/dred-scott-v-sandford https://www.law.cornell.edu/supremecourt/text/169/649 Share",,2023-05-31,5,2023,151
December-7-2023,https://heathercoxrichardson.substack.com/p/december-7-2023,3719,689,"On the sunny Sunday morning of December 7, 1941, Messman Doris Miller had served breakfast aboard the USS West Virginia , stationed in Pearl Harbor, Hawaii, and was collecting laundry when the first of nine Japanese torpedoes hit the ship. In the deadly confusion, Miller reported to an officer, who told him to help move the ship’s mortally wounded captain off the bridge. Unable to move him far, Miller pulled the captain to shelter. Then another officer ordered Miller to pass ammunition to him as he started up one of the two abandoned anti-aircraft guns in front of the conning tower. Miller had not been trained to use the weapons because, as a Black man in the U.S. Navy, he was assigned to serve the white officers. But while the officer was distracted, Miller began to fire one of the guns. He fired it until he ran out of ammunition. Then he helped to move injured sailors to safety before he and the other survivors abandoned the West Virginia , which sank to the bottom of Pearl Harbor. That night, the United States declared war on Japan. Japan declared war on America the next day, and four days later, on December 11, 1941, both Italy and Germany declared war on America. “The powers of the steel pact, Fascist Italy and National Socialist Germany, ever closely linked, participate from today on the side of heroic Japan against the United States of America,” Italian leader Benito Mussolini said. “We shall win.” Of course they would. Mussolini and Germany’s leader, Adolf Hitler, believed the Americans had been corrupted by Jews and Black Americans and could never conquer their own organized military machine. The steel pact, as Mussolini called it, was the vanguard of his new political ideology. That ideology was called fascism, and he and Hitler thought it would destroy democracy once and for all. Mussolini had been a socialist as a young man and had grown terribly frustrated at how hard it was to organize people. No matter how hard socialists tried, they seemed unable to convince ordinary people that they must rise up and take over the country’s means of production. The efficiency of World War I inspired Mussolini. He gave up on socialism and developed a new political theory that rejected the equality that defined democracy. He came to believe that a few leaders must take a nation toward progress by directing the actions of the rest. These men must organize the people as they had been organized during wartime, ruthlessly suppressing all opposition and directing the economy so that businessmen and politicians worked together. And, logically, that select group of leaders would elevate a single man, who would become an all-powerful dictator. To weld their followers into an efficient machine, they demonized opponents into an “other” that their followers could hate. Italy adopted fascism, and Mussolini inspired others, notably Germany's Hitler. Those leaders came to believe that their system was the ideology of the future, and they set out to destroy the messy, inefficient democracy that stood in their way. America fought World War II to defend democracy from fascism. And while fascism preserved hierarchies in society, democracy called on all people as equals. Of the more than 16 million Americans who served in the war, more than 1.2 million were African American men and women, 500,000 were Latinos, and more than 550,000 Jews were part of the military. Among the many ethnic groups who fought, Native Americans served at a higher percentage than any other ethnic group—more than a third of able-bodied men between the ages of 18 and 50 joined the service—and among those 25,000 soldiers were the men who developed the famous “Code Talk,” based in tribal languages, that codebreakers never cracked. The American president at the time, Democrat Franklin Delano Roosevelt, hammered home that the war was about the survival of democracy. Fascists insisted that they were moving their country forward fast and efficiently—claiming the trains ran on time, for example, although in reality they didn’t—but FDR constantly noted that the people in Italy and Germany were begging for food and shelter from the soldiers of democratic countries. Ultimately, the struggle between fascism and democracy was the question of equality. Were all men really created equal as the Declaration of Independence said, or were some born to lead the rest, whom they held subservient to their will? Democracy, FDR reminded Americans again and again, was the best possible government. Thanks to armies made up of men and women from all races and ethnicities, the Allies won the war against fascism, and it seemed that democracy would dominate the world forever. But as the impulse of WWII pushed Americans toward a more just and inclusive society after it, those determined not to share power warned their supporters that including people of color and women as equals in society would threaten their own liberty. Those reactionary leaders rode that fear into control of our government, and gradually they chipped away the laws that protected equality. Now, once again, democracy is under attack by those who believe some people are better than others. The once-grand Republican Party has been captured by the right wing. It has lined up behind former president Donald Trump and his cronies, who have vowed to replace the nonpartisan civil service with loyalists and to weaponize the Department of Justice and the military against those they perceive as enemies. They have promised to incarcerate and deport millions of immigrants and children of immigrants, send federal troops into Democratic cities, ban Muslims, silence LGBTQ+ Americans, prosecute journalists, and end abortion across the country. They will put in place an autocracy in which a powerful leader and his chosen loyalists make the rules under which the rest of us must live. Will we permit the destruction of American democracy on our watch? When America came under attack before, people like Doris Miller refused to let that happen. For all that American democracy still discriminated against him, it gave him room to stand up for the concept of human equality—and he laid down his life for it. Promoted to cook after the Navy sent him on a publicity tour, Miller was assigned to a new ship, the USS Liscome Bay , which was struck by a Japanese torpedo on November 24, 1943. It sank within minutes, taking two thirds of the crew, including Miller, with it. I hear a lot these days about how American democracy is doomed and the reactionaries will win. Maybe. But the beauty of our system is that it gives us people like Doris Miller. Even better, it makes us people like Doris Miller. — Notes: https://en.wikipedia.org/wiki/Italian_declaration_of_war_on_the_United_States https://www.nbcnews.com/politics/donald-trump/trump-retribution-agenda-government-workers-schedule-f-rcna78785 https://www.cbsnews.com/news/donald-trump-weaponization-justice-department-political-opponents/ https://www.theguardian.com/us-news/2023/oct/17/trump-muslim-ban-gaza-refugees https://www.voanews.com/a/trump-plans-to-deport-millions-if-he-is-re-elected-says-report/7351479.html https://www.cnn.com/2023/11/11/politics/trump-stephen-miller-immigration-detention-deportation/index.html https://www.nytimes.com/2023/11/11/us/politics/trump-2025-immigration-agenda.html https://www.latimes.com/politics/story/2023-09-24/mcmanus-column-trump-second-term-agenda https://www.axios.com/2023/11/13/trump-loyalists-2024-presidential-election https://www.pbs.org/newshour/politics/trump-hints-at-expanding-domestic-role-for-the-military-within-the-u-s https://www.theatlantic.com/magazine/archive/2024/01/trump-lgbtq-transgender-community-protections/676139/ https://www.nytimes.com/2023/12/05/us/politics/trump-kash-patel-journalists.html https://apnews.com/article/trump-policies-agenda-election-2024-second-term-d656d8f08629a8da14a65c4075545e0f Share",,2023-12-07,12,2023,341
July-24-2020,https://heathercoxrichardson.substack.com/p/july-24-2020,297,103,"There are two big stories today. Senate Majority Leader Mitch McConnell admitted today that Senate Republicans and the White House will not come up with a plan to shore up the economy for “a few weeks.” This is a huge problem, because enhanced unemployment benefits end in the next few days. At the same time, a four-month federal moratorium on rent collection and evictions is expiring. The coronavirus bill that Congress passed in March attached an extra $600 weekly federal payment to state unemployment benefits. Those state benefits usually cover only about 45% of a worker’s wage. The extra federal money was designed to make up some of the difference between state unemployment benefits and people’s actual needs in the short term (the money is taxable, so some of it will have to be given back next April). There are different plans for extending this boost, but some Republicans worry that the extra money is more than people can make working, and it will discourage them from seeking work, although the coronavirus is making work hard to find. With mounting closures after the new spike in coronavirus cases, there were 1.4 million new unemployment claims last week. Republicans in the Senate rejected the Democrats’ stimulus bill, passed by the House of Representatives in May, but in two months have not been able to agree on a way forward. Now McConnell says he hopes they’ll have a deal in a few weeks. This timing is strikingly poor. The end to federal unemployment support hits just as the moratorium on evictions, also passed in March, ends. That moratorium meant renters could not be evicted for inability to pay their rent, but the rent continued to accumulate. Now, the moratorium is ending. There are 110 million Americans living in rented apartments, and the COVID-19 Eviction Defense Project estimates that between 19 and 23 million of them risk eviction before September. The most vulnerable households are low-income and people of color, and eviction will, of course, cause extraordinary hardship. But there is another brutal calculation in this catastrophic timing: evicted adults will be far less likely to vote. The upcoming election—100 days away-- was in another story more directly today, too. William Evanina, director of the National Counterintelligence and Security Center in the Office of the Director of National Intelligence, issued a statement warning that foreign countries are trying to hack U.S. political campaigns, candidates and other political targets, as well as to “compromise our election infrastructure.” Evanina also warned that “foreign nations continue to use influence measures in social and traditional media in an effort to sway U.S. voters’ preferences and perspectives, to shift U.S. policies, to increase discord and to undermine confidence in our democratic process.” He said that the DNI is “primarily concerned with China, Russia, and Iran.” This prompted an outraged response from House Speaker Nancy Pelosi (D-CA), Senate Minority Leader Chuck Schumer (D-NY), House Intelligence Committee Chair Adam Schiff (D-CA), and Senate Intelligence Committee Vice Chair Mark Warner (D-VA). These four are the Democrats on the Gang of Eight, the eight congressional leaders who must be briefed on classified intelligence. They claimed Evanina’s statement falsely placed China, Iran, and Russia on the same level, while in fact Russia remains by far our biggest threat. There is a recent backstory to today’s fight. On Monday, July 20, the four Democrats released a letter they had written to FBI Director Chris Wray on July 13, asking him to deliver a briefing to all of Congress, not just to the Gang of Eight, on “specific” intelligence about a foreign operation. “We are gravely concerned, in particular, that Congress appears to be the target of a concerted foreign interference campaign, which seeks to launder and amplify disinformation in order to influence congressional activity, public debate, and the presidential election in November,” the letter read. They were apparently referring to investigations led by Ron Johnson (R-WI) chair of the Senate Homeland Security and Governmental Affairs Committee. One investigation is digging into Hunter Biden’s connections to the Ukrainian company Burisma. (Ukrainian prosecutors have cleared Biden of any wrongdoing in his connections with the company.) The other is looking into how the Obama administration handled the investigation of Trump advisor Michael Flynn in 2016-2017. (Flynn twice pleaded guilty to lying to the FBI about his conversations with the Russian Ambassador Sergey Kislyak about lifting sanctions during that time.) These, of course, are investigations Trump has desperately wanted. Indeed, he pressured Ukraine President Volodymyr Zelensky to announce an investigation into Biden and Burisma by withholding money Ukraine badly needed to fight off Russian incursions. After the impeachment trial over that scandal, Trump’s lawyer Rudy Giuliani traveled around Ukraine digging up “witnesses” willing to testify to Biden’s alleged misdeeds, witnesses now informing the Senate committee. These investigations are not intended to uncover wrongdoing—the evidence is overwhelming there was none—they are about manipulating our political narrative. They are designed to plant the idea among voters that presumptive Democratic presidential nominee Joe Biden is corrupt—a scheme that worked brilliantly in 2016, as repeated investigations of Hillary Clinton’s emails undercut her campaign. But, as Russia expert Fiona Hill warned in her testimony before Congress this spring, the “evidence” in these investigations is disinformation coming directly from Russian intelligence agents who want to destabilize the U.S. The Gang of Eight is sworn to secrecy, so Pelosi, Schumer, Schiff, and Warner cannot say exactly what they have learned from intelligence reports. But they said enough: “Almost exactly four years ago, we first observed the Russians engaging in covert actions designed to influence the presidential race in favor of Donald Trump and to sow discord in the United States. Now, the Russians are once again trying to influence the election and divide Americans, and these efforts must be deterred, disrupted and exposed.” “The statement just released by NCSC Director William Evanina does not go nearly far enough in arming the American people with the knowledge they need about how foreign powers are seeking to influence our political process. The statement gives a false sense of equivalence to the actions of foreign adversaries by listing three countries of unequal intent, motivation and capability together. The statement, moreover, fails to fully delineate the goal, nature, scope and capacity to influence our election, information the American people must have as we go into November.” The Democrats want the full Congress briefed, they say, “But a far more concrete and specific statement needs to be made to the American people, consistent with the need to protect sources and methods.  We can trust the American people with knowing what to do with the information they receive and making those decisions for themselves. But they cannot do so if they are kept in the dark about what our adversaries are doing, and how they are doing it.” Amen. But I’m not holding my breath. The Director of National Intelligence overseeing all this is John Ratcliffe, a key Trump ally, formerly a congressman from Texas. He has been in the job only since May 26, and before he became DNI, he made it clear he does not believe that Russia is attacking our electoral system. Johnson is promising to release his reports at the end of the summer, just in time for the election. —- Notes: https://www.aspeninstitute.org/blog-posts/20-million-renters-are-at-risk-of-eviction/ https://www.washingtonpost.com/business/2020/07/24/unemployment-benefits-congress-coronavirus/#comments-wrapper taxable: https://www.cnbc.com/2020/05/08/how-to-avoid-a-huge-tax-hit-from-your-coronavirus-unemployment-benefit.html https://www.washingtonpost.com/business/2020/07/23/another-14-million-workers-filed-unemployment-benefits-last-week-pandemic-continues-weigh-labor-market/ https://www.washingtonpost.com/business/2020/07/24/faq-federal-eviction-moratorium/ https://www.dni.gov/index.php/newsroom/press-releases/item/2135-statement-by-ncsc-director-william-evanina-100-days-until-election-2020 https://www.politico.com/news/2020/07/20/democrats-fbi-briefing-foreign-interference-campaign-373134 https://www.speaker.gov/newsroom/72420-1 https://www.nytimes.com/2020/05/07/opinion/michael-flynn-charges-dropped.html https://www.politico.com/news/2020/07/16/joe-biden-advisers-burisma-subpoenas-366358 https://www.politico.com/news/2020/07/24/counterintelligence-chief-foreign-threats-election-381214 https://www.politico.com/news/2020/07/20/democrats-fbi-briefing-foreign-interference-campaign-373134 Ryan Goodman @rgoodlaw <thread> Why this photo is such a big deal.

Politico: Ukraine pol allegedly sent Kremlin-backed disinformation on Biden to Senators.

Sen. Ron Johnson's spokesperson says Johnson “never received nor would we ever collect information from this individual or individuals like him.” 3:33 PM ∙ Jul 24, 2020 4,617 Likes 2,618 Retweets Share",,2020-07-24,7,2020,206
April-20-2021,https://heathercoxrichardson.substack.com/p/april-20-2021,938,714,"Today a jury in Minneapolis, Minnesota, convicted former police officer Derek Chauvin on all counts in the death of George Floyd. On May 25, 2020, Chauvin knelt on Floyd’s neck for 9 minutes and 29 seconds after arresting him for allegedly trying to pass a counterfeit $20 bill. The jury found Chauvin guilty of second-degree murder, third-degree murder, and second-degree manslaughter. He faces up to 75 years in prison, and will be sentenced in two months. As we heard this verdict today, it was striking how many Americans breathed a sigh of relief. It stands out to me that, although a girl passing by, Darnella Frazier, had the presence of mind to record a video of the entire encounter on her cell phone so we could all see what happened entirely too clearly, we were not certain of the outcome. When they released information about Floyd’s death on May 26, the Minneapolis police department described it like this: “Two officers arrived and located the suspect, a male believed to be in his 40s, in his car. He was ordered to step from his car. After he got out, he physically resisted officers. Officers were able to get the suspect into handcuffs and noted he appeared to be suffering medical distress. [He was, in fact, dead.] Officers called for an ambulance. He was transported to Hennepin County Medical Center by ambulance where he died a short time later.” If Ms. Frazier had not captured the video, would Chauvin be in prison right now? Between 2013 and 2019, only 1% of killings by police have resulted in criminal charges. How many of those deaths are like that of Mr. Floyd? I cannot help but think of the famous image of Deputy Sheriff Cecil Ray Price and Sheriff Laurence A. Rainey laughing at a hearing after their arraignment following the murder of three civil rights workers in Philadelphia, Mississippi, in 1964. Price and Rainey were members of the Ku Klux Klan. On June 21, Price stopped James Chaney, Andrew Goodman, and Michael Schwerner, allegedly for speeding, then arrested them on suspicion that they had burned a church. That night, after they paid their speeding ticket and left, Price followed them, stopped them, ordered them into his car, and then took them down a deserted road and turned them over to two cars full of his fellow terrorists. They beat and murdered the men and buried them at an earthen dam that was under construction. Price and Rainey thought it was funny when they were arraigned along with 16 of their friends—not for murder, because Mississippi refused to bring charges, but for conspiracy and violating the civil rights of the murdered men, both federal offenses. And why shouldn’t they think it was all a joke? The jury was white and, after all, they were law enforcement officers. But, in the end, Price was convicted and sentenced to six years in prison (he served four) and Rainey, who was not at the murder scene, was found not guilty, but lost his job and his marriage and blamed the FBI and the media for ruining his life. That’s what at stake today, of course. After 1877, certain white men in the American South could commit crimes with impunity, doing whatever they wished to the rest of us, because the region had become a one-party state. Protesters like Chaney, Goodman, and Schwerner set out to reestablish the principle of equality before the law. In 1964, Price and Rainey tried to stop them and found, to their surprise, that the world had changed. Then, in 1965, the Voting Rights Act protecting the right of Black people to vote and the stranglehold of the white supremacists on the one-party South loosened. In 2021, once again, certain people in our government and law enforcement would like to exercise the political dominance of a one-party state and the power that comes with it, this time on a national scale. Today, Chauvin found, to his apparent surprise, that the world is changing. May her extraordinary act of bearing witness bring peace to Ms. Frazier. Rest in power, Mr. Floyd. —- Notes: Jake Tapper @jaketapper Seriously, read it again knowing what we know: 9:39 PM ∙ Apr 20, 2021 58,821 Likes 19,648 Retweets /photo/1 https://www.cnbc.com/2020/06/01/george-floyd-death-police-violence-in-the-us-in-4-charts.html Share",,2021-04-20,4,2021,110
December-18-2019,https://heathercoxrichardson.substack.com/p/december-18-2019,129,0,"Just after 8:00 tonight, Donald J. Trump became the third president in American history to be impeached. The others were Andrew Johnson in 1868 and Bill Clinton in 1998. Nixon resigned between the vote of the House Committee on the Judiciary approving the articles and the vote of the House as a whole. This makes Donald Trump the only Republican ever to be impeached, a singular status he will not celebrate. The vote in the House of Representatives was 230-197 on the first charge—abuse of power—and 229-198 on the second, obstruction of Congress. Republicans were solidly opposed to both articles, while two Democrats voted against the first article and three against the second. Tulsi Gabbard (D-HI) voted “Present” on each count. There were only 432 House official members to vote today because two Republicans—Chris Collins (R-NY) and Duncan Hunter (R-CA) have been forced out of office after being convicted of felonies. Collins and Hunter were the first sitting congresspeople to endorse Trump for president. One Democrat was also missing; Katie Hill (D-CA) resigned after nude photos of her were published by the right wing blog RedState, apparently leaked by her estranged husband. George Papadoupoulos, the Trump advisor who tripped the Russia investigation by boasting in summer 2016 that the Russians had damning documents about Hillary Clinton, and who pled guilty to lying to the FBI, announced he would be running for Hill’s seat even before she resigned. It was a long day of debate in the House, and House Speaker Nancy Pelosi treated it somberly, dressed in black and silencing the few members of her caucus inclined to cheer at the final votes when Republicans booed. What we saw today was more of what we saw in the impeachment hearings: Democrats invoked the Constitution and democracy and their oaths of office; Republicans railed against the process, denied well-established facts, and did not defend the president so much as attack the Democrats and try to whip up their base, all the while accusing the Democrats of being partisan. Washington Post conservative columnist Jennifer Rubin tweeted: “The gap in character and intellect between the two parties is stunning.” In one of the most quoted comments of the day, Representative Barry Loudermilk (R-GA) compared Trump to Jesus, saying that “When Jesus was falsely accused of treason, Pontius Pilate gave Jesus the opportunity to face his accusers. During that sham trial, Pontius Pilate afforded more rights to Jesus than the Democrats have afforded this president in this process.” Leaving aside the fact that Trump has refused to participate in the impeachment process, Loudermilk’s comparison of Trump to Jesus offers a glimpse of how the GOP has devolved from a political party to apparent worship of Trump. Loudermilk’s quotation emphasizes Jesus as an individual man persecuted by an empire, the exact same theme Ronald Reagan used to rally voters in 1980, although Reagan identified taxation, rather than execution, as the means of death. Reagan insisted that growing government bureaucracy was crushing individuals by siphoning tax dollars from hardworking white men to benefit lazy people of color and grasping feminists. He vowed to curb the size of the government. The theme of the individual fighting an empire was attractive; it was at the heart of Star Wars in 1977, when Luke Skywalker destroyed the Empire with the help of a ragtag band and the mysterious Force that marked him as special, despite his lack of education or money. Since then, Republicans have justified their tax cuts and shrinking of government, as well as their emphasis on religion, as support for such mythic individualism against “communism,” both real—in the USSR-- and imagined, at the hands of Democrats who vote for programs that cost tax dollars. The idea that the GOP protects individual men and their families by protecting religion and destroying the government is now deeply imbedded in the party, and Trump is delivering on both counts. Loudermilk’s comparison suggests that Republicans have come to see Trump not just as an instrument of the individual against the state, as other Republican politicians have been, but as the embodiment of the persecuted individual come to save them… just as they see Jesus. Now Speaker Pelosi will name House impeachment managers to present the case against Trump at a Senate trial. But after tonight’s vote, she signaled that she is considering following the course legal scholars have suggested in the last few days. After Senate Majority Leader Mitch McConnell (R-KY) announced that the trial would be strictly for show-- Trump would never be convicted under his watch—and then declined to allow the four witnesses the Democrats wanted, observers began to suggest that the House should simply refuse to send the articles to the Senate for a trial. It appears Pelosi is considering that option. She holds a strong hand in this, since 71% of Americans believe the Senate should hear from the witnesses. The Senate trial cannot begin until the House names impeachment managers, and Pelosi said tonight she will not name managers until McConnell commits to fair procedures for the trial. The only reason Pelosi has to rush is to force Senators to vote before registration deadlines for the primaries, so that Republicans will face pro-Trump primary challengers unless they vote to acquit, but if they do, they will have to face angry voters in the general election. This is a problem for the GOP. There are 23 GOP seats in play in 2020, while only 12 Democratic seats. The case for waiting, though, is perhaps stronger: there are a number of legal cases in the works that could lead to more information, and every day brings more negative news stories about Trump. He is clearly becoming unhinged, and will do himself no favors as he twists under this cloud. My guess is that Pelosi will use impeachment as a cudgel more than as a conclusion as she waits for the story to develop. Although the White House claimed that Trump was working today, and would only watch today’s debate sporadically, in fact he spent the day tweeting and retweeting more than 50 times, often in capital letters, blaming the “radical Left, Do Nothing Democrats, AND I DID NOTHING WRONG!... Say a PRAYER!” “SUCH ATROCIOUS LIES BY THE RADICAL LEFT, DO NOTHING DEMOCRATS. THIS IS AN ASSAULT ON AMERICA, AND AN ASSAULT ON THE REPUBLICAN PARTY!!!!” While the House was voting, Trump and Vice President Mike Pence were holding a “Merry Christmas Rally” in Battle Creek, Michigan. Pence warmed up the crowd with economic news before Trump took the stage to speak. At 2 hours, 1 minute, his speech was one minute shorter than his longest ever, possibly to distract his audience and the media—and maybe himself—from events in Washington. CNN reporter Daniel Dale, who covers Trump rallies, said it was one of his most bitter and rambling speeches ever. Notably, Trump’s anger splashed over into an attack on Michigan’s beloved recently deceased congressman John Dingell, whose wife, Representative Debbie Dingell, voted for impeachment. Trump made fun of Debbie Dingell’s call to him after her husband’s death, and then suggested John Dingell was in hell. He said this in Michigan, where Dingell is loved. Aside from anything else, this riff suggests he is so isolated in his own anger that he is no longer reading crowds effectively. After the rally, Trump continued to rile his base, emphasizing the theme of his persecution by the government, in the form of Democrats who had just voted to impeach him. With a dark image of himself, he tweeted a warning: “IN REALITY THEY’RE NOT AFTER ME. THEY’RE AFTER YOU. I’M JUST IN THE WAY.” ——- Notes: House debate: https://www.washingtonpost.com/politics/2019/12/18/gops-closing-impeachment-argument-denying-basic-facts/ Loudermilk: https://www.nbcnews.com/politics/trump-impeachment-inquiry/trump-impeachment-10-best-lines-house-debate-so-far-n1104341 Trump endorsement: https://fortune.com/2016/02/24/donald-trump-gets-first-congressional-endorsements/ Papadopoulos: https://www.cnn.com/2017/10/30/politics/paul-manafort-russia-investigation-surrender/index.html https://www.cnn.com/2019/10/29/politics/george-papadopoulos-congress-california-25/index.html Rubin: Jennifer Rubin @JRubinBlogger The gap in character and intellect between the two parties is stunning 12:42 AM ∙ Dec 19, 2019 50,982 Likes 11,412 Retweets Pelosi and Senate: https://www.politico.com/news/2019/12/18/trump-impeachment-wednesday-house-vote-086512 Trump schedule: https://www.pbs.org/newshour/politics/watch-live-trump-holds-michigan-rally-on-day-of-house-impeachment-vote Daniel Dale on rally: Daniel Dale @ddale8 ! Appearing to surprise some of the crowd, Trump says that the late Democratic congressman John Dingell might be ""looking up,"" like from hell, rather than ""looking down"" from heaven. He adds, ""Maybe."" 2:09 AM ∙ Dec 19, 2019 1,727 Likes 648 Retweets",,2019-12-18,12,2019,352
May-31-2024,https://heathercoxrichardson.substack.com/p/may-31-2024,4268,757,"Today felt as if there was a collective inward breath as people tried to figure out what yesterday’s jury verdict means for the upcoming 2024 election. The jury decided that former president Trump created fraudulent business records in order to illegally influence the 2016 election. As of yesterday, the presumptive Republican nominee for president of the United States of America is a convicted felon. Since the verdict, Trump and his supporters have worked very hard to spin the conviction as a good thing for his campaign, but those arguments sound like a desperate attempt to shape a narrative that is spinning out of their control. Newspapers all over the country bore the word “GUILTY” in their headlines today. At stake for Trump is the Republican presidential nomination. Getting it would pave his way to the presidency, which offers him financial gain and the ability to short-circuit the federal prosecutions that observers say are even tighter cases than the state case in which a jury quickly and unanimously found him guilty yesterday. Not getting it leaves Trump and the MAGA supporters who helped him try to steal the 2020 presidential election at the mercy of the American justice system. After last night’s verdict, Trump went to the cameras and tried to establish that the nomination remains his, asserting that voters would vindicate him on November 5. But this morning, as he followed up last night’s comments, he did himself no favors. He billed the event as a “press conference,” but delivered what Michael Grynbaum of the New York Times described as “a rambling and misleading speech,” so full of grievance and unhinged that the networks except the Fox News Channel cut away from it as he attacked trial witnesses, called Judge Merchan “the devil,” and falsely accused President Joe Biden of pushing his prosecution. He took no questions from the press. Today the Trump campaign told reporters it raised $34.8 million from small-dollar donors in the hours after the guilty verdict, but observers pointed out there was no reason to believe those numbers based on statements from Trump’s campaign. Meanwhile, Trump advisor Stephen Miller shouted on the Fox News Channel that every Republican secretary of state, state attorney general, donor, member of Congress must use their power “RIGHT NOW” to “beat these Communists!” The attempt of MAGA lawmakers to shape events in their favor seemed just as panicked. Representative Jim Banks (R-IN) posted on social media that “New York is a liberal sh*t hole,” and Jim Jordan (R-OH) today asked Manhattan district attorney Alvin Bragg, who brought the case against Trump, to testify before the House Judiciary’s Select Subcommittee on the Weaponization of the Federal Government about “politically motivated prosecutions of…President Donald Trump.” Representative Dan Goldman (D-NY) noted that Trump is a private citizen and Congress has no jurisdiction over the case, but that Jordan is using his congressional authority illegally to defend Trump. MAGA senators were even more strident. Republican senator Mike Lee of Utah melted down on X last night over the verdict, and today he led nine other Republican senators in a revolt against the federal government. Lee, J. D. Vance of Ohio, Tommy Tuberville of Alabama, Eric Schmitt of Missouri, Marsha Blackburn of Tennessee, Rick Scott of Florida, Roger Marshall of Kansas, Marco Rubio of Florida, Josh Hawley of Missouri, and Ron Johnson of Wisconsin issued a public letter saying they would no longer pass legislation, fund the government, or vote to confirm the administration’s appointees because, they said, “[t]he White House has made a mockery of the rule of law and fundamentally altered our politics in un-American ways. As a Senate Republican conference,” they said, although there were only 10 of them, “we are unwilling to aid and abet this White House in its project to tear this country apart.” It was an odd statement seemingly designed to use disinformation to convince voters to stick with them. Ten senators said they would not do the federal jobs they were elected to do because private citizen Trump was convicted in a state court by a jury of 12 people in New York, a jury that Trump’s lawyers had agreed to. The senators attacked the rule of law and the operation of the federal government in a demonstration of support for Trump. A number of the senators involved were key players in the attempt to overturn the 2020 presidential election. Awkwardly, considering the day’s news, a video from 2016 circulated today in which Trump insisted that Democratic presidential candidate Hillary Clinton, who he falsely insisted had committed crimes even as he was the one actually committing them, “shouldn’t be allowed to run.” If she were to win, Trump then said, “it would create an unprecedented constitutional crisis. In that situation, we could very well have a sitting president under felony indictment and, ultimately, a criminal trial. It would grind government to a halt.” Josh Marshall of Talking Points Memo put it correctly: this is not an “outpouring of rage and anger,” so much as “an overwhelming effort to match and muffle the earthquake of what happened yesterday afternoon with enough noise and choreography to keep everyone in Trump’s campaign and on the margins of it in line and on side.” Still, there is more behind the MAGA support for Trump than fearful political messaging. Trump has been hailed as a savior by his supporters because he promises to smash through the laws and norms of American democracy to put them into power. There, they can assert their will over the rest of us, achieving the social and religious control they cannot achieve through democratic means because they cannot win the popular vote in a free and fair election. With Trump’s conviction within the legal system, his supporters are more determined than ever to destroy the rules that block them from imposing their will on the rest of us. Today the Heritage Foundation,* which is now aligned with Victor Orbán’s Hungary, flew an upside-down U.S. flag as a signal of national distress. Their actions were in keeping with Russian president Vladimir Putin’s statement that Trump is being persecuted “for political reasons” and that the cases show “the rottenness of the American political system, which cannot pretend to teach others about democracy.” Ryan J. Reilly of NBC News reported today on a spike in violent rhetoric on social media targeting New York judge Juan Merchan, who oversaw Trump’s Manhattan election interference trial, and District Attorney Bragg. Users of a fringe internet message board also shared what they claimed were the addresses of jurors. “Dox the Jurors. Dox them now,” one user wrote. Another wrote, “1,000,000 men (armed) need to go to [W]ashington and hang everyone. That’s the only solution.” This attack on our democracy was the central message of a crucially important story from yesterday that got buried under the news of Trump’s conviction. In The New Republic , Ken Silverstein reported on a private WhatsApp group started last December by military contractor Erik Prince—founder of Blackwater and brother of Trump’s secretary of education, Betsy DeVos—and including about 650 wealthy and well-connected “right-wing government officials, intelligence operatives, arms traffickers, and journalists,” including Representative Ryan Zinke (R-MT), who served as Trump’s secretary of the interior. Called “Off Leash,” the group discussed, as Silverstein wrote, “the shortcomings of democracy that invariably resulted from extending the franchise to ordinary citizens, who are easily manipulated by Marxists and populists,” collapsing Gaza into a “fiery hell pit,” wiping out Iran, how Africa was a “sh*thole of a continent,” and ways to dominate the globe. Mostly, though, they discussed the danger of letting everyone vote. “There is only one path forward,” Zinke wrote. “Elect Trump.” Another member answered, “It’s Trump or Revolution” “You mean Trump AND Revolution,” wrote another. And yet the frantic MAGA spin on the verdict reveals that there is another way to interpret it. Americans who had lost faith that the justice system could ever hold a powerful man accountable as Trump’s lawyers managed to put off his many indictments see the verdict as a welcome sign that the system still works. “The American principle that no one is above the law was reaffirmed,” Biden said today. “Donald Trump was given every opportunity to defend himself. It was a state case, not a federal case. And it was heard by a jury of 12 citizens, 12 Americans, 12 people like you. Like millions of Americans who served on juries, this jury is chosen the same way every jury in America is chosen. It was a process that Donald Trump's attorney was part of. The jury heard five weeks of evidence…. After careful deliberation, the jury reached a unanimous verdict. They found Donald Trump guilty on all 34 felony counts. Now he’ll be given the opportunity as he should to appeal that decision just like everyone else has that opportunity. That's how the American system of justice works. And it's reckless, it's dangerous, and it's irresponsible for anyone to say this was rigged just because they don't like the verdict. Our justice system has endured for nearly 250 years and it literally is the cornerstone of America…. The justice system should be respected, and we should never allow anyone to tear it down. It’s as simple as that. That's America. That's who we are. And that's who we will always be, God willing.” Today the publisher of Dinesh D’Souza’s book and film 2000 Mules , which alleged voter fraud in the 2020 election, said it was pulling both the book and film from distribution and issued an apology to a Georgia man who sued for defamation after 2000 Mules accused him of voting illegally. MAGA Republicans confidently predicted yesterday that the stock market would crash if the jury found Trump guilty. Today the Dow Jones Industrial Average gained almost 600 points. — EDIT: I originally misidentified the Federalist Society as flying the upside-down American flag, which also meant I associated the Federalist Society with the Danube Institute. This was very much an error: I meant the HERITAGE Foundation. I’ve corrected it. I’m sorry about that. — Notes: https://www.nbcnews.com/politics/donald-trump/trump-supporters-try-doxx-jurors-post-violent-threats-conviction-rcna154882 https://www.nytimes.com/2024/05/31/business/media/cnn-nbc-trump-speech.html https://www.npr.org/2024/05/31/g-s1-2298/publisher-of-2000-mules-election-conspiracy-theory-film-issues-apology https://www.politico.eu/article/charges-against-donald-trump-are-politically-motivated-vladimir-putin-says-russia-us/ https://talkingpointsmemo.com/edblog/owhat-trump-requires/sharetoken/hnWkPTYknWwi https://newrepublic.com/article/182008/erik-prince-secret-global-group-chat-off-leash https://www.reuters.com/world/us/trump-supporters-call-riots-violent-retribution-after-verdict-2024-05-31/ X: TomDreisbach/status/1796634041749271001 clearing_fog/status/1796688610345079191 carlquintanilla/status/1796673529364074902 jkarsh/status/1796607730767262128 RepDanGoldman/status/1796645275739537822 AccountableGOP/status/1796553224293589011 RonFilipkowski/status/1796500340239695948 Jim_Banks/status/1796293183430705353 greggnunziata/status/1796668421725139139 bidenhq/status/1796598389213159514 SenMikeLee/status/1796600766691672394 SenMikeLee/status/1796650441545073147 RonFilipkowski/status/1796723924882919627 Share",,2024-05-31,5,2024,152
January-10-2021,https://heathercoxrichardson.substack.com/p/january-10-2021,928,728,"Unbelievably, it was only a week ago—last Sunday—that we learned Trump had called Georgia’s Secretary of State and pressured him to change the results of the 2020 election. Trump demanded that Brad Raffensperger “find” the 11,780 votes Trump needed to win Georgia. The news of the attempt to get an election official to overrule the will of the people was astonishing: at the time, it was the worst domestic attack on our democracy ever, coming, as it did, from a sitting president. At the time. Over the past several days, the picture of what happened on Wednesday, January 6, 2021, has become clearer, and it’s bad. While Washington, D.C., Mayor Muriel Bowser gave a press conference Wednesday night, there has been not a single official briefing from the White House, the FBI, the Department of Homeland Security, or Capitol Police. The federal government has gone dark. What we do know is that on Wednesday, January 6, 2021, egged on by Trump’s lawyer Rudy Giuliani, Alabama Representative Mo Brooks, Don Jr., and especially Trump himself, Trump supporters stormed the Capitol just as Congress was meeting in joint session to confirm Democrat Joe Biden as our new president. They overpowered the Capitol Police—perhaps with the help of some of the officers—breached the doors, and smashed their way through the historic building, shouting for Vice President Mike Pence—whom Trump insisted was at fault for not overturning the count-- House Speaker Nancy Pelosi, and “traitors” who were counting the electoral votes for Biden. While many of the early pictures from inside the Capitol showed rioters gawking like tourists, ones released this weekend showed violent thugs, carrying plastic handcuffs and seeming to have information about where to find specific members of Congress. They breached the Senate chamber at 2:16, just a minute after the senators made it out. The Capitol Police got the lawmakers to safety, but were not in control of the building. Lawmakers huddled quietly behind barricaded doors waiting for police that took hours to come. When they did arrive, they cleared the area and regained control of the Capitol. After janitors had cleaned the building, lawmakers counted the electoral votes that established Democrats Biden and Kamala Harris as the next president and vice president of the USA. As videos have emerged and timelines been established, it has become apparent we came perilously close to seeing our elected representatives taken hostage or even executed on the makeshift gallows the rioters set up outside the building. But here’s the thing: these were not outside insurgents; they were supporters of the Republican president. Trump enflamed the insurgents but he did not create them: years of demonizing Democrats and suggesting they must not be allowed to govern did that. As NPR reporter Kirk Siegler noted, Nevada rancher Cliven Bundy, infamous for years of standoffs with the federal government, wrote on Facebook that Trump “pointed towards Congress and nodded his head… [and said] go get the job done.” Republicans are now caught in a vise of their own making. They have to stand either with their own voters or with democracy. The night of the attack, more than 100 Republican members of the House of Representatives and several senators, led by Josh Hawley (R-MO) and Ted Cruz (R-TX), continued to endorse Trump’s lies by voting to reject the electoral votes for Biden in key states. The next day, Trump’s supporters tried to argue that the rioters were “Antifa,” despite their Trump garb and the fact Trump invited them, incited them, urged them to go to the Capitol, and after the riot told them he loved them. (An AP investigation establishes that they were right-wing agitators.) When that didn’t take, supporters tried “whataboutism,” comparing the Black Lives Matter protests of this summer to the storming of the Capitol. They are trying to rewrite the history of this week to downplay that we have suffered an attempted coup that killed at least five people, and that the people behind it are still in the highest levels of our government. The realization that we are in the midst of a coup, abetted by Trump’s use of social media, prompted Twitter, Facebook, and Instagram to ban Trump permanently, and to take down QAnon accounts. That, not the Capitol attack and the murder of a police officer, has created outrage among Trump, who is allegedly “ballistic,” and Trump supporters. Republican lawmakers spent the weekend noting how many followers they were losing as Twitter took down QAnon, Nazi, and fake accounts. (Trump opponents noted that this was not actually a good thing to call attention to.) Parler has lost almost all of its supporting businesses and might go out of business itself. Democrats are appalled by what Trump has wrought, and they are joined by plenty of Republicans. In the National Review , for example, Ed Whelan called the Capitol attack “an outrage that ought to have every genuinely patriotic American seething with anger.” He blamed Trump for inciting the attack, and said that “impeachment and conviction of Trump is an appropriate, and probably a necessary, response.” In a powerful video, former Republican Governor of California Arnold Schwarzenegger called the Capitol attack the American equivalent to Kristallnacht, which marked the beginning of German Nazis’ systemic destruction of the Jews. To puncture the idea that the sort of behavior on display on Wednesday was manly, Schwarzenegger told the private story of his abuse at the hands of his father, who had been swept up in the Nazi movement in Austria, and celebrated the sword from his starring role in the 1982 film Conan the Barbarian as a symbol not of toxic masculinity but of democracy, tempered by adversity. He called on all Americans to rally around Biden and to work to make his administration a success. White House appointees’ resignations show which way the wind is blowing. Trump’s former Chief of Staff Mick Mulvaney took to Fox News Sunday to say he had no idea that people might actually do something like attack the Capitol. “People took him literally,” Mulvaney told MSNBC . “I never thought I’d see that.” Similarly, the rioters themselves, once found and arrested, are either apologizing and saying they were swept up in the moment, or denying they were part of the mob. One man apologized for his “indiscretion.” Both Marriott, the world’s largest hotel chain, and health insurer Blue Cross Blue Shield have suspended their donations to lawmakers who voted against the counting of Biden’s electoral votes late Wednesday or early Thursday morning. The anti-Trump Lincoln Project has promised to target companies that donate to any lawmakers who voted against the counting of the electoral votes. Hitting closer to Trump, Stripe, the vendor that handles online credit card payments for Trump’s campaign, has announced it will no longer handle his account. And tonight, the Professional Golfers Association of America Board of Directors took the 2022 PGA Championship away from Trump Bedminster, his New Jersey club. At the end of last week, Democratic leaders set out a three-part plan to punish the president for inciting an insurrection. They gave Pence an option to begin the process of invoking the 25th Amendment, which, considering the president had tried to get him killed, was not necessarily a long shot. Pence refused. They gave McConnell the weekend to convince Trump to resign. Trump refused. They announced that, if both of those things failed, they would begin impeachment proceedings on Monday. McConnell promptly noted that the Senate could not take up such a proceeding until the day before Biden’s inauguration at the earliest. He is bargaining. It is possible to hold an impeachment trial even after a president is out of office, but he knows that Biden does not want the beginning of his term crowded with more Trump business, especially as coronavirus is raging and Biden wants to get it under control. McConnell doesn’t want Republicans to have to vote either for or against the president because such a vote will slice the Republicans in two and make it clear that some of them stand for insurrection. In the Senate, only Republicans Mitt Romney (R-UT), Lisa Murkowski (R-AK), and Pat Toomey (R-PA) have endorsed impeachment. McConnell is hoping Pelosi will blink and the moment will pass. She will not, and it will not. She notes, correctly, that the president is “an imminent threat” to “our Constitution and our Democracy,” and she is trying to give the Republicans cover to do the right thing. Tonight, she announced that the House tomorrow will begin proceedings on a resolution by Representative Jamie Raskin (D-MD) calling on Pence to mobilize the Cabinet to activate the 25th Amendment within 24 hours. If he declines, the House will turn to impeachment. She has asked for unanimous consent for the resolution to enable the Republicans to avoid a vote. If they refuse, the measure will go forward the next day anyway. She also fired a shot across the bow of Republican lawmakers by asking her colleagues for their views on the third section of the 14th Amendment, the one that prohibits anyone who “shall have engaged in insurrection or rebellion” against the United States, “or given aid or comfort to the enemies thereof,” from serving in Congress. As I watch Republican lawmakers try to slip away from the crisis they have made, I think of Black Capitol Police Officer Eugene Goodman, armed only with a nightstick, luring the insurgents in the wrong direction to buy the time Senators needed to escape with their lives. —- Notes: https://talkingpointsmemo.com/news/twitter-reaction-mulvaney-trump-enabling Toomey: Manu Raju @mkraju Toomey on if he regrets supporting Trump: “The president’s behavior after the election was wildly different than his behavior before, he descended into a level of madness and engaged in a level of activity that was just absolutely unthinkable,” he tells @jaketapper on @CNNSotu 2:25 PM ∙ Jan 10, 2021 8,053 Likes 1,870 Retweets https://www.rev.com/blog/transcripts/d-c-mayor-muriel-bowser-press-conference-on-capitol-protests-transcript-january-6 Goodman: Christopher J. Hale @chrisjollyhale Officer Eugene Goodman stopped a mob of white rioters from entering the chambers of the United States Senate.

At this perilous moment in our nation’s history, he was the one person standing between democracy and the rule of tyrants.

(Photo Credit: New York Times) 5:45 PM ∙ Jan 10, 2021 189,035 Likes 35,955 Retweets https://slate.com/news-and-politics/2021/01/eugene-goodman-capitol-police-officer-hero-video.html Flag: Maggie Haberman @maggieNYT I was told by administration officials yesterday when I asked about not lowering the flag that Bill Clinton hadn't for two Capitol officers who died in 1998. A Bill Clinton spokesman tells me he did lower the flags, issued a public statement and spoke with then-Speaker Gingirch. 8:10 PM ∙ Jan 10, 2021 45,438 Likes 7,366 Retweets Naming: Art Martin @gartmartin9 @maggieNYT Clinton lowered the flags within hours of the shooting. they had a memorial service for them in the capitol rotunda...the Capitol Police building is literally named after the 2 officers (and a 3rd fallen one). Do you do any research? 8:21 PM ∙ Jan 10, 2021 620 Likes 86 Retweets https://www.govinfo.gov/content/pkg/STATUTE-112/pdf/STATUTE-112-Pg3693.pdf Television: Acyn Torabi @Acyn Devin Nunes says Republicans have no way to communicate now 3:58 PM ∙ Jan 10, 2021 19,367 Likes 2,965 Retweets https://www.nationalreview.com/bench-memos/trumps-capitol-atrocity/ https://www.state.gov/lifting-self-imposed-restrictions-on-the-u-s-taiwan-relationship/ https://www.washingtonpost.com/business/2021/01/10/marriott-campaign-donations-congress/ Pelosi statement: Eric Schmeltzer 🇺🇸 @JustSchmeltzer Here is the letter. Last paragraph 2:10 AM ∙ Jan 11, 2021 5,347 Likes 1,027 Retweets /photo/1 Rep. Jamie Raskin @RepRaskin Tomorrow we advance my Resolution calling on VP Pence to mobilize the Cabinet to state the obvious—President Trump is unable to successfully discharge the duties of office—and to immediately transfer powers to the VP under section 4 of the 25th Amendment. speaker.gov/sites/speaker.… 3:10 AM ∙ Jan 11, 2021 7,504 Likes 2,025 Retweets https://www.nbcnews.com/politics/congress/right-wing-extremists-vow-return-washington-joe-biden-s-inauguration-n1253546 Cliven Bundy: Kirk Siegler @KirkSiegler Update: Nevada rancher Cliven Bundy is praising the violent mob that took over the US Capitol Wednesday. In a Facebook post, the freed militia leader says President Trump  ""pointed towards Congress and nodded his head ... (and said) go get the job done."" 12:36 AM ∙ Jan 8, 2021 188 Likes 124 Retweets https://apnews.com/article/election-2020-joe-biden-donald-trump-coronavirus-pandemic-elections-1806ea8dc15a2c04f2a68acd6b55cace https://www.politico.com/news/2021/01/08/trump-reacts-to-twitter-ban-456785 https://www.wsj.com/articles/stripe-stops-processing-payments-for-trump-campaign-website-11610319116 pardons: Jennifer Jacobs @JenniferJJacobs LATEST: Trump, confident VP and cabinet won’t attempt to remove him under 25th Amendment, is planning defiant final days in office—more pardons, trip to Alamo, possible action on Big Tech companies. 

Story by @MarioDParker @josh_wingrove and me bloomberg.com Bloomberg - Are you a robot? 1:00 PM ∙ Jan 10, 2021 13,346 Likes 8,369 Retweets PGA of America @PGA ""The PGA of America Board of Directors voted tonight to exercise the right to terminate the agreement to play the 2022 PGA Championship at Trump Bedminster."" — Jim Richerson, PGA of America President 3:01 AM ∙ Jan 11, 2021 71,585 Likes 12,160 Retweets Share",,2021-01-10,1,2021,10
February-10-2025,https://heathercoxrichardson.substack.com/p/february-10-2025,5795,738,"As soon as President Donald Trump took office, his administration froze great swaths of government funding, apparently to test the theory popular with Project 2025 authors that the 1974 law forbidding the president from “impounding” money Congress had appropriated was unconstitutional. The loss of funding has hurt Americans across the country. Today, Daniel Wu, Gaya Gupta, and Anumita Kaur of the Washington Post reported that farmers who had signed contracts with the U.S. Department of Agriculture to improve infrastructure and who had paid up front to put in fences, plant different crops, and install renewable energy systems with the promise the government would provide financial assistance are now left holding the bag. With Republicans in Congress largely mum about this and other power grabs by the administration, the courts are holding the line. Chief Judge John McConnell of the U.S. District Court for the District of Rhode Island today found that the Trump administration has refused to disburse federal funding despite the court’s “clear and unambiguous” temporary restraining order saying it must do so. McConnell said the administration “must immediately restore frozen funding” and clear any hurdles to that funding until the court hears arguments about the case. This includes the monies withheld from the farmers. This evening, Massachusetts U.S. District Judge Angel Kelley blocked the Trump appointees at the National Institutes of Health from implementing the rate change they wanted to apply to NIH grants. But, as legal analyst Joyce White Vance notes, the only relief sought is for the twenty-two Democratic-led states that have sued, keeping Republican-dominated states from freeloading on their Democratic counterparts. As Josh Marshall noted today in Talking Points Memo , it appears a pattern is emerging in which Democratic-led states are suing the administration while officials from Republican-led states, which are even harder hit by Trump’s cuts than their Democratic-led counterparts, are asking Trump directly for help or exceptions. As soon as he took office, Trump’s director of the Office of Management and Budget, Russell Vought, who was a key author of Project 2025 and who is also acting as the head of the Consumer Financial Protection Bureau, announced he was shuttering the agency. That closure was a recommendation of Project 2025, which called the consumer protection agency “a shakedown mechanism to provide unaccountable funding to leftist nonprofits.” Immediately, the National Treasury Employees Union sued him, saying that Vought’s directive to employees to stop working “reflects an unlawful attempt to thwart Congress’s decision to create the CFPB to protect American consumers.” MAGA loyalists, particularly Vice President J.D. Vance, have begun to suggest they will not abide by the rule of law, but before Trump and Vance took office, Supreme Court Chief Justice John Roberts called out Vance’s hints that he would be willing to defy the rulings of federal courts as “dangerous suggestions” that “must be soundly rejected.” Today the American Bar Association took a stand against the Trump administration’s “wide-scale affronts to the rule of law itself” as it attacks the Constitution and tries to dismantle departments and agencies created by Congress “without seeking the required congressional approval to change the law.” “The American Bar Association supports the rule of law,” president of the organization William R. Bay said in a statement. “That means holding governments, including our own, accountable.” He cheered on the courts that “are treating these cases with the urgency they require.” “[R]efusing to spend money appropriated by Congress under the euphemism of a pause is a violation of the rule of law and suggests that the executive branch can overrule the other two co-equal branches of government,” Bay wrote. “This is contrary to the constitutional framework and not the way our democracy works. The money appropriated by Congress must be spent in accordance with what Congress has said. It cannot be changed or paused because a newly elected administration desires it. Our elected representatives know this. The lawyers of this country know this. It must stop.” He called on “elected representatives to stand with us and to insist upon adherence to the rule of law…. The administration cannot choose which law it will follow or ignore. These are not partisan or political issues. These are rule of law and process issues. We cannot afford to remain silent…. We urge every attorney to join us and insist that our government, a government of the people, follow the law.” Today, five former Treasury secretaries wrote an op-ed in the New York Times that also reinforced the legal lines of our constitutional system, warning that “our democracy is under siege.” Robert E. Rubin and Lawrence H. Summers, who served under President Bill Clinton; Timothy F. Geithner and Jacob J. Lew, who served under President Barack Obama; and Janet L. Yellen, who served under President Joe Biden, spoke up about the violation of the United States Treasury’s nonpartisan payment system by political actors working in Elon Musk’s “Department of Government Efficiency.” That DOGE team “lack training and experience to handle private, personal data,” they note, “like Social Security numbers and bank account information.” Their involvement risks exposing highly sensitive information and even risks the failure of critical infrastructure as they muck around with computer codes. The former Treasury secretaries noted that on Saturday morning, a federal judge had temporarily stopped those DOGE workers from accessing the department’s payment and data systems, warning that that access could cause “irreparable harm.” “While significant data privacy, cybersecurity and national security threats are gravely concerning,” the former secretaries wrote, “the constitutional issues are perhaps even more alarming.” The executive branch must respect that Congress controls the nation’s money, they wrote, reiterating the key principle outlined in the Constitution: “The legislative branch has the sole authority to pass laws that determine where and how federal dollars should be spent.” The Treasury Department cannot decide “which promises of federal funding made by Congress it will keep, and which it will not,” the letter read. “The Trump administration may seek to change the law and alter what spending Congress appropriates, as administrations before it have done as well. And should the law change, it will be the role of the executive branch to execute those changes. But it is not for the Treasury Department or the administration to decide which of our congressionally approved commitments to fulfill and which to cast aside.” That warning appears as Trump indicates that he is willing to undermine the credit of the United States. Yesterday, on Air Force One, he told reporters that the members of the administration trying to find wasteful spending have suggested that they have found fraud in Treasury bonds and that the United States might “have less debt than we thought.” The suggestion that the U.S. might not honor its debt is a direct attack on the Fourteenth Amendment to the Constitution, which says that “[t]he validity of the public debt of the United States, authorized by law, including debts incurred for payment of pensions and bounties for services in suppressing insurrection or rebellion, shall not be questioned.” That amendment was written under similar circumstances, when former Confederates sought to avoid debt payments and undermine the power of the federal government. Lauren Thomas, Ben Drummett, and Chip Cutter of the Wall Street Journal reported yesterday that “for CEOs and bankers, the Trump euphoria is fading fast.” Consumers are losing confidence in the economy, and observers expect inflation, while business leaders find that trying to navigate Trump’s on-again-off-again tariffs is taking all their attention. Meanwhile, Trump has continued his purge of government employees he considers insufficiently loyal to him. On Friday he tried to get rid of Ellen Weintraub of the Federal Elections Commission, who contended that her removal was illegal. He also fired Colleen Shogan, the Archivist of the United States, head of the National Archives and Records Administration (NARA), the government agency that handles presidential records. The archivist is the official responsible for receiving and validating the certified electoral ballots for presidential elections—a process Trump’s people tried to corrupt after he lost the 2020 presidential election. It was NARA that first discovered Trump’s retention of classified documents and demanded their return, although Shogan was not the archivist in charge at the time. The courts happened to weigh in on the case of the retained classified documents today, when U.S. District Judge Beryl Howell ruled that the FBI must search its records in response to a Freedom of Information Act request from journalist Jason Leopold after Leopold learned that Trump had allegedly flushed presidential records down the toilet when he was president, and later brought classified documents to Florida. The judge noted that the Supreme Court ruling in Trump v. United States that the president cannot be prosecuted for crimes committed as part of his official duties and is “at least presumptive[ly] immune from criminal prosecution for…acts within the outer perimeter of his official responsibility” means that there is no reason to hold back information to shield him from prosecution. Indeed, Howell notes, that decision means that the FOIA request is now the only way for the American public to “know what its government is up to.” Howell highlighted that the three Supreme Court justices who dissented from the Trump v. United States decision described it as “mak[ing] a mockery of the principle, foundational to our Constitution and system of Government, that no man is above the law.” In a footnote, Howell also called attention to the fact that presumptive immunity for the president does not “extend to those who aid, abet and execute criminal acts on behalf of a criminally immune president. The excuse offered after World War II by enablers of the fascist Nazi regime of ‘just following orders’ has long been rejected in this country’s jurisprudence.” Today, Trump fired David Huitema, director of the Office of Government Ethics, the department that oversees political appointments and helps nominees avoid conflicts of interest. On Friday, Trump fired the head of the Office of Special Counsel, U.S. Special Counsel Hampton Dellinger. That office enforces federal whistleblower laws as well as the law that prohibits federal employees from engaging in most political activity: the Hatch Act. Congress provided that the special counsel can be removed only for “inefficiency, neglect of duty, or malfeasance in office,” and today Dellinger sued, calling his removal illegal. Tonight, Judge Amy Berman Jackson blocked Dellinger’s firing through Thursday as she hears arguments in the case. — Notes: https://storage.courtlistener.com/recap/gov.uscourts.rid.58912/gov.uscourts.rid.58912.96.0_2.pdf https://storage.courtlistener.com/recap/gov.uscourts.mad.280590/gov.uscourts.mad.280590.25.0.pdf https://www.washingtonpost.com/politics/2025/02/10/trump-judges-vance-musk-defy-orders/ https://www.washingtonpost.com/opinions/2025/01/01/roberts-vance-court-orders-trump-constitution/ https://newrepublic.com/post/191345/union-sue-trump-vought-cfpb-shutdown https://www.americanbar.org/news/abanews/aba-news-archives/2025/02/aba-supports-the-rule-of-law/ https://www.nytimes.com/2025/02/10/opinion/treasure-secretaries-doge-musk.html https://www.nytimes.com/2025/02/07/nyregion/attorneys-general-trump-musk-suit.html https://www.washingtonpost.com/nation/2025/02/10/farmers-agriculture-funding-frozen/ https://static.project2025.org/2025_MandateForLeadership_FULL.pdf , p. 837 https://constitution.congress.gov/constitution/amendment-14/ https://www.reuters.com/markets/us/trump-says-us-might-have-less-debt-than-thought-2025-02-09/ https://www.wsj.com/economy/consumers/americans-jittery-over-inflation-university-of-michigan-survey-suggests-1476cf39 https://www.wsj.com/business/deals/trump-boom-corporate-uncertainty-6383263d https://www.politico.com/news/2025/02/07/trump-fires-national-archives-chief-00203246 https://www.politico.com/news/2025/02/07/donald-trump-fec-commissioner-firing-014200 https://www.politico.com/news/2025/02/10/trump-executive-branch-lawsuit-00203354 https://www.govexec.com/management/2025/02/ethics-and-whistleblower-officials-fired-trump/402887/ https://www.politico.com/news/2025/02/10/fbi-trump-classified-docs-case-015570 https://ecf.dcd.uscourts.gov/cgi-bin/show_public_doc?2022cv1921-44 https://ecf.dcd.uscourts.gov/cgi-bin/show_public_doc?2022cv1921-44 https://talkingpointsmemo.com/edblog/blue-state-law-red-state-law https://www.newsweek.com/judge-rips-supreme-court-immunity-ruling-records-case-related-trump-2029103 Bluesky: kyledcheney.bsky.social/post/3lhujqgpkam2z Share",,2025-02-10,2,2025,41
February-7-2022,https://heathercoxrichardson.substack.com/p/february-7-2022,905,684,"It appears that the Republican National Committee’s censure of Representatives Liz Cheney (R-WY) and Adam Kinzinger (R-IL), along with its declaration that the riot at the U.S. Capitol on January 6, 2021, was “legitimate political discourse,” has created a problem for Republican lawmakers as they try to position the party for the midterms and the 2024 election. Coming, as the statement did, just after former president Trump said that Pence had the power to “overturn the election” and that if reelected, Trump would pardon those who attacked the Capitol, it has put the Republican Party openly on the side of overturning our democracy. Trump loyalists have been insisting that the rioters were “political prisoners,” and clearly the RNC was speaking for them. This wing of the party got a boost this evening when venture capitalist Peter Thiel, the libertarian whose wealth Forbes estimates to be about $2.6 billion, announced that he is stepping down from the board of Meta, the parent company of Facebook, to focus on electing Trump-aligned candidates in 2022. Thiel famously wrote in 2009 that he “no longer believe[s] that freedom and democracy are compatible,” and deplored “the vast increase in welfare beneficiaries and the extension of the franchise to women” after 1920. It also got a boost today when the Supreme Court halted a lower court’s order saying that a redistricting map in Alabama violated the Voting Rights Act by getting rid of a Black majority district. Alabama’s population is 27% Black, which should translate to 2 congressional seats, but by the practice of “packing and cracking”—that is, packing large numbers of Black voters into one district and spreading them thinly across all the others—only one district will likely have a shot at electing a Black representative. The vote for letting the new maps stand was 5 to 4, with Chief Justice John Roberts siding with the liberals against the new right-wing majority, in control thanks to the three justices added by Trump. But the backlash against the RNC’s statement suggests that most Americans see the deadly attack on our democracy for what it was, and Republican lawmakers are now trying to deflect from the RNC’s statement. RNC chair Ronna McDaniel said that media quotes from the resolution are a “lie” and says the committee did not mean it to be taken as it has been. But other Republicans seemed to understand that the RNC has firmly dragged the Republican Party into Trump’s war on our democracy. National Review called the statement “both morally repellent and politically self-destructive,” and worried that “it will be used against hundreds of elected Republicans who were not consulted in its drafting and do not endorse its sentiment.” If indeed the RNC simply misworded their statement, the editors said, “its wording is political malpractice of the highest order coming from people whose entire job is politics.” Sunday, former New Jersey governor Chris Christie, who seems to entertain hopes for 2024, said on ABC’s This Week that “January 6 was a riot incited by Donald Trump in an effort to intimidate Mike Pence and Congress into doing exactly what he said in his own words—overturn the election.” But others, like Senator Todd Young (R-IN), seem to be trying to split the baby. Young told Christiane Amanpour that those saying the attack was legitimate political discourse are “a fringe group,” although the RNC is quite literally the official machinery of the Republican Party. Young is up for reelection in 2022. He is also from Indiana, as is former vice president Mike Pence, who seems to be positioning himself to take over the party as Trump’s legal woes knock him out of the running for 2024. On Friday, Pence told the Federalist Society that Trump was “wrong” to say that he, Pence, had the power to overturn the election. But he did not say that Biden won the election fairly. Then, on Sunday, Pence’s former chief of staff Marc Short seemed to try to let Trump off the hook for his pressure on Pence, telling Chuck Todd on Meet the Press that the former president “had many bad advisers who were basically snake oil salesmen giving him really random and novel ideas as to what the vice president could do.” They seem to be trying to keep Trump’s voters while easing the former president himself offstage, hoping that voters will forget that the Republican leadership stood by Trump until he openly talked of overturning the election. Representative Adam Schiff (D-CA), chair of the House Intelligence Committee and a member of the House Select Committee to Investigate the January 6th Attack on the U.S. Capitol, seems unlikely to stand by as the country moves on, as the National Review editors indicated they were hoping. As he said in his closing at Trump’s first impeachment trial: “History will not be kind to Donald Trump. If you find that the House has proved its case, and still vote to acquit, your name will be tied to his with a cord of steel and for all of history.” The other big news of the past day is that it turns out that Trump and his team mishandled presidential records, suggesting that we will never get the full story of what happened in that White House. By law, presidential records and federal records belong to the U.S. government. An administration must preserve every piece of official business. Some of the documents that the Trump team delivered to the January 6 committee had been ripped up and taped back together, some were in pieces, and some, apparently, were shredded and destroyed. Legal commentator Asha Rangappa noted that Trump’s impeachments mean that such shredding could have amounted to an obstruction of justice. Today we learned that the National Archives and Records Administration had to retrieve 15 boxes of material from Trump’s Florida residence Mar-a-Lago, including correspondence with North Korean leader Kim Jong Un and the letter that former president Barack Obama left for Trump (which would have brought a pretty penny if it were sold). Trump aides say they are trying to determine what other records need to be returned. Former Republican Kurt Bardella noted, “If this had happened during a Democratic Administration while Republicans were in the majority, I guarantee you [the Oversight Committee] would be launching a massive investigation into this and writing subpoenas right now to any and every W[hite] H[ouse] official that was involved in this.” Former Secretary of State Hillary Clinton used the story to raise money for her progressive organization, Onward Together. She linked to the story as she urged people to “Take a sip from your new mug as you read the news.” With the tweet was the picture of a mug with her image and the caption “But Her Emails.” House January 6 committee member Jamie Raskin (D-MD) says that the committee is planning to hold public hearings in April or May. They have been slowed down by the reluctance of the Trump team to cooperate. — Notes: Hugo Lowell @hugolowell New: @GovChristie tells it straight on ABC: “Jan. 6 was a riot incited by Donald Trump in an effort to intimidate Mike Pence and Congress into doing exactly what he said in his own words — overturn the election.” 4:41 PM ∙ Feb 6, 2022 24,727 Likes 5,902 Retweets Asha Rangappa @AshaRangappa_ And when were they shredded? Apart from violating the Presidential Records Act*, the minute that the impeachment process got underway this would have been evidence and destruction is obstruction Hugo Lowell @hugolowell New via Washington Post: When the Jan. 6 committee asked for certain docs related to Trump’s efforts to pressure Pence, for example, some of them no longer existed because they had already been shredded. 12:13 AM ∙ Feb 6, 2022 14,725 Likes 4,130 Retweets Manu Raju @mkraju GOP Sen. Todd Young, who is up for re-elect this year, to @amanpour on RNC resolution: “I don’t know any American that regards that as legitimate political discourse. I certainly haven't encountered them here in the state of Indiana. That is a fringe group.” 6:53 PM ∙ Feb 7, 2022 5,902 Likes 965 Retweets https://www.axios.com/pence-chief-staff-trump-election-ad0e1566-12dd-469e-9e40-01dd4fc21b55.html https://www.politico.com/news/2022/02/06/republicans-cheney-kinzinger-rubio-00006039 https://talkingpointsmemo.com/news/raskin-january-6-committee-public-hearings-timing https://chicago.suntimes.com/columnists/2022/2/6/22920968/rnc-censure-adam-kinzinger-liz-cheney-could-backfire-illinois-republicans https://www.cato-unbound.org/2009/04/13/peter-thiel/education-libertarian/ “RNC should take a lesson from Mike Pence,” National Review, February 5, 2022 (I won’t link to this because it always crashes my computer, and it might do the same to yours). https://www.washingtonpost.com/politics/2022/02/07/trump-records-mar-a-lago/ Hugo Lowell @hugolowell New via Washington Post: When the Jan. 6 committee asked for certain docs related to Trump’s efforts to pressure Pence, for example, some of them no longer existed because they had already been shredded. 9:43 PM ∙ Feb 5, 2022 18,926 Likes 6,336 Retweets https://www.motherjones.com/impeachment/2020/02/adam-schiff-makes-his-final-case-for-impeachment-history-will-not-be-kind-to-donald-trump/ https://www.nytimes.com/interactive/2021/01/07/us/elections/electoral-college-biden-objectors.html https://www.nytimes.com/2022/02/07/technology/peter-thiel-facebook.html Kurt Bardella @kurtbardella If this had happened during a Democratic Administration while Republicans were in the majority, I guarantee you @GOPoversight would be launching a massive investigation into this and writing subpoenas right now to any and every WH official that was involved  in this. Jacqueline Alemany @JaxAlemany Scoop: National Archives last month had to retrieve boxes of Trump WH records from Mar-a-Lago that were improperly removed from the WH. The items included correspondence w Kim Jong Un. With @jdawsey1⁩ ⁦@thamburger⁩ & ⁦@AshleyRParker⁩ > https://t.co/ZdGvEk66Zv 3:46 PM ∙ Feb 7, 2022 4,435 Likes 1,373 Retweets Hillary Clinton @HillaryClinton Take a sip from your new mug as you read the news... shop.onwardtogether.org/collections/fr… 5:00 PM ∙ Feb 7, 2022 23,900 Likes 4,403 Retweets https://www.washingtonpost.com/nation/2022/01/31/trump-ripped-up-documents/ https://www.washingtonpost.com/politics/2022/02/07/supreme-court-alabama-racial-gerrymandering/ ​​ https://talkingpointsmemo.com/news/marc-short-trump-snake-oil-salesmen-pence-2020-election-certification https://www.washingtonpost.com/politics/2022/02/07/trump-records-mar-a-lago/ https://www.washingtonpost.com/nation/2022/01/31/trump-ripped-up-documents/ https://www.justsecurity.org/73265/destroying-federal-documents-during-a-presidential-transition-is-a-federal-crime/ Share",,2022-02-07,2,2022,38
November-24-2020,https://heathercoxrichardson.substack.com/p/november-24-2020,496,180,"The stock market, which has been strong thanks to the good news about coronavirus vaccines, jumped to a record high today on news that President-Elect Joe Biden is planning to nominate Janet Yellen to head the Treasury Department. She will be the first woman to lead the department, and is considered an especially strong pick, particularly at this moment. Yellen is a labor economist and monetary policy expert who cares deeply about issues of inequality, and is respected by members of both parties. She served as the Chair of the Federal Reserve from 2014 to 2018, and headed the White House Council of Economic Advisers under President Bill Clinton. Yellen’s strong piloting of the Federal Reserve won her support on Wall Street, while she is also popular with labor interests: many analysts credit her with the strong labor market of the Obama years that continued until the pandemic. Former Goldman Sachs executive Gary Cohn, who advised Trump on economic policy, tweeted that Yellen “is an excellent choice…. [S]he will be the steady hand we need to promote an economy that works for everyone, especially during these difficult times.” Senator Elizabeth Warren (D-MA), known as a progressive, tweeted that the choice of Yellen is “outstanding…. She is smart, tough, and principled…. [S]he has stood up to Wall Street banks….” Yellen’s expected nomination is yet another Biden pick that emphasizes stability and a return to a government to which Americans had become accustomed before Trump’s election. The Biden-Vice President-Elect Kamala Harris administration appears ready to use the government to help ordinary Americans. That return to our traditional position appears popular among financial markets as well as with ordinary voters. The Dow Jones industrial average jumped with the Yellen news, but it had topped 30,000 earlier, shortly after Pennsylvania certified its votes for Biden. Investors like political stability. Trump’s erratic behavior threatened to make business success depend not on ability but on political favoritism, which business leaders actually don’t like because it enables a political leader to pick winners and losers. Recently, the president’s attacks on our democratic system have undermined confidence so that Biden’s certified win was a relief (although later in the day Trump tried to take credit for the stock market high). Yesterday, officials at General Motors noted that the Trump years had made the government lag behind popular opinion. They abandoned their former support for Trump’s rollback of emissions standards and sided with California in its quest to modernize our automotive fleet. CEO Mary Barra wrote to leaders of environmental groups, saying: “We believe the ambitious electrification goals of the President-elect, California, and General Motors are aligned to address climate change by drastically reducing automobile emissions,” she wrote. “We are confident that the Biden Administration, California, and the U.S. auto industry, which supports 10.3 million jobs, can collaboratively find the pathway that will deliver an all-electric future.” The outgoing Trump administration is not taking the rejection of their policies lying down. It appears officials are trying to use their last months in office to undermine Biden and Harris, making sure they enter office with crises at hand and a limited number of options for dealing with them. As coronavirus roars across the country, the administration remains committed to the idea of simply letting the virus take its toll until vaccines are available. Vice President Mike Pence, the head of the White House Coronavirus Task Force, briefed reporters last Thursday for the first time since July, assuring them that while infection rates are rising, “[W]e approach this moment with the confidence of experience. We know the American people know what to do.” In the last week, the United states has seen 1.2 million new infections, bringing our total to more than 12.5 million. We are approaching an official death count of 260,000, and are losing about 1500 people every day. Doctors in Utah are having to ration care; Minnesota, Kansas, and Missouri are short of beds in intensive care units; Texas had to mobilize 36 National Guard personnel to help clear an overflow of bodies at the El Paso morgue. Dr. Anthony Fauci, head of the National Institute of Allergy and Infectious Diseases, warns that fatalities could get worse. “Two to three thousand deaths a day times a couple of months, and you’re approaching a really stunning number of deaths,"" he told Yahoo News . But, he noted, “It isn’t inevitable…. We can blunt the curve” by wearing masks, washing hands, and social distancing until the newly announced coronavirus vaccines are widely available. And yet, Republicans continue to downplay the dangers of the virus, although 8 of the 53 Senate Republicans have themselves tested positive for it. Last week Senator Ted Cruz (R-TX) called a request from Senator Sherrod Brown (D-OH) that another senator wear a mask to protect nearby staffers “idiotic” and “an ostentatious sign of fake virtue.” More than 125 economists this week wrote an open letter calling for a new coronavirus relief package to tide the country over until coronavirus vaccines can stem the economic crisis, especially as measures passed back in March will expire with the end of the year. They are simply echoing the many calls for such a measure, including ones from Trump-appointed Federal Reserve Chair Jerome Powell. But while the Democratic-controlled House of Representatives passed a new $3 trillion bill back in May, Senate Majority Leader Mitch McConnell has declined to take it up, and has not been able to bring Senate Republicans together to back their own version. Now, he has sent senators home for Thanksgiving without taking up a bill. Today negotiators for the House and Senate hammered out a deal to keep the government funded past the December 11 shutdown date, but while Democrats still remain hopeful they can include coronavirus relief measures in the package, Republicans are pessimistic. Last week, Treasury Secretary Steve Mnuchin went further to divorce the government from supporting the economy in this perilous time. He announced that he was suspending the Treasury’s lending powers at the end of the year, taking away a crucial backstop for businesses and local governments. He is also clawing back from the Federal Reserve about $250 billion appropriated under the original coronavirus relief bill in an apparent attempt to keep it out of the hands of the Biden team. That money will go back to Congress, which would have to reappropriate it in another bill to make it available again, which the Republican Senate shows no sign of being willing to do. Republicans have expressed concern that the Biden administration could use the appropriated money to bail out states and local governments, which by law cannot borrow to tide them over. The U.S. Chamber of Commerce objected strongly to Mnuchin’s actions. In a public statement, it said: ““American businesses and workers are weary of these political machinations when they are doing everything in their power to keep our economy going. We strongly urge these programs be extended for the foreseeable future and call on Congress to pass additional pandemic relief targeted at the American businesses, workers and industries that continue to suffer. We all need to unite behind the need of a broad-based economic recovery.” David Wilcox, who holds a PhD in Economics from MIT and is the former chief economist for the Federal Reserve, was blunt. He told journalist Ambrose Evans-Pritchard, “The most obvious interpretation is that the Trump administration is seeking to debilitate the economic recovery as much as possible on the way out of the door.” This is why Yellen’s nomination is being greeted with such relief. Observers expect her to back government spending to address the devastating effects of the coronavirus on the economy, while her background in monetary policy will help her craft a coordinated response between the Federal Reserve and the Treasury Department. —- Notes: https://www.nytimes.com/live/2020/11/24/business/us-economy-coronavirus https://www.politico.com/news/2020/11/23/biden-picks-janet-yellen-treasury-439760 https://www.politico.com/news/2020/11/23/yellen-treasury-secretary-democrats-440032 https://www.cbsnews.com/news/coronavirus-task-force-briefing-watch-live-stream-today-2020-11-19/ https://www.usatoday.com/story/news/health/2020/11/24/covid-news-nfl-mask-mandate-los-angeles-maryland/6398149002/ https://news.yahoo.com/fauci-warns-of-stunning-number-of-deaths-from-coronavirus-212445433.html https://www.axios.com/overwhelmed-hospitals-covid-db5a2212-1d89-419b-b143-437d823feb9e.html https://www.cbsnews.com/news/texas-national-guard-el-paso-morgue-covid-19-overflow/ https://www.washingtonpost.com/politics/2020/11/24/nearly-sixth-senate-republican-caucus-has-tested-positive-coronavirus/ https://www.politico.com/news/2020/11/24/house-senate-funding-government-shutdown-440460 https://www.newsweek.com/another-stimulus-check-critical-economic-recovery-more-125-economists-say-1549839 https://finance.yahoo.com/news/trump-strips-us-fed-emergency-132252747.html https://www.uschamber.com/press-release/us-chamber-of-commerce-statement-treasury-s-termination-of-federal-reserve-s-emergency Share",,2020-11-24,11,2020,329
July-20-2022,https://heathercoxrichardson.substack.com/p/july-20-2022,1264,533,"Today, documents released by the House Oversight and Reform Committee confirmed that the Trump administration’s attempt to include a citizenship question on the 2020 census was a strategy to skew population data to benefit Republicans. Trump had refused to turn over the documents, but the Biden administration agreed to allow the House committee to see them. U.S. censuses, which are required every 10 years under our Constitution, have always counted “persons,” and both voting and public monies are proportioned according to those numbers. Under Commerce Secretary Wilbur Ross, the Trump administration wanted to include a question about citizenship, and administration officials first suggested that they would count citizens, rather than legal residents and undocumented immigrants, for purposes of representation, and then said they needed citizenship information to enforce the 1965 Voting Rights Act. Opponents claimed the proposed new question was designed to scare immigrants, who tend to vote Democratic, away from being counted, which would have shifted representation and government monies toward Republicans. A district court said Secretary Ross’s action was “arbitrary and capricious, based on a pretextual rationale, and violated certain provisions of the Census Act,” and the Supreme Court added that the administration’s claim to need citizenship information to enforce the 1965 Voting Rights Act was “contrived.” It blocked the administration from including that question on the census. Now, we have documents showing that Ross and other Trump administration officials actively sought to exclude undocumented immigrants from the census in the hope that their erasure would also make legal immigrants avoid being counted, and thus cut representation for and funding to Democratic districts. One handwritten note suggests using the Voting Rights Act as cover. This is a stark example of the dangers of turning our government over to an authoritarian leader who will use our fundamental governmental systems to draw power to himself. This census question had the potential to affect our governmental system profoundly. Even without the census question, the U.S. Census Bureau in March 2022 said a quality check revealed that Black Americans, Indigenous Americans, and Hispanic or Latino Americans were undercounted in 2020, while white inhabitants and Asian inhabitants were overcounted. This is just the latest example of Trump and his allies trying to use our government to cement their power, among others that reached from Trump’s attempt to weaponize funds approved by Congress for Ukraine to fight off Russian incursions so as to damage likely Democratic opponent Joe Biden, to the January 6 attempt to stop Biden's certification as president-elect. These attempts appear to have reached deep into the Secret Service as well, and today we learned that the Department of Homeland Security itself might have played along. Carol D. Leonnig and Maria Sacchetti of the Washington Post today reported that whistleblowers have revealed that DHS inspector general Joseph Cuffari, a Trump appointee, learned in February that nearly all text messages from around the time of the January 6, 2021, attack on the Capitol had been deleted from Secret Service agents’ cell phones but elected to keep that information from Congress. The inspector general’s office also declined to tell Congress that the Secret Service was refusing to turn over records from that period. And yet, for all the efforts of officials in the Trump administration to seize power by compromising our national systems, a Trump-era White House aide who testified before the House Select Committee to Investigate the January 6th Attack on the U.S. Capitol claimed that it is he and his colleagues who are victims of a strong state. In a webcast after his testimony, Garrett Ziegler, an aide to trade advisor Peter Navarro who appears to have been the person who admitted Trump allies to the White House for the shocking meeting of December 18 where they discussed martial law, continued to claim that the 2020 election was stolen. As for the January 6 committee: “They’re Bolsheviks,” he said, in an echo of Republican rhetoric calling all opponents communists, “so, they probably do hate the American Founders and most White people in general. This is a Bolshevistic anti-White campaign. If you can’t see that, your eyes are freaking closed. And so, they see me as a young Christian who they can try to basically scare, right?” He attacked the women who have cooperated with the committee with offensive language. Meanwhile, the January 6 committee continues to bear down on the Trump administration. Amy Gardner, Josh Dawsey, and Paul Kane of the Washington Post reported tonight that at tomorrow night’s public hearing, the committee is planning to show outtakes from Trump’s reluctant video of January 7, when there was talk of removing him from office. While the struggle between the Trump team and those trying to bring them to justice continues, President Biden is trying to move the country forward to address the existential crisis of climate change. Europe is suffering under a terrible heat wave; Britain has declared a climate emergency and, with airstrips softened by extreme heat, grounded the Royal Air Force; and 100 million Americans are under emergency heat warnings. On Monday, the secretary-general of the United Nations, António Guterres, warned world leaders gathered at the Petersberg Climate Dialogue in Berlin, where they are gathered to advance multilateral climate negotiations: “Half of humanity is in the danger zone from floods, droughts, extreme storms and wildfires. No nation is immune. Yet we continue to feed our fossil fuel addiction…. What troubles me most is that, in facing this global crisis, we are failing to work together as a multilateral community. Nations continue to play the blame game instead of taking responsibility for our collective future. We cannot continue this way,” he said. “We have a choice. Collective action or collective suicide. It is in our hands.” In the U.S., the recent West Virginia v. EPA decision of the Supreme Court, weakening the ability of the government to shift the country toward clean energy by regulating carbon dioxide emissions, has limited the government’s ability to address climate change. So, too, has the insistence of Republican senators, as well as Democratic senator Joe Manchin of West Virginia, that short-term economic interests outweigh the imperatives of climate change. Days ago, Manchin said he would not support new investment in clean energy out of concern over inflation. Without him, the Democrats' plans for addressing climate change through legislation can't move forward, since no Republicans are on board. So President Biden is working around them. Today, he traveled to Somerset, Massachusetts, to reiterate that climate change is an emergency and to illustrate that combating it offers us a new, innovative economy. As National Climate Advisor Gina McCarthy explained to reporters, until 2017, Somerset was the site of one of the biggest and oldest coal-fired power plants in New England. Now that plant will be making cable to anchor offshore wind turbines. Hoping to bring that innovation to the nation more widely, Biden noted that extreme weather events—wildfires, droughts, hurricanes, and floods—cost the U.S. $145 billion last year alone. They damage our economy and our national security. “As President, I have a responsibility to act with urgency and resolve when our nation faces clear and present danger,” he said today. “And that’s what climate change is about. It is literally, not figuratively, a clear and present danger.” Biden is planning to invest more than $2 billion from the Federal Emergency Management Agency and $385 million from the Low Income Home Energy Assistance Program to help people cool their homes. In early June, Biden used the Defense Production Act to speed up the domestic manufacture of solar equipment. The bipartisan infrastructure law has added $3.1 billion to the mix to weatherize homes and make them more energy efficient, and the American Rescue Plan provided $16 billion to clean up methane leaking from capped oil wells, abandoned when they stopped making money. Biden vowed that addressing the climate crisis would provide good manufacturing jobs, repair supply chains, and clean up the environment. He promised to use the power of the presidency to do what Congress currently is not. “[I]n the coming weeks, I’m going to use the power I have as President to turn these words into formal, official government actions through the appropriate proclamations, executive orders, and regulatory power that a President possesses,” he said. “[W]hen it comes to fighting…climate change, I will not take no for an answer. I will do everything in my power to clean our air and water, protect our people’s health, to win the clean energy future,” he said. “We have an opportunity here.” — Notes: https://www.whitehouse.gov/briefing-room/statements-releases/2022/06/06/fact-sheet-president-biden-takes-bold-executive-action-to-spur-domestic-clean-energy-manufacturing/ https://metro.co.uk/2022/07/18/planes-cant-land-at-raf-brize-norton-because-the-runway-has-melted-17021348/ https://www.cnn.com/2022/07/18/politics/us-climate-change-inaction-what-matters/index.html https://www.washingtonpost.com/climate-environment/2022/07/18/climate-change-manchin-math/ https://www.npr.org/2019/08/14/749930756/do-trump-officials-plan-to-break-centuries-of-precedent-in-divvying-up-congress ​​ https://www.supremecourt.gov/opinions/18pdf/18-966_bq7c.pdf https://www.npr.org/2022/07/20/1044944618/census-citzenship-question-history-oversight-committee https://www.npr.org/2022/05/19/1099810793/census-undercount-by-state-arkansas-florida-illinois-mississippi-tennessee-texas https://www2.census.gov/programs-surveys/decennial/coverage-measurement/pes/national-census-coverage-estimates-by-demographic-characteristics.pdf https://www.npr.org/2022/03/10/1083732104/2020-census-accuracy-undercount-overcount-data-quality https://www.cnn.com/2022/07/20/politics/garrett-ziegler-rant/index.html https://www.washingtonpost.com/national-security/2022/07/20/secret-service-national-archives/ https://unric.org/en/petersberg-climate-dialogue-starting-signal-for-un-climate-negotiations/ https://www.supremecourt.gov/opinions/21pdf/20-1530_n758.pdf https://www.cnbc.com/2022/07/18/guterres-warns-against-climate-suicide-as-heat-wave-grips-europe.html https://www.whitehouse.gov/briefing-room/press-briefings/2022/07/20/press-gaggle-by-press-secretary-karine-jean-pierre-and-national-climate-advisor-gina-mccarthy-en-route-somerset-ma/ https://www.reuters.com/article/us-usa-drilling-abandoned-specialreport/special-report-millions-of-abandoned-oil-wells-are-leaking-methane-a-climate-menace-idUSKBN23N1NL https://www.whitehouse.gov/briefing-room/speeches-remarks/2022/07/20/remarks-by-president-biden-on-actions-to-tackle-the-climate-crisis/ https://www.washingtonpost.com/national-security/2022/07/20/even-day-after-jan-6-trump-balked-condemning-violence/ Share",,2022-07-20,7,2022,201
December-29-2023,https://heathercoxrichardson.substack.com/p/december-29-2023,4605,740,"When asked at a town hall on Wednesday to identify the cause of the United States Civil War, presidential candidate and former governor of South Carolina Nikki Haley answered that the cause “was basically how government was going to run, the freedoms, and what people could and couldn’t do…. I think it always comes down to the role of government and what the rights of the people are…. And I will always stand by the fact that, I think, government was intended to secure the rights and freedoms of the people.” Haley has correctly been lambasted for her rewriting of history. The vice president of the Confederacy, Alexander Stephens of Georgia, was quite clear about the cause of the Civil War. Stephens explicitly rejected the idea embraced by U.S. politicians from the revolutionary period onward that human enslavement was “wrong in principle , socially, morally, and politically.” Instead, he declared: “Our new government is founded upon…the great truth, that the negro is not equal to the white man; that slavery—subordination to the superior race—is his natural and normal condition.” President Joe Biden put the cause of the Civil War even more succinctly: “It was about slavery.” Haley has been backpedaling ever since—as well as suggesting that the question was somehow a “gotcha” question from a Democrat, as if it was a difficult question to answer—but her answer was not simply bad history or an unwillingness to offend potential voters, as some have suggested. It was the death knell of the Republican Party. That party formed in the 1850s to stand against what was known as the Slave Power, a small group of elite enslavers who had come to dominate first the Democratic Party and then, through it, the presidency, Supreme Court, and Senate. When northern Democrats in the House of Representatives caved to pressure to allow enslavement into western lands from which it had been prohibited since 1820, northerners of all political stripes recognized that it was only a question of time until elite enslavers took over the West, joined with lawmakers from southern slave states, overwhelmed the northern free states in the House of Representatives, and made enslavement national. So in 1854, after Congress passed the Kansas-Nebraska Act that allowed the spread of enslavement into previously protected western lands, northerners abandoned their old parties and came together first as “anti-Nebraska” coalitions and then, by 1856, as the Republican Party. At first their only goal was to stop the Slave Power, but in 1859, Illinois lawyer Abraham Lincoln articulated an ideology for the new party. In contrast to southern Democrats, who insisted that a successful society required leaders to dominate workers and that the government must limit itself to defending those leaders because its only domestic role was the protection of property, Lincoln envisioned a new kind of government, based on a new economy. Lincoln saw a society that moved forward thanks not to rich people, but to the innovation of men just starting out. Such men produced more than they and their families could consume, and their accumulated capital would employ shoemakers and storekeepers. Those businessmen, in turn, would support a few industrialists, who would begin the cycle again by hiring other men just starting out. Rather than remaining small and simply protecting property, Lincoln and his fellow Republicans argued, the government should clear the way for those at the bottom of the economy, making sure they had access to resources, education, and the internal improvements that would enable them to reach markets. When the leaders of the Confederacy seceded to start their own nation based in their own hierarchical society, the Republicans in charge of the United States government were free to put their theory into practice. For a nominal fee, they sold farmers land that the government in the past would have sold to speculators; created state colleges, railroads, national money, and income taxes; and promoted immigration. Finally, with the Civil War over and the Union restored on their terms, in 1865 they ended the institution of human enslavement except as punishment for crime (an important exception) and in 1868 they added the Fourteenth Amendment to the Constitution to make clear that the federal government had power to override state laws that enforced inequality among different Americans. In 1870 they created the Department of Justice to ensure that all American citizens enjoyed the equal protection of the laws. In the years after the Civil War, the Republican vision of a harmony of economic interest among all Americans quickly swung toward the idea of protecting those at the top of society, with the argument that industrial leaders were the ones who created jobs for urban workers. Ever since, the party has alternated  between Lincoln’s theory that the government must work for those at the bottom and the theory of the so-called robber barons, who echoed the elite enslavers’ idea that the government must protect the wealthy. During the Progressive Era, Theodore Roosevelt reclaimed Lincoln’s philosophy and argued for a strong government to rein in the industrialists and financiers who dominated society; a half-century later, Dwight Eisenhower followed the lead of Democrat Franklin Delano Roosevelt and used the government to regulate business, provide a basic social safety net, promote infrastructure, and protect civil rights. After each progressive president, the party swung toward protecting property. In the modern era the swing begun under Richard Nixon gained momentum with the election of Ronald Reagan in 1980. Since then the party has focused on deregulation, tax cuts, privatization, and taking power away from the federal government and turning it back over to the states, while maintaining that market forces, rather than government policies, should drive society. But those ideas were not generally popular, so to win elections, the party welcomed white evangelical Christians into a coalition, promising them legislation that would restore traditional society, relegating women and people of color back to the subservience the law enforced before the 1950s. But it seems they never really intended for that party base to gain control. The small-government idea was the party’s philosophy when Donald Trump came down the escalator in June 2015 to announce he was running for president, and his 2017 tax cuts for corporations and the wealthy indicated he would follow in that vein. But his presidency quickly turned the Republican base into a right-wing movement loyal to Trump himself, and he was both eager to get away from legal trouble and impeachments and determined to exact revenge on those who did not do his bidding. The power in the party shifted from those trying to protect wealthy Americans to Trump, who increasingly aligned with foreign autocrats. That realignment has taken off since Trump left office in 2021 and his base wrested power from the party’s former leaders. Leaders in Trump’s right-wing movement have increasingly embraced the concept of “illiberal democracy” or “Christian democracy” as articulated by Russian autocrat Vladimir Putin or Hungary’s prime minister Viktor Orbán, who has demolished Hungary’s democracy and replaced it with a dictatorship. On the campaign trail lately, Trump has taken to echoing Putin and Orbán directly. Those leaders insist that the equality at the heart of democracy destroys a nation by welcoming immigrants, which undermines national purity, and by treating women, minorities, and LGBTQ+ people as equal to white, heteronormative men. Their focus on what they call “traditional values” has won staunch supporters among the right-wing white evangelical community in the U.S. Ironically, MAGA Republicans, whose name comes from Trump’s promise to “Make America Great Again,” want the United States of America, one of the world’s great superpowers, to sign onto the program of a landlocked country of fewer than 10 million people in central Europe. MAGA’s determination to impose white Christian nationalism on the United States of America is a rejection of the ideology of the Republican Party in all its phases. Rather than either an active government that defends equal rights and opportunity or a small government that protects property and relies on market forces, which Republicans stood for as recently as eight years ago, today’s Republicans advocate a strong government that imposes religious rules on society. They back strict abortion bans, book bans, and attacks on minorities and LGBTQ+ people. Last year, Florida governor Ron DeSantis directly used the state government to threaten Disney into complying with his anti-LGBTQ+ stance rather than reacting to popular support for LGBTQ+ rights. Missouri attorney general Andrew Bailey early this month used the government to go after political opposition, launching an investigation into Media Matters for America after the watchdog organization reported that the social media platform X was placing advertising next to antisemitic content. “I’m fighting to ensure progressive tyrants masquerading as news outlets cannot manipulate the marketplace in order to wipe out free speech,” Bailey said. Domestically, the new ideology of MAGA means forcing the majority to live under the rules of a small minority; internationally, it means support for a global authoritarian movement. MAGA Republicans’ current refusal to fund Ukraine’s war against Russian aggression until the administration agrees to draconian immigration laws—which they are also refusing to participate in crafting—is not only a gift to Putin. It also suggests to any foreign government that U.S. foreign policy is changeable so long as a foreign government succeeds in influencing U.S. lawmakers. Under this system, American global leadership will no longer be viable. When Nikki Haley said the cause of the Civil War “was how government was going to run, the freedoms, and what people could and couldn’t do,” she did more than avoid the word “slavery” to pander to MAGA Republicans who refuse to recognize the role of race in shaping our history. She rejected the long and once grand history of the Republican Party and announced its death to the world. — Notes: https://archive.org/details/alexanderhstephe6114clev/page/720/mode/2up (p. 721) https://twitter.com/JoeBiden/status/1740221284284256645 https://www.npr.org/2023/12/28/1221988690/nikki-haley-didnt-say-slavery-caused-the-civil-war-now-shes-facing-major-backlas https://www.washingtonpost.com/elections/2023/12/16/trump-authoritarians-putin-orban-poisoning-blood/ https://theconversation.com/as-russia-ramps-up-traditional-values-rhetoric-especially-against-lgbtq-groups-its-won-putin-far-right-fans-abroad-219102 https://thehill.com/homenews/4355644-missouri-ag-launches-investigation-of-media-matters/ Share",,2023-12-29,12,2023,363
May-22-2023,https://heathercoxrichardson.substack.com/p/may-22-2023,1972,332,"The debt ceiling crisis has deflected attention from actual work of the federal government, which continues. The meeting of the Group of Seven (G7) in Hiroshima, Japan, which began on May 19 and ended yesterday, emphasized the Biden administration’s focus on preventing the rise of dominant authoritarian powers by ruining Russia’s imperial ambitions and by creating regional partnerships to counter the rise of China. The G7 is a forum made up of democracies with advanced economies and includes Canada, France, Germany, Italy, Japan, the United Kingdom, and the United States. The European Union is also a member. The meeting demonstrated the strength of the G7’s support for Ukraine. The leaders agreed to increase financial and military support for the beleaguered country after Russia’s February 2022 invasion. G7 leaders also announced they would take new steps to isolate Russia economically from the rest of the world, thus weakening its ability to wage war. New sanctions on more than 70 companies and more than 300 individuals and entities around the globe are designed to close off the loopholes and workarounds that have enabled Russian president Vladimir Putin to continue to raise money. (Hence Russia’s retaliatory ban of those who have stood in Trump’s way as an open declaration of solidarity with Trump, who has threatened to cut support for Ukraine if he regains power.) Gathered in the historic city of Hiroshima, where an American B-29 bomber dropped an atomic bomb on August 6, 1945, ultimately killing more than 140,000 people, members of the G7 condemned Putin’s threats to use nuclear weapons against Ukraine and called for a return to nuclear disarmament. The G7 also said it would hold Russia financially accountable for the damage it has done to Ukraine. Ukraine president Volodymyr Zelensky was a surprise visitor to the meeting, his presence a powerful illustration to Putin that the leaders of the G7 are firmly behind Ukraine’s cause. U.K. prime minister Rishi Sunak noted that the G7 was briefly the G8 when Russia was a member before being expelled in 2014 for its illegal annexation of Ukraine’s Crimea. Zelensky’s presence, Sunak said, “demonstrates that brute force and oppression will not triumph over freedom and sovereignty.” G7 leaders indicated they are united in the attempt to stand up to China. While they reiterated that their countries will continue to trade with China, they vowed to push to establish a level economic playing field between China and other countries, and to “foster resilience to economic coercion.” Just days after the Department of Justice charged a Chinese national—as well as two Russian people and a Greek man working for Russia—with stealing sensitive technologies, the G7 also vowed to protect technologies that could threaten our national security. The leaders also expressed concerns about China’s record on human rights and “called on China not to conduct interference activities or undermine the integrity of our democratic institutions.” The meeting also demonstrated support for regional partnerships in the Indo-Pacific and Africa that will counterbalance China. The leaders included in their deliberations guests from Australia, Brazil, and India. They also reached out to countries in Africa by including Comoros, an island nation off southeastern Africa, which is currently chairing the African Union. They included the Cook Islands, an island nation in the South Pacific that is currently chairing the Pacific Islands Forum, a group of 18 nations including Australia and New Zealand. And they included key G7 partners Indonesia, Vietnam, and the Republic of Korea. The World Bank, an international financial institution with 189 member nations cooperating to make loans and grants to enable low- and middle-income countries to develop capital projects, was at the meeting. So were a number of leaders from private financial, communications, and IT infrastructure institutions, including Citi, Global Infrastructure Partners, Japan Foreign Trade Council, and Nokia. They discussed ways to unlock public and private capital to fund projects in the developing world as part of a way to relieve the mounting debt obligations of low- and middle-income countries, often a result of Chinese investment, and to counter Chinese investment in those regions. Biden was supposed to go from Hiroshima to Australia for a meeting of leaders of the Quadrilateral Security Dialogue (known as the Quad), a strategic security group that includes Australia, India, Japan, and the U.S. He had to cancel because of the debt ceiling crisis, so the group met in Japan at the G7, where they issued a statement reaffirming “our steadfast commitment to a free and open Indo-Pacific that is inclusive and resilient…. We believe all countries have a role in contributing to regional peace, stability, and prosperity, as well as upholding international law, including the principles of sovereignty and territorial integrity, and the rules-based international order. We seek a region where no country dominates and no country is dominated—one where all countries are free from coercion, and can exercise their agency to determine their futures.” They said they see the Association of Southeast Asian Nations, a political and economic group made up of 10 member states, as the central leader of the effort to create a strong Indo-Pacific regional partnership, and they reiterated their support for Pacific island nations, especially those in the Pacific Islands Forum. Biden was also supposed to go to Papua New Guinea after the G7 for a meeting with the leaders of the Pacific Islands Forum but had to cancel the trip to come home and deal with the debt ceiling crisis. Secretary of State Antony Blinken went instead and today signed a security agreement with the strategically located nation, as well as confirming that the administration is seeking $7.1 billion for 20 years of investments in the region through diplomatic and cultural ties, including new embassies; infrastructure projects; and addressing climate change. The Pacific Islands Forum responded by reaffirming “our shared vision for a resilient Pacific region of peace, harmony, security, social inclusion, and prosperity. We are committed to bolstering Pacific regionalism,” it said, “with a strong and united Pacific Islands Forum at its center.” A domestic emphasis on regional cooperation appears to have paid off today, at least temporarily as, working with the Department of the Interior, the governors of Arizona, California, and Nevada have agreed on a plan to conserve water in the Colorado River system over the next three years in an effort to rebuild the depleted reservoirs on which 40 million people depend. All seven of the states in the Colorado River Lower Basin have agreed in principle to the plan, which will require the three states to cut about 13% of their water usage in exchange for about $1.2 billion in federal grant money funded by the Inflation Reduction Act. Had the states not come up with their own plan, the administration threatened bigger, unilateral cuts in water usage. In a statement, Interior Secretary Deb Haaland said: “Today’s announcement is a testament to the Biden-Harris administration’s commitment to working with states, tribes and communities throughout the west to find consensus solutions in the face of climate change and sustained drought.” Also today, Vice President Kamala Harris was in Sunnyvale, California, on a visit to Applied Materials, which has just announced it will invest up to $4 billion in a new research and development facility for designing semiconductor-manufacturing tools in collaboration with the chipmakers who will use the tools in their factories. Since the CHIPS and Science Act became law last August, the White House noted, “private companies have announced nearly $140 billion in investments in semiconductor production, supply chains, and R&D to be made over the next decade.” — Notes: https://www.whitehouse.gov/briefing-room/statements-releases/2023/05/21/fact-sheet-the-2023-g7-summit-in-hiroshima-japan/ https://www.axios.com/2023/05/16/justice-department-criminal-cases-tech-theft-russia-china-iran https://www.whitehouse.gov/briefing-room/statements-releases/2023/05/22/statement-from-president-joe-biden-on-historic-agreement-to-protect-colorado-river-system/ https://www.whitehouse.gov/briefing-room/speeches-remarks/2023/05/20/remarks-by-president-biden-prime-minister-kishida-prime-minister-modi-and-prime-minister-albanese-at-the-third-in-person-quad-leaders-summit/ https://www.state.gov/u-s-pacific-islands-forum-leaders-dialogue-in-papua-new-guinea/ https://www.whitehouse.gov/briefing-room/statements-releases/2023/05/20/quad-leaders-joint-statement/ https://www.whitehouse.gov/briefing-room/statements-releases/2023/05/22/u-s-pacific-islands-forum-leaders-dialogue-in-port-moresby-papua-new-guinea/ https://www.theguardian.com/world/2023/may/20/zelenskiys-g7-visit-sends-incredibly-powerful-message-to-russia-says-sunak https://www.gov.ca.gov/2023/05/22/arizona-california-and-nevada-governors-announce-lower-basin-plan-to-protect-colorado-river/ https://www.gov.ca.gov/wp-content/uploads/2023/05/Lower-Basin-Governors-Letter.pdf https://www.theguardian.com/us-news/2023/may/22/colorado-river-states-california-arizona-nevada https://www.whitehouse.gov/briefing-room/statements-releases/2023/05/18/readout-of-president-joe-bidens-call-with-prime-minister-james-marape-of-papua-new-guinea/ https://www.whitehouse.gov/briefing-room/statements-releases/2023/05/22/fact-sheet-vice-president-harris-advances-the-biden-harris-administrations-investing-in-america-agenda-and-highlights-multi-billion-dollar-semiconductor-rd-investments/ https://www.theguardian.com/world/2023/may/19/g7-leaders-confront-spectre-of-nuclear-conflict-on-visit-to-hiroshima-memorial https://abcnews.go.com/US/wireStory/us-sign-new-security-pact-papua-new-guinea-99496252 https://www.reuters.com/world/asia-pacific/australia-welcomes-us-papua-new-guinea-defence-pact-2023-05-22/ Share",,2023-05-22,5,2023,142
July-29-2024,https://heathercoxrichardson.substack.com/p/july-29-2024,4180,687,"One of the advantages of refusing the Democratic nomination for president is that his decision to do that has left President Joe Biden in the position of being above the political fray and being able to act for the good of the whole country. Today, Biden noted that the American people have lost faith in the Supreme Court. When he was in office, Trump stacked the court with three extremists who have worked with extremist justices Samuel Alito and Clarence Thomas to overturn longstanding legal precedents that protect civil rights and move the country toward a theocracy overseen by a dictator. A statement from the White House today recounted how the Supreme Court has “gutted civil rights protections, taken away a woman’s right to choose, and now granted Presidents broad immunity from prosecution for crimes they commit in office.” It also noted that “recent ethics scandals involving some Justices have caused the public to question the fairness and independence that are essential for the Court to faithfully carry out its mission to deliver justice for all Americans.” Today, Biden called for three major changes to restore trust and accountability. He called for a constitutional amendment to make clear that no president is above the law or immune from prosecution for crimes committed while in office. This is a direct response to the Supreme Court’s decision of July 1, 2024, in Donald J. Trump v. United States that a president cannot be prosecuted for crimes committed in actions that fall under a president’s “official duties.” The White House wrote that “President Biden shares the Founders’ belief that the President’s power is limited—not absolute—and must ultimately reside with the people.” The “No One Is Above the Law Amendment will state that the Constitution does not confer any immunity from federal criminal indictment, trial, conviction, or sentencing by virtue of previously serving as President.” Biden also called for eighteen-year term limits for Supreme Court justices. Noting that Congress approved term limits for the presidency, Biden pointed out that “[t]he United States is the only major constitutional democracy that gives lifetime seats to its high court Justices.” “Term limits would help ensure that the Court’s membership changes with some regularity; make timing for Court nominations more predictable and less arbitrary; and reduce the chance that any single Presidency imposes undue influence for generations to come,” the White House wrote. The administration is reacting, in part, to the fact that Trump, with the help of then–Senate majority leader Mitch McConnell (R-KY), denied Democratic president Barack Obama the right to appoint a Supreme Court justice, holding it for Trump, and then, after Trump had appointed a second justice, rushed through a third Trump appointee at the very end of his term, enabling him to appoint three hard-right justices who will be able to skew the court’s decisions for decades. With those justices on the court, it has handed down a series of nakedly partisan decisions that represent the goals of the extremist Republican Party rather than the majority of Americans. They have overturned a ban on bump stocks for semiautomatic rifles, made partisan and racial gerrymandering easier, undercut business regulation, ceased to recognize the constitutional right to abortion, and, stunningly, ruled that a president has significant immunity from prosecution for committing crimes while in office. Biden also called for Congress to “pass binding, enforceable conduct and ethics rules that require Justices to disclose gifts, refrain from public political activity, and recuse themselves from cases in which they or their spouses have financial or other conflicts of interest. Supreme Court Justices should not be exempt from the enforceable code of conduct that applies to every other federal judge.” This, too, reflects the problems of the modern court, where several justices, especially Justice Clarence Thomas and Justice Samuel Alito, have accepted large gifts from those with business before the court and have refused to recuse themselves from those cases. Representative Alexandria Ocasio-Cortez (D-NY) introduced articles of impeachment against Thomas and Alito on July 10, and the measures currently have 19 co-sponsors. As Ankush Khardori noted in Politico today, before Trump’s three justices took their seats, public approval of the court stood at 58%. After its decision to give presidents immunity, that approval fell to a record low of just 38%. More than 75% of Americans, including a large majority of Republicans, support eighteen-year term limits for justices. In an op-ed in the Washington Post today, Biden wrote: “This nation was founded on a simple yet profound principle: No one is above the law. Not the president of the United States. Not a justice on the Supreme Court of the United States. No one.” He noted that as a senator he served as chair and ranking member of the Judiciary Committee, and has “overseen more Supreme Court nominations as senator, vice president and president than anyone living today.” Noting that the current system makes it possible for a single president to radically alter the makeup of the court for generations to come, he warned: “What is happening now is not normal, and it undermines the public’s confidence in the court’s decisions, including those impacting personal freedoms. We now stand in a breach.” “We can and must prevent the abuse of presidential power. We can and must restore the public’s faith in the Supreme Court. We can and must strengthen the guardrails of democracy. In America, no one is above the law. In America, the people rule.” Ian Millhiser of Vox points out that these reforms would currently be almost impossible to pass, but Biden’s embrace of them is a powerful political statement for the Democrats to carry into the 2024 election. Until now, Biden has lagged behind popular opinion on the issue of court reform. Now, though, the sitting president is rejecting the power the extremist modern-day Supreme Court conveyed on presidents and reinforcing the rule of law. Vice President Kamala Harris, the presumptive Democratic presidential nominee, immediately endorsed Biden’s proposals, meaning that she is willing to be bound by our historic understanding that presidents are not above the law. In contrast, Leonard Leo, who has been central to the stacking of the court and who has called for “flood[ing] the zone with cases that challenge misuse of the Constitution by the administrative state and by Congress,” called the plan “a campaign to destroy a court that they disagree with.” House speaker Mike Johnson (R-LA) called it “dead on arrival in the House.” For his part, Biden seemed more optimistic than Millhiser that his reforms could pass. When a reporter asked him how he would get court reform passed, he answered: “You’ve asked me that—on everything I’ve ever passed you’ve asked me that. We’re going to figure a way.” Today, additional assistance provided to International Brotherhood of Teamsters pension plans thanks to the American Rescue Plan saved the pensions of an additional 70,000 New England Teamsters. This brings the total protected to 600,000. No Republicans voted for the American Rescue Plan, and Teamsters president Sean O’Brien stood next to Biden when he put the first protections into place. After O’Brien spoke at the Republican National Convention earlier this month, Vice President at large John Palmer announced he is challenging O’Brien for the leadership. Momentum behind Vice President Harris continues to build. Today John Giles, the Republican mayor of Mesa, the third-largest city in Arizona, wrote an op-ed in the Arizona Republic explaining why “as a Republican mayor, I support Kamala Harris over Trump.” He blamed Trump for abandoning cities while Biden and Harris have made historic investments in them and brought thousands of new jobs to Arizona. Giles urged his fellow Republicans to reject MAGA Republicans and turn back to the principles of an older Republican Party. “Our party used to stand for the belief that every Arizonan, no matter their background or circumstances, should have the freedom, opportunity and security to live out their American Dream,” he wrote. But today’s Republicans are political extremists who are trying to disrupt elections and who killed immigration reform. “Trump poses a serious threat to our nation,” he wrote. “We can’t have a felon representing us on the national stage, let alone one who would threaten to abandon NATO and ruin our standing abroad.” “Arizona Republicans like me can emulate Sen. John McCain's motto of 'Country First' and beat back Trump and his threat to democracy,” Giles wrote. “Kamala Harris is the competent, just and fair leader our country deserves.” In the New York Times , Peter Wehner, who served in the administrations of Republican presidents Ronald Reagan, George H. W. Bush, and George W. Bush echoed Giles’s autopsy for his party but, in an important shift, examined its recent changes through a lens of the political theories of autocracy. He concluded: “It’s hard and haunting to know that the political party to which I devoted a significant part of my life has become the greatest political threat to the country I love.” More than 40 former officials from the Department of Justice agree. On July 25 they wrote an open letter endorsing Harris and warning that “Trump presents a grave risk to our country, our global alliances and the future of democracy. As president, he “regularly ignored the rule of law.” In contrast, as the elected attorney general of California, Harris “oversaw the largest state justice department in the country. She forged strong relationships with law enforcement to keep people safe, fought for American consumers and fought against those preying on the American people…. The stakes could not be higher.” Tonight, White Dudes for Harris held an online fundraiser. Actor Jeff Bridges, who played The Dude in the 1998 film The Big Lebowski , recounted Harris’s popular policies on the call. “I’m white, I’m a dude, and I’m for Harris,” he said. “A woman president, man, how exciting!” Minnesota governor Tim Walz added: “How often in 100 days do you get to change the trajectory of the world? How often in 100 days do you get to do something that’s going to impact generations to come? And how often in the world do you make that b*st*rd wake up afterwards and know that a Black woman kicked his a** and sent him on the road?” The Trump-Vance ticket continues to stumble. In the Washington Post today, Jennifer Rubin noted that the Republicans appear to have gone out of their way to pick a presidential ticket that would offend women. Trump is, she pointed out, “an adjudicated rapist” who bragged about sexual assault, demeans and insults women, “mused about punishing women for having an abortion,” and boasts that he was behind the overturning of Roe v. Wade . Vance wants to ban abortion in all cases, wants the federal government to stop women from traveling across state lines to obtain abortion care, says childless women don’t have a stake in the country’s future, and has implied that women should stay in abusive marriages. The Republicans embrace the ideas of right-wing groups whose members want to roll back women’s rights; their call for a “revival of faith, family, and fertility” is a tenet of fascism. “When Harris declares ‘We’re not going back,’” Rubin notes, “the message has particular resonance among women.” Finally, the world is watching events in Venezuela, where President Nicolás Maduro has claimed victory despite exit polls that showed him losing to opposition candidate Edmundo González by more than 30 points. CNN’s Jim Sciutto commented: “Don’t underestimate the loss of U.S. soft power in moments like this after a U.S. president—and current candidate for president—attempted to overturn an election here.” — Notes: https://www.whitehouse.gov/briefing-room/statements-releases/2024/07/29/fact-sheet-president-biden-announces-bold-plan-to-reform-the-supreme-court-and-ensure-no-president-is-above-the-law/ https://www.washingtonpost.com/opinions/2024/07/29/joe-biden-reform-supreme-court-presidential-immunity-plan-announcement/ https://www.cbsnews.com/news/ocasio-cortez-impeachment-articles-against-supreme-courts-thomas-alito/ https://www.vox.com/scotus/363557/supreme-court-biden-kamala-harris-reform-term-limits-ethics https://www.politico.com/news/magazine/2024/07/29/biden-supreme-court-reform-00171667 https://www.washingtonpost.com/opinions/2024/07/29/turmp-vance-women-misogyny/ https://www.washingtonpost.com/politics/2023/07/19/trump-carroll-judge-rape/ https://meidasnews.com/news/republican-mayor-of-3rd-largest-city-in-az-endorses-harris https://www.azcentral.com/story/opinion/op-ed/2024/07/29/mesa-mayor-republican-vote-kamala-harris/74583703007/ https://www.whitehouse.gov/briefing-room/speeches-remarks/2024/07/29/remarks-by-president-biden-after-air-force-one-arrival-austin-tx/ https://manchester.inklink.news/nh-senators-and-the-white-house-announce-historic-pension-protection/ https://www.nytimes.com/2024/07/29/opinion/trump-vance-republican-party.html https://www.whitehouse.gov/briefing-room/statements-releases/2024/07/29/statement-from-president-joe-biden-on-protecting-600000-teamster-pensions/ https://www.whitehouse.gov/briefing-room/statements-releases/2022/12/08/fact-sheet-president-biden-announces-historic-relief-to-protect-hard-earned-pensions-of-hundreds-of-thousands-of-union-workers-and-retirees/ https://thehill.com/blogs/blog-briefing-room/4783088-teamsters-exec-challenge-obrien-rnc-speech/ https://archive.ph/4Ecyi#selection-1897.3-1897.150 https://apnews.com/article/supreme-court-reform-biden-harris-trump-ffd48f3a2023aeca841bb53c2147ef03 https://apnews.com/live/venezuela-election-updates-maduro-machado-gonzalez https://www.nbcnews.com/politics/2024-election/justice-department-endorse-kamala-harris-fear-trump-rcna163069 X: sahilkapur/status/1817904276695371810 MacFarlaneNews/status/1817868672276611353 jimsciutto/status/1818006454034710903 clearing_fog/status/1818005893038125079 TheTNHoller/status/1818085003684684012 McFaul/status/1817812094324232691 catypayette/status/1818097206177550581 Share",,2024-07-29,7,2024,211
November-10-2020,https://heathercoxrichardson.substack.com/p/november-10-2020,1152,209,"A week after the election, it-- along with its insane aftermath-- has caught up with me. I've been asleep for hours, and am going to write this and go back to sleep for many, many more hours. There is crazy news out there, which I'll cover in the future, but it feels like it can wait. The gig is up. Trump is going to smash and grab all he can on the way out... but he IS on the way out. See you all tomorrow, rested and ready for the future. [Photo by Peter Ralston] Share",,2020-11-10,11,2020,315
May-15-2021,https://heathercoxrichardson.substack.com/p/may-15-2021,1006,122,"""The Way Home,"" by Peter Ralston. Let's hope we find it in the coming months. I'll see you tomorrow. —- Notes: Peter is a friend, but for those of you who have asked, he does sell his photos. His gallery is at https://www.ralstongallery.com/",,2021-05-15,5,2021,135
April-24-2025,https://heathercoxrichardson.substack.com/p/april-24-2025,6574,769,"“Vladimir, STOP!” wrote President Donald Trump on his social media site this morning. Yesterday Trump berated Ukraine president Volodymyr Zelensky for rejecting a peace deal that heavily favored Russia; hours later, Russia launched its deadliest assault on Kyiv since last July, killing at least eight people and wounding more than 70 others. “I am not happy with the Russian strikes on KYIV. Not necessary, and very bad timing,” Trump posted. “5000 soldiers a week are dying. Lets get the Peace Deal DONE!” Trump won the presidency by assuring his base that he was a strong leader who could impose his will on the country and the world. Now he is bleating weakly at Putin. Trump was the logical outcome of the myth of cowboy individualism embraced by the Republicans since President Ronald Reagan rose to the White House by celebrating it. In that myth, a true American is a man who operates on his own, outside the community. He needs nothing from the government, works hard to support himself, protects his wife and children, and asserts his will by dominating others. Government is his enemy, according to the myth, because it takes his money to help undeserving freeloaders and because it regulates how he can run his business. A society dominated by a cowboy individual is a strong one. Leaders who pushed this ideology knew it attracted voters. Once they were in power, they could slash government programs and cut taxes and regulations that kept wealth and opportunity accessible to poorer Americans. They argued that a society works best if wealth and power are concentrated among a few elites, who can direct capital more efficiently than government bureaucrats can. Their rhetoric worked: from 1981 to 2021, $50 trillion moved from the bottom 90% of Americans to the top 1%. But those same people talking about individualism to secure votes also knew that the world has never worked this way. In the twenty-first century, U.S. security and the economy depended more than ever on coalitions and government investment. As the middle class hollowed out, Republicans hammered on the idea that government action was socialism and the government was a swamp of waste and corruption. Donald Trump rode that rhetoric to the White House in 2016 but was still restrained by establishment Republicans who understood that the modern state underpinned America’s strength. President Joe Biden’s rejection of the Republicans’ economic vision and reorientation of the economy around ordinary Americans made Republicans rally against another Democratic president. They turned back to Trump, backed as he was by the MAGA base marinated in the rhetoric that government is bad, even though their counties are more dependent than Democratic counties on government aid. Now the dog has caught the car. In 2024, Americans reelected Donald Trump, but he is no longer restrained by those who understood the importance of alliances and government programs. Instead, he is surrounded by those who appear convinced that displays of dominance will make the U.S. even stronger than it was when Trump took office and that destroying the government will free up great men to reorder society. This impulse showed as soon as Trump took office in the takeover of the U.S. government by the so-called Department of Government Efficiency, a group of individuals without government experience or security clearances working in a group whose legal status is doubtful. They were overseen by billionaire Elon Musk, who was neither elected nor confirmed by the Senate. Musk vowed to cut $2 trillion from the federal budget. In the early days of the administration, Musk dominated Trump’s press opportunities and at least one Cabinet meeting. He appeared to be in charge. But his support soured quickly. From the start, Musk and the DOGE staff slashed willy-nilly, firing vital employees that the government then had to rehire, creating mayhem. Then, in February, Musk tried to muscle in on the prerogatives of actual Cabinet members by demanding all government employees send a weekly email listing five things they had accomplished that week. Then, earlier this month, Musk publicly disagreed with Trump and his trade advisor Peter Navarro over both tariffs and immigration. He has also fought with Secretary of State Marco Rubio and Transportation Secretary Sean Duffy. According to Hannah Natanson, Faiz Siddiqui, and Emily Davies of the Washington Post , it is not clear the emails Musk demanded were ever used for anything, and that initiative is quietly dying. But Musk’s fights with other members of the administration have escalated until, as Dan Diamond, Faiz Siddiqui, Trisha Thadani, and Jeff Stein of the Washington Post reported today, Musk and Secretary of the Treasury Scott Bessent got into a yelling match in the West Wing of the White House. And Musk’s vow of $2 trillion in cuts has dwindled down to $150 billion, although that number is not yet verifiable. Elizabeth Williamson of the New York Times reported today that the cost of firing workers will be more than $135 billion this year, while cuts to the IRS will cost about $8.5 billion in revenue in 2026 alone. And then there is the cost of lawsuits over DOGE’s actions. Rather than working with those government officials already in place to save government money, Musk appears to be trying to display his power over government employees. At the same time, he is scooping up data from various government agencies about individuals in the U.S., a treasure trove that he could use for shaping society, garnering government contracts, or raising money either by selling it or by blackmailing people with it. After today’s news that Tesla’s earnings plunged 71% in the first quarter of the year, Musk tried to reassure investors by saying he would focus more on the company. Trump ally Steve Bannon warned about Musk’s true interests: “We have to have a full accounting that makes sure any government data—classified or not—and any personal financial data, people’s tax returns, and their health records, have not gone to any entity not controlled by the Trump administration or the U.S. government.” Secretary of Health and Human Services Robert F. Kennedy Jr. also promised to sweep through the government bureaucracy he hates and come up with a new, better plan for making Americans healthier. Kennedy has a history of opposition to vaccines and has refused to urge people to get vaccinated to stop the spread of measles. That outbreak is already the largest since the disease ceased to be consistently present in the U.S. population 25 years ago. Today scientists reported that, at current rates of vaccination, measles could become commonplace again. Kennedy has also pledged to find the causes of autism by September, pushing aside the deep research already done on the subject and instead announcing that the cause is “environmental toxins.” Director of the National Institutes of Health (NIH) Dr. Jay Bhattacharya told reporters on Tuesday that in order to conduct the study, the NIH is collecting Americans’ private medical records from federal and commercial databases, including from the Department of Veterans Affairs and the Indian Health Service, medication records from pharmacies, and data from smartwatches and fitness trackers. It is in talks with the Centers for Medicare and Medicaid Services to see if it can get access to that database, too. The idea that the right sort of men can do a better job than the government officers who have spent decades learning how to do their jobs is on view as well in the appointment of Defense Secretary Pete Hegseth, who previously worked as a Fox News Channel weekend host. Hegseth vowed to champion strong “warfighters” at the Pentagon, but he has had no experience running an entity as large and complicated as the Defense Department, with its annual budget of $850 billion and its almost 3.5 million employees. The results of his appointment have been disastrous. Under Hegseth, department officials are openly feuding. Paul McLeary and Jack Detsch reported today in Politico that Hegseth is using just his wife, his lawyer, and two lower-level officials as advisors, meaning he is operating without anyone who has significant expertise in the department. Tuesday, we learned that in the unsecure second Signal chat—the one with his wife and brother and other personal friends—Hegseth posted from his personal phone information he had just received from Army General Michael Erik Kurilla, who leads U.S. Central Command, the command responsible for operations in the Middle East. That got even worse today when Tara Copp of the Associated Press reported that Hegseth directed staffers to install Signal on his desktop computer so he could use Signal in a secure area where his own cell phone was not allowed. The computer was connected to the internet on an unsecured commercial line, making it highly susceptible to hacking. Trump's own belief that he could—and should—force the world to bow to his tariff levies revealed his conviction that he could tear up mutual agreements and impose his will. He predicted that other countries would come begging to him to lift the tariffs. Instead, the reality is that he has maimed the country’s thriving economy. On Tuesday, with the stock market lurching wildly and investors dumping U.S. investments, Trump suggested that he was negotiating with China and the 145% tariff rates he imposed would soon come down “substantially.” Yesterday he said “everything’s active” in negotiations with China. Today, a spokesperson for China’s foreign ministry said “China and the U.S. are not having any consultation or negotiation on tariffs, still less reaching a deal.” China’s commerce spokesperson agreed that “Any claims about the progress of China-U.S. trade negotiations are groundless as trying to catch the wind and have no factual basis.” He said that China was willing to talk, but only “on the basis of mutual respect and in an equal manner.” When a reporter asked Trump about China’s denial, he said: “Well, they had a meeting this morning.” The reporter answered: “Who’s they?” Trump replied: “I can’t tell you. It doesn’t matter who ‘they’ is. We may reveal it later.” Journalist Chris Hayes wrote: “It’s incredible that now the *best case* scenario is basically Trump engaging in a humiliating climb-down, but having already inflicted permanent damage and uncertainty that [can] never be undone.” The rate at which America’s government, health, defense, and economy is degrading shows that reality will not conform to the myth of the American cowboy. The cover of The Economist today shows a battered and heavily bandaged eagle under the caption: “Only 1,361 Days To Go.” The American people seem to be realizing that the rhetoric of cowboy individualism is a very different thing than its reality. Trump’s poll numbers are dropping sharply. A Reuters poll found that just 37% of Americans approve of his handling of the economy, which was supposed to be his strong suit. An Economist /YouGov poll found Trump’s approval rating was –13, with 54% of Americans disapproving of the way he is handling the presidency and only 41% approving. — Notes: https://www.cbsnews.com/news/russia-ukraine-war-kyiv-strike-9-dead-dozens-hurt/ Donald J. Trump, Truth Social post, April 24, 2025, 8:24 a.m. https://www.nbcphiladelphia.com/news/national-international/info-hegseth-shared-wife-brother-top-general-secure-messages/4165898/ https://www.axios.com/2025/04/08/musk-navarro-moron-trump-tariffs-trade-war https://www.washingtonpost.com/politics/2025/04/21/doge-musk-trump-federal-employees-emails/ https://www.washingtonpost.com/business/2025/04/24/elon-musk-doge-scott-bessent-tesla/ https://thehill.com/policy/technology/5263869-musk-does-damage-control-after-tesla-earnings-plunge/ https://www.reuters.com/business/healthcare-pharmaceuticals/us-tipping-point-return-endemic-measles-2025-04-24/ https://www.washingtonpost.com/health/2025/04/24/measles-cases-deaths-vaccine-rates-rfk-jr/ https://www.npr.org/sections/shots-health-news/2025/04/16/nx-s1-5366676/autism-cdc-rates-rfk-research https://www.cbsnews.com/news/rfk-jr-autism-study-medical-records/ https://www.npr.org/2025/04/23/nx-s1-5372695/autism-nih-rfk-medical-records https://www.theguardian.com/us-news/2025/apr/22/rfk-jr-autism-nih https://www.washingtonpost.com/national-security/2025/04/23/hegseth-signal-pentagon-computer/ https://abcnews.go.com/Politics/hegseth-signal-app-connected-dirtly-line-computer-pentagon/story?id=121142551 https://apnews.com/article/hegseth-signal-chat-dirty-internet-line-6a64707f10ca553eb905e5a70e10bd9d https://www.bloomberg.com/news/articles/2025-04-23/trump-says-he-ll-be-very-nice-to-china-in-trade-talks https://www.politico.com/news/2025/04/24/hegseth-pentagon-leadership-vacuum-00308620 https://apnews.com/article/china-us-tariff-negotiations-trump-481ff4402f5c34776ffcb8ced4c8ae42 https://d3nkl3psvxxpe9.cloudfront.net/documents/econtoplines_iwzo5ZP.pdf https://time.com/7280156/donald-trump-polling/ https://www.pewresearch.org/politics/2025/04/23/trumps-job-rating-drops-key-policies-draw-majority-disapproval-as-he-nears-100-days/ https://www.politico.com/news/2025/04/24/hegseth-pentagon-leadership-vacuum-00308620 https://www.wsj.com/politics/national-security/pete-hegseth-pentagon-fired-aides-cfa9e0d5?mod=hp_lead_pos2 https://www.nytimes.com/2025/04/24/us/politics/musk-cuts.html https://www.defense.gov/News/News-Stories/Article/Article/3975033/dod-comptroller-assesses-accomplishments-aspirations/ Bluesky: joshkovensky.bsky.social/post/3lnkpftcqis2s carlquintanilla.bsky.social/post/3lnle7dtpxk2a chrislhayes.bsky.social/post/3lnlmv2q5s22s shashj.bsky.social/post/3lnktszaqo22k Share",,2025-04-24,4,2025,114
July-28-2021,https://heathercoxrichardson.substack.com/p/july-28-2021,675,368,"It appears that it is finally infrastructure week. Today, negotiators hammered out a deal on a bipartisan bill, which includes $550 billion in new spending. This evening, the Senate voted to move the bill forward by a vote of 67 to 32, with 17 Republicans joining all the Democrats to begin debate on the measure. The bill is not fully hammered out yet, and the Congressional Budget Office, which examines bills to see how much they will cost, has not yet produced a final number, but it appears that the bill will cost about $1.2 trillion over 8 years. It puts together unspent monies from other programs and from new “user fees” to pay for it, but Republicans demanded that funds to increase funding for the IRS to enable it to crack down on tax cheats, who cost the United States about $1 trillion a year, be stripped from the bill. The White House said the bill would create about 2 million “good-paying” jobs a year for the next decade. It provides $110 billion for roads and bridges, $39 billion for public transit, $66 billion for passenger rail, $73 billion to upgrade the electrical grid; $7.5 billion for electrical vehicle chargers on highway corridors, $17 billion for rebuilding our ports, $50 billion for addressing climate change and cybersecurity, and $55 billion for clean drinking water. The bill also calls for $65 billion to expand broadband internet, tying all Americans into the same grid and lowering prices. In the White House statement, Biden explicitly tied the expansion of broadband to the nation’s 1936 expansion of access to electricity through the Rural Electrification Act. Through that act, the government tried to level the playing field between urban Americans who had electricity through private companies and rural Americans who did not because the profit margins weren’t high enough to make it worthwhile for private companies to bring electricity to them. Electrification not only enabled rural Americans to enjoy the new products created in the early twentieth century, but also created a new industry of consumer products that helped the post–World War II economy boom. Then, as now, federal funding for a vital infrastructure need opened up the door to government oversight and regulation of that utility, a principle that today’s Republicans oppose, especially when it comes to broadband. (It’s an interesting thought, though: could regulation of publicly supported broadband help address the problem of disinformation on social media?) That is only one of the ways in which this bipartisan bill remains precarious. There are others. It is always possible that the Republicans cannot muster the 10 votes they need to pass the bill, and continuing to tinker with it is simply a way to run out the clock on the congressional session so that the Democrats cannot get the infrastructure deal they want so badly. From the other direction, progressive Democrats have made it clear they will not accept this bill, which focuses on “hard” infrastructure like roads and bridges, unless it goes along with a larger “soft” infrastructure bill that focuses on human infrastructure. There are not enough Republican votes to pass that second measure over a Senate filibuster, so it will have to pass the Senate through budget reconciliation, which requires only a simple majority. But that means it will need all 50 Democratic votes, and today Arizona Senator Kyrsten Sinema said she does not support the bill in its current form. She apparently wants adjustments, but what they are and whether progressives will accept them remains unclear. Still, the idea of this new, sweeping infrastructure package becoming reality is huge. Former president Donald Trump, who wanted badly to pass an even larger infrastructure bill during his own term of office but who couldn’t do so, has responded to the idea that Biden might manage to pull this off with a demand that Republicans scuttle the entire thing. That several prominent Republicans are ignoring him illustrates the potential of this deal to weaken the Trump supporters in the party as the weight begins to shift toward measures that are popular with voters and away from the party’s more common obstructionism. News of this historic investment in the country happened to come on the same day researchers Laura Wheaton, Linda Giannarelli, and Ilham Dehry of the Urban Institute think tank, established by the Lyndon Johnson administration to study the results of antipoverty laws passed during its years in power, published a study of the effects of the American Rescue Plan. That $1.9 trillion economic stimulus package, passed without a single Republican vote and signed into law by President Joe Biden on March 11, 2021, was projected to reduce the annual poverty rate to 8.7% for 2021—it had been 13.9% in 2018—and to cut child poverty by more than half. The new study shows that, in fact, the poverty rate for 2021 looks to be on track to hit 7.7%. The study’s authors project the 2021 poverty rate to be highest for Hispanic people (11.8%), non-Hispanic Asian American and Pacific Islanders (10.8%), and Black, non-Hispanic people (9.2%). For white, non-Hispanic people, the rate is projected to be 5.8%. The study pointed to federal stimulus checks as the more important piece of this development. Those checks alone raised 12.4 million people out of poverty. Taken all together, recent antipoverty measures reduced child poverty from 30.1% to 5.6%. For all that other issues are getting more dramatic headlines, the infrastructure bill marks a sea change from the past forty years of slashing government investment and regulation to the more traditional vision of a government that promotes the general welfare. The latter vision was behind the Rural Electrification Act that, more than eighty years later, still shapes the national economy. Getting today’s Republicans to sign onto such a measure would be momentous indeed. —- Notes: https://www.npr.org/2021/07/28/1021768174/bipartisan-senate-negotiators-say-they-reach-a-deal-on-infrastructure-after-hicc https://www.washingtonpost.com/politics/senators-white-house-in-talks-to-finish-infrastructure-bill/2021/07/27/6f22d026-ee9b-11eb-81b2-9b7061a582d8_story.html ​​ https://thehill.com/opinion/finance/564860-public-private-partnerships-key-to-providing-high-quality-broadband-to-all https://www.urban.org/research/publication/2021-poverty-projections-assessing-impact-benefits-and-stimulus-measures Share",,2021-07-28,7,2021,209
